JvmtiExport can_access_local_variables 0
JvmtiExport can_hotswap_or_post_breakpoint 0
JvmtiExport can_post_on_exceptions 0
# 632 ciObject found
instanceKlass org/apache/maven/model/interpolation/StringVisitorModelInterpolator$ModelVisitor
ciInstanceKlass java/lang/Cloneable 1 0 7 100 1 100 1 1 1
instanceKlass org/eclipse/aether/repository/Authentication
instanceKlass javax/annotation/Nullable
instanceKlass org/codehaus/plexus/util/MatchPatterns
instanceKlass org/codehaus/plexus/components/io/fileselectors/IncludeExcludeFileSelector
instanceKlass org/apache/maven/doxia/module/site/manager/DefaultSiteModuleManager
instanceKlass org/apache/maven/doxia/util/LineBreaker
instanceKlass org/codehaus/plexus/components/interactivity/DefaultPrompter
instanceKlass org/apache/maven/doxia/parser/manager/DefaultParserManager
instanceKlass org/codehaus/plexus/components/interactivity/DefaultOutputHandler
instanceKlass org/sonatype/plexus/components/sec/dispatcher/model/SettingsSecurity
instanceKlass org/apache/maven/doxia/index/IndexEntry
instanceKlass org/sonatype/plexus/components/cipher/PBECipher
instanceKlass org/apache/maven/shared/dependency/graph/internal/Maven31DependencyGraphBuilder
instanceKlass org/apache/maven/doxia/site/decoration/inheritance/DefaultDecorationModelInheritanceAssembler$URLContainer
instanceKlass org/apache/maven/doxia/site/decoration/Banner
instanceKlass org/apache/maven/doxia/site/decoration/LinkItem
instanceKlass org/apache/maven/doxia/site/decoration/inheritance/DefaultDecorationModelInheritanceAssembler
instanceKlass org/codehaus/plexus/archiver/filters/JarSecurityFileSelector
instanceKlass org/apache/maven/shared/dependency/tree/DependencyTree
instanceKlass org/apache/maven/shared/dependency/tree/traversal/DependencyNodeVisitor
instanceKlass org/apache/maven/doxia/site/decoration/DecorationModel
instanceKlass org/apache/maven/doxia/siterenderer/SiteRenderingContext
instanceKlass org/apache/velocity/context/Context
instanceKlass org/codehaus/plexus/archiver/tar/TarArchiver$TarOptions
instanceKlass org/apache/maven/doxia/macro/AbstractMacro
instanceKlass org/codehaus/plexus/archiver/manager/DefaultArchiverManager
instanceKlass javax/annotation/WillNotClose
instanceKlass org/apache/maven/doxia/module/site/AbstractSiteModule
instanceKlass org/codehaus/plexus/components/io/attributes/PlexusIoResourceAttributes
instanceKlass org/codehaus/plexus/components/io/functions/InputStreamSupplier
instanceKlass org/codehaus/plexus/components/io/resources/PlexusIoCompressedFileResourceCollection
instanceKlass org/apache/maven/doxia/module/xhtml/decoration/render/RenderingContext
instanceKlass org/apache/maven/doxia/sink/SinkAdapter
instanceKlass org/apache/maven/doxia/module/xhtml/XhtmlMarkup
instanceKlass org/apache/maven/shared/dependency/tree/DependencyNode
instanceKlass org/apache/maven/shared/dependency/graph/internal/Maven2DependencyGraphBuilder
instanceKlass org/codehaus/plexus/components/io/filemappers/AbstractFileMapper
instanceKlass org/apache/maven/doxia/module/xdoc/XdocMarkup
instanceKlass org/apache/maven/doxia/markup/XmlMarkup
instanceKlass org/apache/maven/doxia/module/apt/AptSource
instanceKlass org/apache/maven/doxia/module/apt/AptParser$Block
instanceKlass org/apache/maven/doxia/macro/MacroRequest
instanceKlass org/apache/maven/doxia/parser/AbstractParser
instanceKlass org/apache/maven/doxia/module/apt/AptMarkup
instanceKlass org/apache/maven/doxia/markup/TextMarkup
instanceKlass org/apache/maven/doxia/markup/Markup
instanceKlass javax/annotation/meta/TypeQualifier
instanceKlass javax/annotation/Nonnull
instanceKlass org/codehaus/plexus/archiver/ArchiveEntry
instanceKlass org/codehaus/plexus/archiver/FileSet
instanceKlass org/codehaus/plexus/archiver/ArchivedFileSet
instanceKlass org/codehaus/plexus/archiver/BaseFileSet
instanceKlass org/codehaus/plexus/archiver/ResourceIterator
instanceKlass org/apache/velocity/runtime/RuntimeServices
instanceKlass org/apache/velocity/runtime/RuntimeLogger
instanceKlass org/apache/velocity/app/VelocityEngine
instanceKlass org/apache/velocity/runtime/RuntimeConstants
instanceKlass org/apache/velocity/runtime/log/LogSystem
instanceKlass org/apache/maven/doxia/DefaultDoxia
instanceKlass org/codehaus/plexus/archiver/tar/TarFile
instanceKlass org/codehaus/plexus/archiver/ArchiveFile
instanceKlass org/codehaus/plexus/components/io/functions/InputStreamTransformer
instanceKlass org/codehaus/plexus/components/io/resources/AbstractPlexusIoResourceCollection
instanceKlass org/codehaus/plexus/components/io/resources/PlexusIoArchivedResourceCollection
instanceKlass org/codehaus/plexus/components/io/fileselectors/AllFilesFileSelector
instanceKlass org/apache/commons/compress/archivers/ArchiveEntry
instanceKlass org/apache/commons/compress/archivers/zip/ZipFile
instanceKlass org/apache/maven/shared/dependency/graph/internal/Maven3DependencyGraphBuilder
instanceKlass org/apache/maven/doxia/macro/manager/DefaultMacroManager
instanceKlass org/apache/commons/compress/compressors/bzip2/BZip2Constants
instanceKlass org/codehaus/plexus/archiver/ArchiveFinalizer
instanceKlass org/codehaus/plexus/components/io/resources/PlexusIoResource
instanceKlass org/codehaus/plexus/archiver/util/FilterSupport
instanceKlass org/codehaus/plexus/components/io/fileselectors/FileInfo
instanceKlass org/codehaus/plexus/archiver/FilterEnabled
instanceKlass org/codehaus/plexus/archiver/FinalizerEnabled
instanceKlass org/apache/maven/doxia/module/fml/model/Faqs
instanceKlass org/apache/maven/doxia/module/fml/FmlParser
instanceKlass org/codehaus/doxia/sink/Sink
instanceKlass org/apache/felix/bundlerepository/impl/ResourceImpl
instanceKlass org/apache/felix/bundlerepository/Repository
instanceKlass org/apache/felix/bundlerepository/Resource
instanceKlass org/apache/felix/bundleplugin/BundleInfo
instanceKlass org/codehaus/plexus/util/Scanner
instanceKlass org/apache/felix/obrplugin/RemoteFileManager
instanceKlass aQute/bnd/osgi/Instructions
instanceKlass org/apache/maven/shared/dependency/graph/DependencyNode
instanceKlass org/apache/maven/archiver/MavenArchiveConfiguration
instanceKlass aQute/bnd/osgi/Resource
instanceKlass aQute/bnd/osgi/Domain
instanceKlass aQute/bnd/osgi/Constants
instanceKlass aQute/bnd/service/Registry
instanceKlass org/apache/maven/shared/osgi/Maven2OsgiConverter
instanceKlass org/codehaus/plexus/util/xml/XMLWriter
instanceKlass aQute/bnd/service/diff/Diff
instanceKlass aQute/bnd/osgi/Jar
instanceKlass org/apache/felix/bundleplugin/baseline/DiffMessage
instanceKlass aQute/bnd/version/Version
instanceKlass aQute/bnd/service/diff/Differ
instanceKlass aQute/service/reporter/Reporter
instanceKlass aQute/service/reporter/Report
instanceKlass org/apache/felix/obrplugin/ObrUpdate
instanceKlass org/apache/maven/doxia/module/site/SiteModule
instanceKlass org/apache/maven/doxia/sink/Sink
instanceKlass org/apache/maven/doxia/parser/Parser
instanceKlass org/apache/maven/doxia/site/decoration/inheritance/DecorationModelInheritanceAssembler
instanceKlass org/codehaus/plexus/i18n/I18N
instanceKlass org/apache/maven/doxia/parser/manager/ParserManager
instanceKlass org/apache/maven/doxia/module/site/manager/SiteModuleManager
instanceKlass org/apache/maven/doxia/macro/manager/MacroManager
instanceKlass org/apache/maven/doxia/macro/Macro
instanceKlass org/apache/maven/doxia/Doxia
instanceKlass org/apache/maven/doxia/siterenderer/Renderer
instanceKlass org/codehaus/plexus/velocity/VelocityComponent
instanceKlass org/sonatype/plexus/build/incremental/BuildContext
instanceKlass org/apache/maven/shared/dependency/graph/DependencyGraphBuilder
instanceKlass org/apache/maven/shared/dependency/tree/DependencyTreeBuilder
instanceKlass org/codehaus/plexus/components/io/filemappers/FileMapper
instanceKlass org/codehaus/plexus/components/io/resources/PlexusIoResourceCollection
instanceKlass org/codehaus/plexus/components/io/fileselectors/FileSelector
instanceKlass org/codehaus/plexus/archiver/manager/ArchiverManager
instanceKlass org/codehaus/plexus/archiver/UnArchiver
instanceKlass org/codehaus/plexus/archiver/Archiver
instanceKlass org/sonatype/plexus/components/cipher/PlexusCipher
instanceKlass org/sonatype/plexus/components/sec/dispatcher/SecDispatcher
instanceKlass org/codehaus/plexus/components/interactivity/Prompter
instanceKlass org/codehaus/plexus/components/interactivity/OutputHandler
instanceKlass org/codehaus/plexus/components/interactivity/InputHandler
instanceKlass org/apache/maven/reporting/MavenReport
instanceKlass org/codehaus/plexus/archiver/manager/DefaultArchiverManager
instanceKlass org/apache/maven/doxia/util/LineBreaker
instanceKlass org/apache/maven/doxia/module/xdoc/XdocMarkup
instanceKlass org/codehaus/plexus/components/interactivity/DefaultPrompter
instanceKlass org/codehaus/plexus/components/interactivity/DefaultOutputHandler
instanceKlass org/codehaus/plexus/archiver/filters/JarSecurityFileSelector
instanceKlass org/apache/maven/doxia/parser/manager/DefaultParserManager
instanceKlass org/apache/maven/doxia/module/fml/model/Faqs
instanceKlass org/apache/maven/doxia/module/fml/FmlParser
instanceKlass org/sonatype/plexus/components/sec/dispatcher/model/SettingsSecurity
instanceKlass javax/annotation/WillNotClose
instanceKlass org/apache/maven/doxia/DefaultDoxia
instanceKlass org/apache/maven/doxia/macro/manager/DefaultMacroManager
instanceKlass org/apache/maven/shared/dependency/graph/internal/Maven2DependencyGraphBuilder
instanceKlass org/apache/maven/shared/dependency/graph/internal/Maven3DependencyGraphBuilder
instanceKlass org/codehaus/plexus/components/io/filemappers/AbstractFileMapper
instanceKlass org/codehaus/plexus/archiver/tar/TarArchiver$TarOptions
instanceKlass org/apache/maven/shared/dependency/tree/DependencyTree
instanceKlass org/apache/maven/shared/dependency/tree/DependencyNode
instanceKlass org/apache/maven/shared/dependency/tree/traversal/DependencyNodeVisitor
instanceKlass org/apache/maven/doxia/module/apt/AptSource
instanceKlass org/apache/maven/doxia/module/apt/AptParser$Block
instanceKlass org/apache/maven/doxia/module/apt/AptMarkup
instanceKlass org/apache/maven/doxia/markup/TextMarkup
instanceKlass org/apache/velocity/runtime/RuntimeServices
instanceKlass org/apache/velocity/runtime/RuntimeLogger
instanceKlass org/apache/velocity/app/VelocityEngine
instanceKlass org/apache/velocity/runtime/RuntimeConstants
instanceKlass org/apache/velocity/runtime/log/LogSystem
instanceKlass org/apache/commons/compress/compressors/bzip2/BZip2Constants
instanceKlass org/apache/maven/doxia/module/site/AbstractSiteModule
instanceKlass org/apache/maven/doxia/index/IndexEntry
instanceKlass org/codehaus/plexus/archiver/tar/TarFile
instanceKlass org/codehaus/plexus/archiver/ArchiveFile
instanceKlass org/codehaus/plexus/components/io/fileselectors/AllFilesFileSelector
instanceKlass org/apache/maven/shared/dependency/graph/internal/Maven31DependencyGraphBuilder
instanceKlass org/apache/maven/doxia/macro/AbstractMacro
instanceKlass org/apache/maven/doxia/module/site/manager/DefaultSiteModuleManager
instanceKlass org/apache/maven/doxia/module/xhtml/decoration/render/RenderingContext
instanceKlass org/apache/maven/doxia/sink/SinkAdapter
instanceKlass org/apache/maven/doxia/siterenderer/SiteRenderingContext
instanceKlass org/apache/velocity/context/Context
instanceKlass org/apache/maven/doxia/site/decoration/inheritance/DefaultDecorationModelInheritanceAssembler$URLContainer
instanceKlass org/apache/maven/doxia/site/decoration/Banner
instanceKlass org/apache/maven/doxia/site/decoration/DecorationModel
instanceKlass org/apache/maven/doxia/site/decoration/LinkItem
instanceKlass org/apache/maven/doxia/site/decoration/inheritance/DefaultDecorationModelInheritanceAssembler
instanceKlass org/apache/maven/doxia/macro/MacroRequest
instanceKlass org/apache/maven/doxia/parser/AbstractParser
instanceKlass org/apache/maven/doxia/module/xhtml/XhtmlMarkup
instanceKlass org/apache/maven/doxia/markup/XmlMarkup
instanceKlass org/apache/maven/doxia/markup/Markup
instanceKlass org/codehaus/plexus/components/io/functions/InputStreamSupplier
instanceKlass org/codehaus/plexus/components/io/resources/PlexusIoCompressedFileResourceCollection
instanceKlass org/codehaus/plexus/components/io/resources/PlexusIoArchivedResourceCollection
instanceKlass org/apache/commons/compress/archivers/zip/ZipFile
instanceKlass org/apache/commons/compress/archivers/ArchiveEntry
instanceKlass javax/annotation/meta/TypeQualifier
instanceKlass org/codehaus/plexus/archiver/ArchiveEntry
instanceKlass org/codehaus/plexus/archiver/FileSet
instanceKlass org/codehaus/plexus/archiver/ArchivedFileSet
instanceKlass org/codehaus/plexus/archiver/BaseFileSet
instanceKlass org/codehaus/plexus/archiver/util/FilterSupport
instanceKlass org/codehaus/plexus/archiver/ResourceIterator
instanceKlass org/codehaus/plexus/archiver/ArchiveFinalizer
instanceKlass org/codehaus/plexus/archiver/FinalizerEnabled
instanceKlass org/codehaus/plexus/archiver/FilterEnabled
instanceKlass org/codehaus/plexus/components/io/attributes/PlexusIoResourceAttributes
instanceKlass org/codehaus/plexus/components/io/resources/PlexusIoResource
instanceKlass org/codehaus/plexus/components/io/functions/InputStreamTransformer
instanceKlass org/codehaus/plexus/components/io/resources/AbstractPlexusIoResourceCollection
instanceKlass javax/annotation/Nonnull
instanceKlass javax/annotation/Nullable
instanceKlass org/codehaus/plexus/components/io/fileselectors/FileInfo
instanceKlass org/codehaus/plexus/util/MatchPatterns
instanceKlass org/codehaus/plexus/components/io/fileselectors/IncludeExcludeFileSelector
instanceKlass org/sonatype/plexus/components/cipher/PBECipher
instanceKlass org/codehaus/doxia/sink/Sink
instanceKlass org/codehaus/plexus/util/xml/XMLWriter
instanceKlass aQute/bnd/service/diff/Diff
instanceKlass org/apache/felix/bundleplugin/baseline/DiffMessage
instanceKlass aQute/bnd/version/Version
instanceKlass aQute/bnd/service/diff/Differ
instanceKlass org/apache/felix/obrplugin/RemoteFileManager
instanceKlass org/apache/felix/obrplugin/ObrUpdate
instanceKlass org/apache/felix/bundlerepository/impl/ResourceImpl
instanceKlass org/apache/felix/bundlerepository/Repository
instanceKlass org/apache/felix/bundlerepository/Resource
instanceKlass org/apache/felix/bundleplugin/BundleInfo
instanceKlass org/codehaus/plexus/util/Scanner
instanceKlass aQute/bnd/osgi/Instructions
instanceKlass aQute/bnd/osgi/Jar
instanceKlass org/apache/maven/shared/dependency/graph/DependencyNode
instanceKlass org/apache/maven/archiver/MavenArchiveConfiguration
instanceKlass aQute/bnd/osgi/Resource
instanceKlass aQute/bnd/osgi/Domain
instanceKlass aQute/bnd/osgi/Constants
instanceKlass aQute/bnd/service/Registry
instanceKlass aQute/service/reporter/Reporter
instanceKlass aQute/service/reporter/Report
instanceKlass org/apache/maven/shared/osgi/Maven2OsgiConverter
instanceKlass org/apache/maven/doxia/module/site/SiteModule
instanceKlass org/apache/maven/doxia/sink/Sink
instanceKlass org/apache/maven/doxia/parser/Parser
instanceKlass org/apache/maven/doxia/site/decoration/inheritance/DecorationModelInheritanceAssembler
instanceKlass org/codehaus/plexus/i18n/I18N
instanceKlass org/apache/maven/doxia/parser/manager/ParserManager
instanceKlass org/apache/maven/doxia/module/site/manager/SiteModuleManager
instanceKlass org/apache/maven/doxia/macro/manager/MacroManager
instanceKlass org/apache/maven/doxia/macro/Macro
instanceKlass org/apache/maven/doxia/Doxia
instanceKlass org/apache/maven/doxia/siterenderer/Renderer
instanceKlass org/codehaus/plexus/velocity/VelocityComponent
instanceKlass org/sonatype/plexus/build/incremental/BuildContext
instanceKlass org/apache/maven/shared/dependency/graph/DependencyGraphBuilder
instanceKlass org/apache/maven/shared/dependency/tree/DependencyTreeBuilder
instanceKlass org/codehaus/plexus/components/io/filemappers/FileMapper
instanceKlass org/codehaus/plexus/components/io/resources/PlexusIoResourceCollection
instanceKlass org/codehaus/plexus/components/io/fileselectors/FileSelector
instanceKlass org/codehaus/plexus/archiver/manager/ArchiverManager
instanceKlass org/codehaus/plexus/archiver/UnArchiver
instanceKlass org/codehaus/plexus/archiver/Archiver
instanceKlass org/sonatype/plexus/components/cipher/PlexusCipher
instanceKlass org/sonatype/plexus/components/sec/dispatcher/SecDispatcher
instanceKlass org/codehaus/plexus/components/interactivity/Prompter
instanceKlass org/codehaus/plexus/components/interactivity/OutputHandler
instanceKlass org/codehaus/plexus/components/interactivity/InputHandler
instanceKlass org/apache/maven/reporting/MavenReport
instanceKlass org/sonatype/nexus/client/rest/jersey/subsystem/JerseyUtilitiesSubsystemFactory$$FastClassByGuice$$360290402
instanceKlass org/sonatype/nexus/client/rest/jersey/subsystem/JerseyServerConfigurationFactory$$FastClassByGuice$$359507880
instanceKlass org/sonatype/nexus/client/rest/jersey/subsystem/JerseyArtifactMavenSubsystemFactory$$FastClassByGuice$$358345481
instanceKlass org/sonatype/nexus/client/rest/jersey/subsystem/JerseyContentSubsystemFactory$$FastClassByGuice$$357454194
instanceKlass org/sonatype/nexus/client/rest/jersey/JerseyNexusClientFactory$$FastClassByGuice$$356330072
instanceKlass org/sonatype/nexus/client/core/subsystem/Utilities
instanceKlass org/sonatype/nexus/client/core/subsystem/ServerConfiguration
instanceKlass org/sonatype/nexus/client/core/subsystem/artifact/ArtifactMaven
instanceKlass org/sonatype/nexus/client/core/subsystem/content/Content
instanceKlass com/thoughtworks/xstream/XStream
instanceKlass javax/ws/rs/core/MediaType
instanceKlass com/sun/jersey/client/apache4/config/ApacheHttpClient4Config
instanceKlass com/sun/jersey/api/client/config/ClientConfig
instanceKlass com/sun/jersey/core/util/FeaturesAndProperties
instanceKlass com/sun/jersey/api/client/filter/Filterable
instanceKlass com/sun/jersey/api/client/ClientHandler
instanceKlass org/sonatype/nexus/client/rest/ConnectionInfo
instanceKlass org/sonatype/nexus/client/rest/BaseUrl
instanceKlass org/sonatype/nexus/client/core/Condition
instanceKlass org/sonatype/nexus/client/internal/rest/AbstractNexusClient
instanceKlass org/sonatype/plexus/components/cipher/PBECipher
instanceKlass org/sonatype/plexus/components/cipher/shaded/PBECipher
instanceKlass org/sonatype/plexus/components/sec/dispatcher/shaded/model/SettingsSecurity
instanceKlass org/sonatype/nexus/maven/staging/zapper/ZapperRequest
instanceKlass org/sonatype/spice/zapper/IOSourceListable
instanceKlass org/sonatype/spice/zapper/IOSource
instanceKlass org/sonatype/spice/zapper/Client
instanceKlass org/apache/http/client/CredentialsProvider
instanceKlass org/apache/http/auth/Credentials
instanceKlass org/sonatype/nexus/maven/staging/zapper/ZapperImpl
instanceKlass org/sonatype/nexus/maven/staging/deploy/strategy/AbstractDeployRequest
instanceKlass org/sonatype/nexus/maven/staging/deploy/StagingRepository
instanceKlass com/sonatype/nexus/staging/client/Profile
instanceKlass org/sonatype/nexus/maven/staging/deploy/strategy/Remoting
instanceKlass org/sonatype/nexus/maven/staging/deploy/strategy/Parameters
instanceKlass com/sonatype/nexus/staging/client/StagingWorkflowV2Service
instanceKlass com/sonatype/nexus/staging/client/StagingWorkflowV1Service
instanceKlass org/sonatype/nexus/client/core/NexusClient
instanceKlass org/sonatype/nexus/client/rest/AuthenticationInfo
instanceKlass org/sonatype/nexus/client/rest/jersey/subsystem/JerseyUtilitiesSubsystemFactory
instanceKlass org/sonatype/nexus/client/rest/jersey/subsystem/JerseyServerConfigurationFactory
instanceKlass org/sonatype/nexus/client/rest/jersey/subsystem/JerseyArtifactMavenSubsystemFactory
instanceKlass org/sonatype/nexus/client/rest/jersey/subsystem/JerseyContentSubsystemFactory
instanceKlass org/sonatype/nexus/client/core/spi/SubsystemFactory
instanceKlass org/sonatype/nexus/client/internal/rest/AbstractNexusClientFactory
instanceKlass org/sonatype/nexus/client/rest/NexusClientFactory
instanceKlass org/sonatype/plexus/components/cipher/PlexusCipher
instanceKlass org/sonatype/nexus/maven/staging/zapper/Zapper
instanceKlass org/sonatype/nexus/maven/staging/deploy/strategy/DeployStrategy
instanceKlass org/sonatype/plexus/components/cipher/shaded/PlexusCipher
instanceKlass org/sonatype/plexus/components/sec/dispatcher/SecDispatcher
instanceKlass org/apache/commons/httpclient/Credentials
instanceKlass org/apache/webdav/lib/WebdavSession
instanceKlass org/apache/commons/httpclient/URI
instanceKlass org/apache/maven/doxia/DefaultDoxia
instanceKlass org/apache/maven/doxia/index/IndexEntry
instanceKlass org/apache/maven/doxia/macro/manager/DefaultMacroManager
instanceKlass org/sonatype/plexus/components/cipher/PBECipher
instanceKlass org/codehaus/plexus/archiver/tar/TarArchiver$TarOptions
instanceKlass org/apache/maven/doxia/parser/manager/DefaultParserManager
instanceKlass org/apache/maven/doxia/module/site/manager/DefaultSiteModuleManager
instanceKlass org/codehaus/plexus/archiver/filters/JarSecurityFileSelector
instanceKlass org/apache/maven/doxia/module/fml/model/Faqs
instanceKlass org/apache/maven/doxia/module/fml/FmlParser
instanceKlass org/codehaus/plexus/components/io/fileselectors/AllFilesFileSelector
instanceKlass javax/annotation/WillNotClose
instanceKlass org/apache/velocity/runtime/RuntimeServices
instanceKlass org/apache/velocity/runtime/RuntimeLogger
instanceKlass org/apache/velocity/app/VelocityEngine
instanceKlass org/apache/velocity/runtime/RuntimeConstants
instanceKlass org/apache/velocity/runtime/log/LogSystem
instanceKlass org/apache/maven/doxia/siterenderer/SiteRenderingContext
instanceKlass org/apache/velocity/context/Context
instanceKlass org/apache/maven/doxia/site/decoration/inheritance/DefaultDecorationModelInheritanceAssembler$URLContainer
instanceKlass org/apache/maven/doxia/site/decoration/Banner
instanceKlass org/apache/maven/doxia/site/decoration/DecorationModel
instanceKlass org/apache/maven/doxia/site/decoration/LinkItem
instanceKlass org/apache/maven/doxia/site/decoration/inheritance/DefaultDecorationModelInheritanceAssembler
instanceKlass org/apache/maven/doxia/module/apt/AptSource
instanceKlass org/apache/maven/doxia/module/apt/AptParser$Block
instanceKlass org/apache/maven/doxia/module/apt/AptMarkup
instanceKlass org/apache/maven/doxia/markup/TextMarkup
instanceKlass org/codehaus/plexus/archiver/manager/DefaultArchiverManager
instanceKlass org/apache/maven/doxia/module/xhtml/decoration/render/RenderingContext
instanceKlass org/codehaus/plexus/archiver/ArchiveEntry
instanceKlass org/codehaus/plexus/archiver/FileSet
instanceKlass org/codehaus/plexus/archiver/ArchivedFileSet
instanceKlass org/codehaus/plexus/archiver/BaseFileSet
instanceKlass org/codehaus/plexus/archiver/ResourceIterator
instanceKlass javax/annotation/Nullable
instanceKlass org/codehaus/plexus/util/MatchPatterns
instanceKlass org/codehaus/plexus/components/io/fileselectors/IncludeExcludeFileSelector
instanceKlass org/codehaus/plexus/components/io/filemappers/AbstractFileMapper
instanceKlass org/apache/maven/doxia/module/site/AbstractSiteModule
instanceKlass org/apache/commons/compress/compressors/bzip2/BZip2Constants
instanceKlass javax/annotation/meta/TypeQualifier
instanceKlass javax/annotation/Nonnull
instanceKlass org/codehaus/plexus/components/io/attributes/PlexusIoResourceAttributes
instanceKlass org/codehaus/plexus/components/io/functions/InputStreamSupplier
instanceKlass org/codehaus/plexus/components/io/resources/PlexusIoCompressedFileResourceCollection
instanceKlass org/sonatype/plexus/components/sec/dispatcher/model/SettingsSecurity
instanceKlass org/codehaus/plexus/archiver/tar/TarFile
instanceKlass org/codehaus/plexus/archiver/ArchiveFile
instanceKlass org/codehaus/plexus/components/io/functions/InputStreamTransformer
instanceKlass org/codehaus/plexus/components/io/resources/AbstractPlexusIoResourceCollection
instanceKlass org/codehaus/plexus/components/io/resources/PlexusIoArchivedResourceCollection
instanceKlass org/apache/maven/doxia/macro/AbstractMacro
instanceKlass org/apache/maven/shared/dependency/graph/DependencyNode
instanceKlass org/apache/maven/doxia/macro/MacroRequest
instanceKlass org/apache/maven/doxia/parser/AbstractParser
instanceKlass org/apache/maven/doxia/module/xhtml/XhtmlMarkup
instanceKlass org/apache/commons/compress/archivers/ArchiveEntry
instanceKlass org/apache/commons/compress/archivers/zip/ZipFile
instanceKlass org/codehaus/plexus/archiver/ArchiveFinalizer
instanceKlass org/codehaus/plexus/components/io/resources/PlexusIoResource
instanceKlass org/codehaus/plexus/archiver/util/FilterSupport
instanceKlass org/codehaus/plexus/components/io/fileselectors/FileInfo
instanceKlass org/codehaus/plexus/archiver/FilterEnabled
instanceKlass org/codehaus/plexus/archiver/FinalizerEnabled
instanceKlass org/apache/maven/doxia/util/LineBreaker
instanceKlass org/apache/maven/doxia/sink/SinkAdapter
instanceKlass org/apache/maven/doxia/module/xdoc/XdocMarkup
instanceKlass org/apache/maven/doxia/markup/XmlMarkup
instanceKlass org/apache/maven/doxia/markup/Markup
instanceKlass org/codehaus/plexus/util/xml/XMLWriter
instanceKlass org/apache/felix/bundlerepository/impl/ResourceImpl
instanceKlass org/apache/felix/bundlerepository/Repository
instanceKlass org/apache/felix/bundlerepository/Resource
instanceKlass org/apache/felix/bundleplugin/BundleInfo
instanceKlass org/codehaus/plexus/util/Scanner
instanceKlass org/apache/felix/obrplugin/RemoteFileManager
instanceKlass org/apache/felix/obrplugin/ObrUpdate
instanceKlass aQute/bnd/osgi/Instructions
instanceKlass org/apache/felix/bundleplugin/BundlePlugin$ClassPathItem
instanceKlass org/apache/maven/archiver/MavenArchiveConfiguration
instanceKlass aQute/bnd/osgi/Resource
instanceKlass aQute/bnd/osgi/Domain
instanceKlass aQute/bnd/osgi/Constants
instanceKlass aQute/bnd/service/Registry
instanceKlass org/apache/maven/shared/osgi/Maven2OsgiConverter
instanceKlass org/codehaus/doxia/sink/Sink
instanceKlass aQute/bnd/service/diff/Diff
instanceKlass aQute/bnd/osgi/Jar
instanceKlass org/apache/felix/bundleplugin/baseline/DiffMessage
instanceKlass aQute/bnd/version/Version
instanceKlass aQute/bnd/service/diff/Differ
instanceKlass aQute/service/reporter/Reporter
instanceKlass aQute/service/reporter/Report
instanceKlass org/apache/maven/doxia/module/site/SiteModule
instanceKlass org/apache/maven/doxia/sink/Sink
instanceKlass org/apache/maven/doxia/parser/Parser
instanceKlass org/apache/maven/doxia/site/decoration/inheritance/DecorationModelInheritanceAssembler
instanceKlass org/codehaus/plexus/i18n/I18N
instanceKlass org/apache/maven/doxia/parser/manager/ParserManager
instanceKlass org/apache/maven/doxia/module/site/manager/SiteModuleManager
instanceKlass org/apache/maven/doxia/macro/manager/MacroManager
instanceKlass org/apache/maven/doxia/macro/Macro
instanceKlass org/apache/maven/doxia/Doxia
instanceKlass org/apache/maven/doxia/siterenderer/Renderer
instanceKlass org/codehaus/plexus/velocity/VelocityComponent
instanceKlass org/sonatype/plexus/build/incremental/BuildContext
instanceKlass org/apache/maven/shared/dependency/graph/DependencyGraphBuilder
instanceKlass org/codehaus/plexus/components/io/filemappers/FileMapper
instanceKlass org/codehaus/plexus/components/io/resources/PlexusIoResourceCollection
instanceKlass org/codehaus/plexus/components/io/fileselectors/FileSelector
instanceKlass org/codehaus/plexus/archiver/manager/ArchiverManager
instanceKlass org/codehaus/plexus/archiver/UnArchiver
instanceKlass org/codehaus/plexus/archiver/Archiver
instanceKlass org/sonatype/plexus/components/cipher/PlexusCipher
instanceKlass org/sonatype/plexus/components/sec/dispatcher/SecDispatcher
instanceKlass org/apache/maven/reporting/MavenReport
instanceKlass org/codehaus/plexus/archiver/tar/TarArchiver$TarOptions
instanceKlass org/apache/maven/doxia/DefaultDoxia
instanceKlass org/apache/maven/doxia/module/apt/AptSource
instanceKlass org/apache/maven/doxia/module/apt/AptParser$Block
instanceKlass org/apache/maven/doxia/module/apt/AptMarkup
instanceKlass org/apache/maven/doxia/markup/TextMarkup
instanceKlass org/apache/maven/shared/dependency/graph/internal/Maven3DependencyGraphBuilder
instanceKlass javax/annotation/WillNotClose
instanceKlass org/codehaus/plexus/components/interactivity/DefaultPrompter
instanceKlass org/sonatype/plexus/components/cipher/PBECipher
instanceKlass org/apache/maven/shared/dependency/graph/internal/Maven2DependencyGraphBuilder
instanceKlass org/apache/maven/doxia/module/site/manager/DefaultSiteModuleManager
instanceKlass org/apache/maven/doxia/parser/manager/DefaultParserManager
instanceKlass org/apache/maven/doxia/index/IndexEntry
instanceKlass org/apache/maven/doxia/module/xhtml/decoration/render/RenderingContext
instanceKlass org/apache/maven/doxia/siterenderer/SiteRenderingContext
instanceKlass org/apache/velocity/context/Context
instanceKlass org/codehaus/plexus/components/io/functions/InputStreamSupplier
instanceKlass org/codehaus/plexus/components/io/resources/PlexusIoCompressedFileResourceCollection
instanceKlass org/codehaus/plexus/archiver/filters/JarSecurityFileSelector
instanceKlass org/codehaus/plexus/components/io/fileselectors/AllFilesFileSelector
instanceKlass org/apache/maven/shared/dependency/graph/internal/Maven31DependencyGraphBuilder
instanceKlass org/apache/maven/doxia/module/site/AbstractSiteModule
instanceKlass org/apache/maven/doxia/module/xhtml/XhtmlMarkup
instanceKlass org/apache/maven/doxia/util/LineBreaker
instanceKlass org/apache/maven/doxia/sink/SinkAdapter
instanceKlass org/apache/velocity/runtime/RuntimeServices
instanceKlass org/apache/velocity/runtime/RuntimeLogger
instanceKlass org/apache/velocity/app/VelocityEngine
instanceKlass org/apache/velocity/runtime/RuntimeConstants
instanceKlass org/apache/velocity/runtime/log/LogSystem
instanceKlass org/apache/maven/doxia/macro/AbstractMacro
instanceKlass javax/annotation/Nullable
instanceKlass org/codehaus/plexus/util/MatchPatterns
instanceKlass org/codehaus/plexus/components/io/fileselectors/IncludeExcludeFileSelector
instanceKlass org/apache/commons/compress/compressors/bzip2/BZip2Constants
instanceKlass org/apache/maven/shared/dependency/tree/DependencyTree
instanceKlass org/apache/maven/shared/dependency/tree/DependencyNode
instanceKlass org/apache/maven/shared/dependency/tree/traversal/DependencyNodeVisitor
instanceKlass org/apache/maven/doxia/macro/manager/DefaultMacroManager
instanceKlass org/sonatype/plexus/components/sec/dispatcher/model/SettingsSecurity
instanceKlass org/codehaus/plexus/archiver/manager/DefaultArchiverManager
instanceKlass org/codehaus/plexus/components/io/attributes/PlexusIoResourceAttributes
instanceKlass org/apache/maven/doxia/module/fml/model/Faqs
instanceKlass org/apache/maven/doxia/module/fml/FmlParser
instanceKlass org/codehaus/plexus/archiver/tar/TarFile
instanceKlass org/codehaus/plexus/archiver/ArchiveFile
instanceKlass org/codehaus/plexus/components/io/functions/InputStreamTransformer
instanceKlass org/codehaus/plexus/components/io/resources/AbstractPlexusIoResourceCollection
instanceKlass org/codehaus/plexus/components/io/resources/PlexusIoArchivedResourceCollection
instanceKlass org/apache/maven/doxia/site/decoration/inheritance/DefaultDecorationModelInheritanceAssembler$URLContainer
instanceKlass org/apache/maven/doxia/site/decoration/Banner
instanceKlass org/apache/maven/doxia/site/decoration/DecorationModel
instanceKlass org/apache/maven/doxia/site/decoration/LinkItem
instanceKlass org/apache/maven/doxia/site/decoration/inheritance/DefaultDecorationModelInheritanceAssembler
instanceKlass org/codehaus/plexus/archiver/ArchiveEntry
instanceKlass org/codehaus/plexus/archiver/FileSet
instanceKlass org/codehaus/plexus/archiver/ArchivedFileSet
instanceKlass org/codehaus/plexus/archiver/BaseFileSet
instanceKlass org/codehaus/plexus/archiver/ResourceIterator
instanceKlass org/codehaus/plexus/components/interactivity/DefaultOutputHandler
instanceKlass javax/annotation/meta/TypeQualifier
instanceKlass javax/annotation/Nonnull
instanceKlass org/codehaus/plexus/components/io/filemappers/AbstractFileMapper
instanceKlass org/apache/commons/compress/archivers/ArchiveEntry
instanceKlass org/apache/commons/compress/archivers/zip/ZipFile
instanceKlass org/codehaus/plexus/archiver/ArchiveFinalizer
instanceKlass org/codehaus/plexus/components/io/resources/PlexusIoResource
instanceKlass org/codehaus/plexus/archiver/util/FilterSupport
instanceKlass org/codehaus/plexus/components/io/fileselectors/FileInfo
instanceKlass org/codehaus/plexus/archiver/FilterEnabled
instanceKlass org/codehaus/plexus/archiver/FinalizerEnabled
instanceKlass org/apache/maven/doxia/macro/MacroRequest
instanceKlass org/apache/maven/doxia/parser/AbstractParser
instanceKlass org/apache/maven/doxia/module/xdoc/XdocMarkup
instanceKlass org/apache/maven/doxia/markup/XmlMarkup
instanceKlass org/apache/maven/doxia/markup/Markup
instanceKlass org/apache/felix/bundlerepository/impl/ResourceImpl
instanceKlass org/apache/felix/bundlerepository/Repository
instanceKlass org/apache/felix/bundlerepository/Resource
instanceKlass org/apache/felix/obrplugin/ObrUpdate
instanceKlass org/codehaus/plexus/util/xml/XMLWriter
instanceKlass org/codehaus/doxia/sink/Sink
instanceKlass aQute/bnd/service/diff/Diff
instanceKlass org/apache/felix/bundleplugin/baseline/DiffMessage
instanceKlass aQute/bnd/version/Version
instanceKlass aQute/bnd/service/diff/Differ
instanceKlass org/apache/felix/bundleplugin/BundleInfo
instanceKlass org/codehaus/plexus/util/Scanner
instanceKlass aQute/bnd/osgi/Instructions
instanceKlass aQute/bnd/osgi/Jar
instanceKlass org/apache/maven/shared/dependency/graph/DependencyNode
instanceKlass org/apache/maven/archiver/MavenArchiveConfiguration
instanceKlass aQute/bnd/osgi/Resource
instanceKlass aQute/bnd/osgi/Domain
instanceKlass aQute/bnd/osgi/Constants
instanceKlass aQute/bnd/service/Registry
instanceKlass aQute/service/reporter/Reporter
instanceKlass aQute/service/reporter/Report
instanceKlass org/apache/maven/shared/osgi/Maven2OsgiConverter
instanceKlass org/apache/felix/obrplugin/RemoteFileManager
instanceKlass org/apache/maven/doxia/module/site/SiteModule
instanceKlass org/apache/maven/doxia/sink/Sink
instanceKlass org/apache/maven/doxia/parser/Parser
instanceKlass org/apache/maven/doxia/site/decoration/inheritance/DecorationModelInheritanceAssembler
instanceKlass org/codehaus/plexus/i18n/I18N
instanceKlass org/apache/maven/doxia/parser/manager/ParserManager
instanceKlass org/apache/maven/doxia/module/site/manager/SiteModuleManager
instanceKlass org/apache/maven/doxia/macro/manager/MacroManager
instanceKlass org/apache/maven/doxia/macro/Macro
instanceKlass org/apache/maven/doxia/Doxia
instanceKlass org/apache/maven/doxia/siterenderer/Renderer
instanceKlass org/codehaus/plexus/velocity/VelocityComponent
instanceKlass org/sonatype/plexus/build/incremental/BuildContext
instanceKlass org/apache/maven/shared/dependency/graph/DependencyGraphBuilder
instanceKlass org/apache/maven/shared/dependency/tree/DependencyTreeBuilder
instanceKlass org/codehaus/plexus/components/io/filemappers/FileMapper
instanceKlass org/codehaus/plexus/components/io/resources/PlexusIoResourceCollection
instanceKlass org/codehaus/plexus/components/io/fileselectors/FileSelector
instanceKlass org/codehaus/plexus/archiver/manager/ArchiverManager
instanceKlass org/codehaus/plexus/archiver/UnArchiver
instanceKlass org/codehaus/plexus/archiver/Archiver
instanceKlass org/sonatype/plexus/components/cipher/PlexusCipher
instanceKlass org/sonatype/plexus/components/sec/dispatcher/SecDispatcher
instanceKlass org/codehaus/plexus/components/interactivity/Prompter
instanceKlass org/codehaus/plexus/components/interactivity/OutputHandler
instanceKlass org/codehaus/plexus/components/interactivity/InputHandler
instanceKlass org/apache/maven/reporting/MavenReport
instanceKlass org/apache/maven/shared/dependency/tree/DependencyTree
instanceKlass org/apache/maven/shared/dependency/tree/traversal/DependencyNodeVisitor
instanceKlass org/apache/maven/doxia/siterenderer/SiteRenderingContext
instanceKlass org/apache/velocity/context/Context
instanceKlass org/apache/maven/doxia/module/xhtml/decoration/render/RenderingContext
instanceKlass org/apache/maven/doxia/module/xhtml/XhtmlMarkup
instanceKlass org/codehaus/plexus/components/io/fileselectors/IncludeExcludeFileSelector
instanceKlass org/sonatype/plexus/components/cipher/PBECipher
instanceKlass org/codehaus/plexus/components/interactivity/DefaultOutputHandler
instanceKlass org/codehaus/plexus/components/interactivity/DefaultPrompter
instanceKlass org/apache/maven/doxia/module/site/manager/DefaultSiteModuleManager
instanceKlass org/apache/maven/doxia/parser/manager/DefaultParserManager
instanceKlass org/apache/maven/doxia/module/fml/model/Faqs
instanceKlass org/apache/maven/doxia/module/fml/FmlParser
instanceKlass org/apache/maven/shared/dependency/graph/internal/Maven3DependencyGraphBuilder
instanceKlass org/apache/maven/doxia/DefaultDoxia
instanceKlass org/codehaus/plexus/components/io/fileselectors/AllFilesFileSelector
instanceKlass org/apache/maven/shared/dependency/tree/DependencyNode
instanceKlass org/apache/maven/shared/dependency/graph/internal/Maven2DependencyGraphBuilder
instanceKlass org/codehaus/plexus/archiver/filters/JarSecurityFileSelector
instanceKlass org/apache/maven/doxia/module/apt/AptSource
instanceKlass org/apache/maven/doxia/module/apt/AptParser$Block
instanceKlass org/apache/maven/doxia/parser/AbstractParser
instanceKlass org/codehaus/plexus/archiver/tar/TarArchiver$TarOptions
instanceKlass org/apache/maven/doxia/site/decoration/inheritance/DefaultDecorationModelInheritanceAssembler$URLContainer
instanceKlass org/apache/maven/doxia/site/decoration/Banner
instanceKlass org/apache/maven/doxia/site/decoration/DecorationModel
instanceKlass org/apache/maven/doxia/site/decoration/LinkItem
instanceKlass org/apache/maven/doxia/site/decoration/inheritance/DefaultDecorationModelInheritanceAssembler
instanceKlass org/apache/maven/doxia/util/LineBreaker
instanceKlass org/apache/maven/doxia/module/xdoc/XdocMarkup
instanceKlass org/apache/maven/doxia/markup/XmlMarkup
instanceKlass org/apache/maven/doxia/macro/manager/DefaultMacroManager
instanceKlass org/codehaus/plexus/archiver/manager/DefaultArchiverManager
instanceKlass org/codehaus/plexus/components/io/attributes/FileAttributes
instanceKlass org/codehaus/plexus/components/io/attributes/PlexusIoResourceAttributes
instanceKlass org/codehaus/plexus/components/io/resources/PlexusIOResourceCollectionWithAttributes
instanceKlass org/apache/maven/doxia/module/site/AbstractSiteModule
instanceKlass org/sonatype/plexus/components/sec/dispatcher/model/SettingsSecurity
instanceKlass org/codehaus/plexus/archiver/util/EnumeratedAttribute
instanceKlass org/codehaus/plexus/archiver/zip/ZipFile
instanceKlass org/codehaus/plexus/archiver/ArchiveEntry
instanceKlass org/codehaus/plexus/archiver/ResourceIterator
instanceKlass org/codehaus/plexus/archiver/FileSet
instanceKlass org/codehaus/plexus/archiver/ArchivedFileSet
instanceKlass org/codehaus/plexus/archiver/BaseFileSet
instanceKlass org/apache/velocity/runtime/RuntimeServices
instanceKlass org/apache/velocity/runtime/RuntimeLogger
instanceKlass org/apache/velocity/app/VelocityEngine
instanceKlass org/apache/velocity/runtime/RuntimeConstants
instanceKlass org/apache/velocity/runtime/log/LogSystem
instanceKlass org/apache/maven/doxia/sink/SinkAdapter
instanceKlass org/apache/maven/doxia/module/apt/AptMarkup
instanceKlass org/apache/maven/doxia/markup/TextMarkup
instanceKlass org/apache/maven/doxia/markup/Markup
instanceKlass org/apache/maven/shared/dependency/graph/internal/Maven31DependencyGraphBuilder
instanceKlass org/codehaus/plexus/archiver/tar/TarFile
instanceKlass org/codehaus/plexus/archiver/ArchiveFile
instanceKlass org/codehaus/plexus/archiver/bzip2/BZip2Constants
instanceKlass org/codehaus/plexus/components/io/resources/PlexusIoCompressedFileResourceCollection
instanceKlass org/apache/maven/doxia/index/IndexEntry
instanceKlass org/apache/maven/doxia/macro/MacroRequest
instanceKlass org/apache/maven/doxia/macro/AbstractMacro
instanceKlass org/codehaus/plexus/archiver/ArchiveFinalizer
instanceKlass org/codehaus/plexus/archiver/util/FilterSupport
instanceKlass org/codehaus/plexus/archiver/FilterEnabled
instanceKlass org/codehaus/plexus/archiver/FinalizerEnabled
instanceKlass org/codehaus/plexus/components/io/resources/PlexusIoResource
instanceKlass org/codehaus/plexus/components/io/fileselectors/FileInfo
instanceKlass org/codehaus/plexus/components/io/resources/AbstractPlexusIoResourceCollection
instanceKlass org/codehaus/plexus/components/io/resources/PlexusIoArchivedResourceCollection
instanceKlass org/codehaus/plexus/components/io/filemappers/AbstractFileMapper
instanceKlass org/codehaus/plexus/util/xml/XMLWriter
instanceKlass org/apache/felix/obrplugin/ObrUpdate
instanceKlass org/apache/felix/obrplugin/RemoteFileManager
instanceKlass org/codehaus/doxia/sink/Sink
instanceKlass aQute/bnd/service/diff/Diff
instanceKlass org/apache/felix/bundleplugin/baseline/DiffMessage
instanceKlass aQute/bnd/version/Version
instanceKlass aQute/bnd/service/diff/Differ
instanceKlass org/apache/felix/bundlerepository/impl/ResourceImpl
instanceKlass org/apache/felix/bundlerepository/Repository
instanceKlass org/apache/felix/bundlerepository/Resource
instanceKlass org/apache/felix/bundleplugin/BundleInfo
instanceKlass org/codehaus/plexus/util/Scanner
instanceKlass aQute/bnd/osgi/Instructions
instanceKlass aQute/bnd/osgi/Jar
instanceKlass org/apache/maven/shared/dependency/graph/DependencyNode
instanceKlass org/apache/maven/archiver/MavenArchiveConfiguration
instanceKlass aQute/bnd/osgi/Resource
instanceKlass aQute/bnd/osgi/Domain
instanceKlass aQute/bnd/osgi/Constants
instanceKlass aQute/bnd/service/Registry
instanceKlass aQute/service/reporter/Reporter
instanceKlass aQute/service/reporter/Report
instanceKlass org/apache/maven/shared/osgi/Maven2OsgiConverter
instanceKlass org/apache/maven/doxia/module/site/SiteModule
instanceKlass org/apache/maven/doxia/sink/Sink
instanceKlass org/apache/maven/doxia/parser/Parser
instanceKlass org/apache/maven/doxia/site/decoration/inheritance/DecorationModelInheritanceAssembler
instanceKlass org/codehaus/plexus/i18n/I18N
instanceKlass org/apache/maven/doxia/parser/manager/ParserManager
instanceKlass org/apache/maven/doxia/module/site/manager/SiteModuleManager
instanceKlass org/apache/maven/doxia/macro/manager/MacroManager
instanceKlass org/apache/maven/doxia/macro/Macro
instanceKlass org/apache/maven/doxia/Doxia
instanceKlass org/apache/maven/doxia/siterenderer/Renderer
instanceKlass org/codehaus/plexus/velocity/VelocityComponent
instanceKlass org/sonatype/plexus/build/incremental/BuildContext
instanceKlass org/apache/maven/shared/dependency/graph/DependencyGraphBuilder
instanceKlass org/apache/maven/shared/dependency/tree/DependencyTreeBuilder
instanceKlass org/codehaus/plexus/components/io/filemappers/FileMapper
instanceKlass org/codehaus/plexus/components/io/resources/PlexusIoResourceCollection
instanceKlass org/codehaus/plexus/components/io/fileselectors/FileSelector
instanceKlass org/codehaus/plexus/archiver/manager/ArchiverManager
instanceKlass org/codehaus/plexus/archiver/UnArchiver
instanceKlass org/codehaus/plexus/archiver/Archiver
instanceKlass org/sonatype/plexus/components/cipher/PlexusCipher
instanceKlass org/sonatype/plexus/components/sec/dispatcher/SecDispatcher
instanceKlass org/codehaus/plexus/components/interactivity/Prompter
instanceKlass org/codehaus/plexus/components/interactivity/OutputHandler
instanceKlass org/codehaus/plexus/components/interactivity/InputHandler
instanceKlass org/apache/maven/reporting/MavenReport
instanceKlass org/codehaus/plexus/archiver/manager/DefaultArchiverManager
instanceKlass org/apache/maven/doxia/DefaultDoxia
instanceKlass org/apache/maven/shared/dependency/graph/internal/Maven31DependencyGraphBuilder
instanceKlass org/apache/maven/shared/dependency/tree/DependencyTree
instanceKlass org/apache/maven/shared/dependency/tree/traversal/DependencyNodeVisitor
instanceKlass org/apache/maven/doxia/util/LineBreaker
instanceKlass org/codehaus/plexus/components/io/fileselectors/IncludeExcludeFileSelector
instanceKlass org/apache/maven/shared/dependency/tree/DependencyNode
instanceKlass org/apache/maven/shared/dependency/graph/internal/Maven2DependencyGraphBuilder
instanceKlass org/apache/maven/doxia/module/fml/model/Faqs
instanceKlass org/apache/maven/doxia/module/fml/FmlParser
instanceKlass org/apache/maven/doxia/index/IndexEntry
instanceKlass org/codehaus/plexus/components/io/fileselectors/AllFilesFileSelector
instanceKlass org/apache/maven/doxia/module/apt/AptSource
instanceKlass org/apache/maven/doxia/module/apt/AptParser$Block
instanceKlass org/apache/maven/doxia/module/xhtml/decoration/render/RenderingContext
instanceKlass org/apache/maven/doxia/module/xhtml/XhtmlMarkup
instanceKlass org/apache/maven/doxia/siterenderer/SiteRenderingContext
instanceKlass org/apache/velocity/context/Context
instanceKlass org/apache/maven/doxia/parser/manager/DefaultParserManager
instanceKlass org/codehaus/plexus/archiver/filters/JarSecurityFileSelector
instanceKlass org/apache/maven/doxia/module/site/manager/DefaultSiteModuleManager
instanceKlass org/apache/maven/doxia/sink/SinkAdapter
instanceKlass org/apache/maven/doxia/module/apt/AptMarkup
instanceKlass org/apache/maven/doxia/markup/TextMarkup
instanceKlass org/apache/maven/shared/dependency/graph/internal/Maven3DependencyGraphBuilder
instanceKlass org/apache/maven/doxia/module/site/AbstractSiteModule
instanceKlass org/codehaus/plexus/archiver/tar/TarFile
instanceKlass org/codehaus/plexus/archiver/bzip2/BZip2Constants
instanceKlass org/codehaus/plexus/components/io/resources/PlexusIoCompressedFileResourceCollection
instanceKlass org/apache/maven/doxia/macro/AbstractMacro
instanceKlass org/apache/velocity/runtime/RuntimeServices
instanceKlass org/apache/velocity/runtime/RuntimeLogger
instanceKlass org/apache/velocity/app/VelocityEngine
instanceKlass org/apache/velocity/runtime/RuntimeConstants
instanceKlass org/apache/velocity/runtime/log/LogSystem
instanceKlass org/apache/maven/shared/dependency/graph/DependencyNode
instanceKlass org/codehaus/plexus/components/interactivity/DefaultOutputHandler
instanceKlass org/codehaus/plexus/components/io/attributes/FileAttributes
instanceKlass org/codehaus/plexus/components/io/attributes/PlexusIoResourceAttributes
instanceKlass org/codehaus/plexus/components/io/resources/PlexusIOResourceCollectionWithAttributes
instanceKlass org/apache/maven/doxia/macro/manager/DefaultMacroManager
instanceKlass org/apache/maven/doxia/macro/MacroRequest
instanceKlass org/apache/maven/doxia/parser/AbstractParser
instanceKlass org/apache/maven/doxia/module/xdoc/XdocMarkup
instanceKlass org/apache/maven/doxia/markup/XmlMarkup
instanceKlass org/apache/maven/doxia/markup/Markup
instanceKlass org/codehaus/plexus/components/io/resources/AbstractPlexusIoResourceCollection
instanceKlass org/codehaus/plexus/components/io/resources/PlexusIoArchivedResourceCollection
instanceKlass org/codehaus/plexus/components/io/filemappers/AbstractFileMapper
instanceKlass org/apache/maven/doxia/site/decoration/inheritance/DefaultDecorationModelInheritanceAssembler$URLContainer
instanceKlass org/apache/maven/doxia/site/decoration/Banner
instanceKlass org/apache/maven/doxia/site/decoration/DecorationModel
instanceKlass org/apache/maven/doxia/site/decoration/LinkItem
instanceKlass org/apache/maven/doxia/site/decoration/inheritance/DefaultDecorationModelInheritanceAssembler
instanceKlass org/codehaus/plexus/components/interactivity/DefaultPrompter
instanceKlass org/codehaus/plexus/archiver/tar/TarArchiver$TarOptions
instanceKlass org/codehaus/plexus/archiver/util/EnumeratedAttribute
instanceKlass org/codehaus/plexus/archiver/zip/ZipFile
instanceKlass org/codehaus/plexus/archiver/ArchiveFile
instanceKlass org/codehaus/plexus/archiver/ArchiveEntry
instanceKlass org/codehaus/plexus/components/io/resources/PlexusIoResource
instanceKlass org/codehaus/plexus/components/io/fileselectors/FileInfo
instanceKlass org/codehaus/plexus/archiver/util/FilterSupport
instanceKlass org/codehaus/plexus/archiver/ResourceIterator
instanceKlass org/codehaus/plexus/archiver/FileSet
instanceKlass org/codehaus/plexus/archiver/ArchiveFinalizer
instanceKlass org/codehaus/plexus/archiver/ArchivedFileSet
instanceKlass org/codehaus/plexus/archiver/BaseFileSet
instanceKlass org/codehaus/plexus/archiver/FinalizerEnabled
instanceKlass org/codehaus/plexus/archiver/FilterEnabled
instanceKlass org/apache/felix/obrplugin/ObrUpdate
instanceKlass org/codehaus/plexus/util/xml/PrettyPrintXMLWriter
instanceKlass org/codehaus/plexus/util/xml/XMLWriter
instanceKlass org/apache/felix/bundleplugin/BundleInfo
instanceKlass aQute/bnd/osgi/Domain
instanceKlass aQute/bnd/osgi/Constants
instanceKlass aQute/bnd/service/Registry
instanceKlass org/apache/maven/archiver/MavenArchiveConfiguration
instanceKlass aQute/bnd/osgi/Resource
instanceKlass org/apache/felix/obrplugin/RemoteFileManager
instanceKlass org/apache/felix/bundlerepository/Repository
instanceKlass org/apache/felix/bundlerepository/impl/ResourceImpl
instanceKlass org/apache/felix/bundlerepository/Resource
instanceKlass org/codehaus/doxia/sink/Sink
instanceKlass aQute/bnd/service/diff/Diff
instanceKlass org/apache/felix/bundleplugin/baseline/DiffMessage
instanceKlass aQute/bnd/osgi/Jar
instanceKlass aQute/bnd/version/Version
instanceKlass aQute/bnd/service/diff/Differ
instanceKlass aQute/service/reporter/Reporter
instanceKlass aQute/service/reporter/Report
instanceKlass org/apache/maven/shared/osgi/Maven2OsgiConverter
instanceKlass org/apache/maven/doxia/module/site/SiteModule
instanceKlass org/apache/maven/doxia/sink/Sink
instanceKlass org/apache/maven/doxia/parser/Parser
instanceKlass org/apache/maven/doxia/site/decoration/inheritance/DecorationModelInheritanceAssembler
instanceKlass org/codehaus/plexus/i18n/I18N
instanceKlass org/apache/maven/doxia/parser/manager/ParserManager
instanceKlass org/apache/maven/doxia/module/site/manager/SiteModuleManager
instanceKlass org/apache/maven/doxia/macro/manager/MacroManager
instanceKlass org/apache/maven/doxia/macro/Macro
instanceKlass org/apache/maven/doxia/Doxia
instanceKlass org/apache/maven/doxia/siterenderer/Renderer
instanceKlass org/codehaus/plexus/velocity/VelocityComponent
instanceKlass org/apache/maven/shared/dependency/graph/DependencyGraphBuilder
instanceKlass org/apache/maven/shared/dependency/tree/DependencyTreeBuilder
instanceKlass org/codehaus/plexus/components/io/filemappers/FileMapper
instanceKlass org/codehaus/plexus/components/io/resources/PlexusIoResourceCollection
instanceKlass org/codehaus/plexus/components/io/fileselectors/FileSelector
instanceKlass org/codehaus/plexus/archiver/manager/ArchiverManager
instanceKlass org/codehaus/plexus/archiver/UnArchiver
instanceKlass org/codehaus/plexus/archiver/Archiver
instanceKlass org/codehaus/plexus/components/interactivity/Prompter
instanceKlass org/codehaus/plexus/components/interactivity/OutputHandler
instanceKlass org/codehaus/plexus/components/interactivity/InputHandler
instanceKlass org/apache/maven/reporting/MavenReport
instanceKlass org/codehaus/plexus/archiver/tar/TarArchiver$TarOptions
instanceKlass org/apache/maven/doxia/index/IndexEntry
instanceKlass org/apache/maven/shared/dependency/tree/DependencyTree
instanceKlass org/apache/maven/shared/dependency/tree/traversal/DependencyNodeVisitor
instanceKlass org/apache/maven/doxia/DefaultDoxia
instanceKlass org/codehaus/plexus/components/io/fileselectors/IncludeExcludeFileSelector
instanceKlass org/codehaus/plexus/components/io/attributes/FileAttributes
instanceKlass org/codehaus/plexus/components/io/attributes/PlexusIoResourceAttributes
instanceKlass org/codehaus/plexus/components/io/resources/PlexusIOResourceCollectionWithAttributes
instanceKlass org/codehaus/plexus/components/interactivity/DefaultOutputHandler
instanceKlass org/apache/maven/doxia/parser/manager/DefaultParserManager
instanceKlass org/apache/velocity/runtime/RuntimeServices
instanceKlass org/apache/velocity/runtime/RuntimeLogger
instanceKlass org/apache/velocity/app/VelocityEngine
instanceKlass org/apache/velocity/runtime/RuntimeConstants
instanceKlass org/apache/velocity/runtime/log/LogSystem
instanceKlass org/sonatype/plexus/components/cipher/PBECipher
instanceKlass org/apache/maven/doxia/module/site/manager/DefaultSiteModuleManager
instanceKlass org/apache/maven/doxia/macro/AbstractMacro
instanceKlass org/apache/maven/shared/dependency/graph/internal/Maven3DependencyGraphBuilder
instanceKlass org/codehaus/plexus/util/Scanner
instanceKlass org/apache/maven/shared/dependency/tree/DependencyNode
instanceKlass org/apache/maven/shared/dependency/graph/internal/Maven2DependencyGraphBuilder
instanceKlass org/apache/maven/doxia/site/decoration/inheritance/DefaultDecorationModelInheritanceAssembler$URLContainer
instanceKlass org/apache/maven/doxia/site/decoration/Banner
instanceKlass org/apache/maven/doxia/site/decoration/LinkItem
instanceKlass org/apache/maven/doxia/site/decoration/inheritance/DefaultDecorationModelInheritanceAssembler
instanceKlass org/apache/maven/doxia/site/decoration/DecorationModel
instanceKlass org/apache/maven/doxia/siterenderer/SiteRenderingContext
instanceKlass org/apache/velocity/context/Context
instanceKlass org/codehaus/plexus/archiver/util/EnumeratedAttribute
instanceKlass org/codehaus/plexus/archiver/zip/ZipFile
instanceKlass org/codehaus/plexus/components/interactivity/DefaultPrompter
instanceKlass org/apache/maven/shared/dependency/graph/internal/Maven31DependencyGraphBuilder
instanceKlass org/apache/maven/doxia/module/site/AbstractSiteModule
instanceKlass org/apache/maven/doxia/module/apt/AptSource
instanceKlass org/apache/maven/doxia/module/apt/AptParser$Block
instanceKlass org/apache/maven/doxia/module/apt/AptMarkup
instanceKlass org/apache/maven/doxia/markup/TextMarkup
instanceKlass org/apache/maven/doxia/module/fml/model/Faqs
instanceKlass org/apache/maven/doxia/module/fml/FmlParser
instanceKlass org/codehaus/plexus/archiver/filters/JarSecurityFileSelector
instanceKlass org/apache/maven/doxia/macro/MacroRequest
instanceKlass org/apache/maven/doxia/parser/AbstractParser
instanceKlass org/apache/maven/doxia/module/xhtml/decoration/render/RenderingContext
instanceKlass org/apache/maven/doxia/module/xhtml/XhtmlMarkup
instanceKlass org/apache/maven/doxia/util/LineBreaker
instanceKlass org/apache/maven/doxia/sink/SinkAdapter
instanceKlass org/apache/maven/doxia/module/xdoc/XdocMarkup
instanceKlass org/apache/maven/doxia/markup/XmlMarkup
instanceKlass org/apache/maven/doxia/markup/Markup
instanceKlass org/codehaus/plexus/components/io/resources/PlexusIoCompressedFileResourceCollection
instanceKlass org/apache/maven/doxia/macro/manager/DefaultMacroManager
instanceKlass org/codehaus/plexus/components/io/filemappers/AbstractFileMapper
instanceKlass org/codehaus/plexus/archiver/manager/DefaultArchiverManager
instanceKlass org/codehaus/plexus/components/io/fileselectors/AllFilesFileSelector
instanceKlass org/codehaus/plexus/archiver/ArchiveEntry
instanceKlass org/codehaus/plexus/archiver/ResourceIterator
instanceKlass org/codehaus/plexus/archiver/FileSet
instanceKlass org/codehaus/plexus/archiver/ArchivedFileSet
instanceKlass org/codehaus/plexus/archiver/BaseFileSet
instanceKlass org/codehaus/plexus/archiver/tar/TarFile
instanceKlass org/codehaus/plexus/archiver/ArchiveFile
instanceKlass org/sonatype/plexus/components/sec/dispatcher/model/SettingsSecurity
instanceKlass org/codehaus/plexus/archiver/bzip2/BZip2Constants
instanceKlass org/codehaus/plexus/archiver/ArchiveFinalizer
instanceKlass org/codehaus/plexus/archiver/util/FilterSupport
instanceKlass org/codehaus/plexus/archiver/FilterEnabled
instanceKlass org/codehaus/plexus/archiver/FinalizerEnabled
instanceKlass org/codehaus/plexus/components/io/resources/PlexusIoResource
instanceKlass org/codehaus/plexus/components/io/fileselectors/FileInfo
instanceKlass org/codehaus/plexus/components/io/resources/AbstractPlexusIoResourceCollection
instanceKlass org/codehaus/plexus/components/io/resources/PlexusIoArchivedResourceCollection
instanceKlass org/codehaus/doxia/sink/Sink
instanceKlass org/apache/felix/bundleplugin/BundleInfo
instanceKlass org/apache/felix/bundlerepository/impl/ResourceImpl
instanceKlass org/apache/felix/bundlerepository/Repository
instanceKlass org/apache/felix/bundlerepository/Resource
instanceKlass org/codehaus/plexus/util/xml/XMLWriter
instanceKlass aQute/bnd/service/diff/Diff
instanceKlass org/apache/felix/bundleplugin/baseline/DiffMessage
instanceKlass aQute/bnd/version/Version
instanceKlass aQute/bnd/service/diff/Differ
instanceKlass aQute/bnd/osgi/Instructions
instanceKlass aQute/bnd/osgi/Jar
instanceKlass org/apache/maven/shared/dependency/graph/DependencyNode
instanceKlass org/apache/maven/archiver/MavenArchiveConfiguration
instanceKlass aQute/bnd/osgi/Resource
instanceKlass aQute/bnd/osgi/Domain
instanceKlass aQute/bnd/osgi/Constants
instanceKlass aQute/bnd/service/Registry
instanceKlass aQute/service/reporter/Reporter
instanceKlass aQute/service/reporter/Report
instanceKlass org/apache/maven/shared/osgi/Maven2OsgiConverter
instanceKlass org/apache/felix/obrplugin/RemoteFileManager
instanceKlass org/apache/felix/obrplugin/ObrUpdate
instanceKlass org/apache/maven/doxia/module/site/SiteModule
instanceKlass org/apache/maven/doxia/sink/Sink
instanceKlass org/apache/maven/doxia/parser/Parser
instanceKlass org/apache/maven/doxia/site/decoration/inheritance/DecorationModelInheritanceAssembler
instanceKlass org/codehaus/plexus/i18n/I18N
instanceKlass org/apache/maven/doxia/parser/manager/ParserManager
instanceKlass org/apache/maven/doxia/module/site/manager/SiteModuleManager
instanceKlass org/apache/maven/doxia/macro/manager/MacroManager
instanceKlass org/apache/maven/doxia/macro/Macro
instanceKlass org/apache/maven/doxia/Doxia
instanceKlass org/apache/maven/doxia/siterenderer/Renderer
instanceKlass org/codehaus/plexus/velocity/VelocityComponent
instanceKlass org/sonatype/plexus/build/incremental/BuildContext
instanceKlass org/apache/maven/shared/dependency/graph/DependencyGraphBuilder
instanceKlass org/apache/maven/shared/dependency/tree/DependencyTreeBuilder
instanceKlass org/codehaus/plexus/components/io/filemappers/FileMapper
instanceKlass org/codehaus/plexus/components/io/resources/PlexusIoResourceCollection
instanceKlass org/codehaus/plexus/components/io/fileselectors/FileSelector
instanceKlass org/codehaus/plexus/archiver/manager/ArchiverManager
instanceKlass org/codehaus/plexus/archiver/UnArchiver
instanceKlass org/codehaus/plexus/archiver/Archiver
instanceKlass org/sonatype/plexus/components/cipher/PlexusCipher
instanceKlass org/sonatype/plexus/components/sec/dispatcher/SecDispatcher
instanceKlass org/codehaus/plexus/components/interactivity/Prompter
instanceKlass org/codehaus/plexus/components/interactivity/OutputHandler
instanceKlass org/codehaus/plexus/components/interactivity/InputHandler
instanceKlass org/apache/maven/reporting/MavenReport
instanceKlass java/util/Collections$2
instanceKlass org/apache/maven/shared/dependency/graph/internal/Maven31DependencyGraphBuilder
instanceKlass org/apache/maven/shared/dependency/graph/internal/Maven2DependencyGraphBuilder
instanceKlass org/codehaus/plexus/components/interactivity/DefaultOutputHandler
instanceKlass org/codehaus/plexus/components/io/fileselectors/IncludeExcludeFileSelector
instanceKlass org/codehaus/plexus/archiver/manager/DefaultArchiverManager
instanceKlass org/codehaus/plexus/components/io/fileselectors/AllFilesFileSelector
instanceKlass org/codehaus/plexus/archiver/tar/TarFile
instanceKlass org/codehaus/plexus/components/io/attributes/FileAttributes
instanceKlass org/codehaus/plexus/components/io/attributes/PlexusIoResourceAttributes
instanceKlass org/codehaus/plexus/components/io/resources/PlexusIOResourceCollectionWithAttributes
instanceKlass org/apache/maven/shared/dependency/tree/DependencyTree
instanceKlass org/apache/maven/shared/dependency/tree/DependencyNode
instanceKlass org/apache/maven/shared/dependency/tree/traversal/DependencyNodeVisitor
instanceKlass org/codehaus/plexus/archiver/bzip2/BZip2Constants
instanceKlass org/apache/maven/shared/dependency/graph/internal/Maven3DependencyGraphBuilder
instanceKlass org/codehaus/plexus/components/io/resources/PlexusIoCompressedFileResourceCollection
instanceKlass org/apache/maven/shared/dependency/graph/DependencyNode
instanceKlass org/codehaus/plexus/archiver/filters/JarSecurityFileSelector
instanceKlass org/codehaus/plexus/components/io/resources/AbstractPlexusIoResourceCollection
instanceKlass org/codehaus/plexus/components/io/resources/PlexusIoArchivedResourceCollection
instanceKlass org/codehaus/plexus/components/interactivity/DefaultPrompter
instanceKlass org/codehaus/plexus/components/io/filemappers/AbstractFileMapper
instanceKlass org/codehaus/plexus/archiver/tar/TarArchiver$TarOptions
instanceKlass org/codehaus/plexus/archiver/util/EnumeratedAttribute
instanceKlass org/codehaus/plexus/archiver/zip/ZipFile
instanceKlass org/codehaus/plexus/archiver/ArchiveFile
instanceKlass org/codehaus/plexus/archiver/ArchiveEntry
instanceKlass org/codehaus/plexus/components/io/resources/PlexusIoResource
instanceKlass org/codehaus/plexus/components/io/fileselectors/FileInfo
instanceKlass org/codehaus/plexus/archiver/util/FilterSupport
instanceKlass org/codehaus/plexus/archiver/ResourceIterator
instanceKlass org/codehaus/plexus/archiver/FileSet
instanceKlass org/codehaus/plexus/archiver/ArchiveFinalizer
instanceKlass org/codehaus/plexus/archiver/ArchivedFileSet
instanceKlass org/codehaus/plexus/archiver/BaseFileSet
instanceKlass org/codehaus/plexus/archiver/FinalizerEnabled
instanceKlass org/codehaus/plexus/archiver/FilterEnabled
instanceKlass org/apache/felix/bundlerepository/Repository
instanceKlass org/apache/felix/bundlerepository/impl/ResourceImpl
instanceKlass org/apache/felix/bundlerepository/Resource
instanceKlass org/apache/felix/obrplugin/ObrUpdate
instanceKlass org/apache/felix/bundleplugin/BundleInfo
instanceKlass aQute/bnd/osgi/Jar
instanceKlass org/apache/maven/shared/osgi/Maven2OsgiConverter
instanceKlass aQute/bnd/osgi/Domain
instanceKlass aQute/bnd/osgi/Constants
instanceKlass aQute/bnd/service/Registry
instanceKlass aQute/service/reporter/Reporter
instanceKlass aQute/service/reporter/Report
instanceKlass org/apache/maven/archiver/MavenArchiveConfiguration
instanceKlass aQute/bnd/osgi/Resource
instanceKlass org/apache/felix/obrplugin/RemoteFileManager
instanceKlass org/apache/maven/shared/dependency/graph/DependencyGraphBuilder
instanceKlass org/apache/maven/shared/dependency/tree/DependencyTreeBuilder
instanceKlass org/codehaus/plexus/components/io/filemappers/FileMapper
instanceKlass org/codehaus/plexus/components/io/resources/PlexusIoResourceCollection
instanceKlass org/codehaus/plexus/components/io/fileselectors/FileSelector
instanceKlass org/codehaus/plexus/archiver/manager/ArchiverManager
instanceKlass org/codehaus/plexus/archiver/UnArchiver
instanceKlass org/codehaus/plexus/archiver/Archiver
instanceKlass org/codehaus/plexus/components/interactivity/Prompter
instanceKlass org/codehaus/plexus/components/interactivity/OutputHandler
instanceKlass org/codehaus/plexus/components/interactivity/InputHandler
instanceKlass org/apache/maven/doxia/module/site/manager/DefaultSiteModuleManager
instanceKlass org/codehaus/plexus/components/io/fileselectors/IncludeExcludeFileSelector
instanceKlass org/apache/maven/doxia/module/xhtml/decoration/render/RenderingContext
instanceKlass org/apache/maven/doxia/siterenderer/SiteRenderingContext
instanceKlass org/apache/velocity/context/Context
instanceKlass org/apache/maven/doxia/macro/manager/DefaultMacroManager
instanceKlass org/codehaus/plexus/components/io/attributes/FileAttributes
instanceKlass org/codehaus/plexus/components/io/attributes/PlexusIoResourceAttributes
instanceKlass org/codehaus/plexus/components/io/resources/PlexusIOResourceCollectionWithAttributes
instanceKlass org/apache/maven/doxia/site/decoration/inheritance/DefaultDecorationModelInheritanceAssembler$URLContainer
instanceKlass org/apache/maven/doxia/site/decoration/Banner
instanceKlass org/apache/maven/doxia/site/decoration/DecorationModel
instanceKlass org/apache/maven/doxia/site/decoration/LinkItem
instanceKlass org/apache/maven/doxia/site/decoration/inheritance/DefaultDecorationModelInheritanceAssembler
instanceKlass org/apache/maven/shared/dependency/tree/DependencyTree
instanceKlass org/apache/maven/shared/dependency/tree/traversal/DependencyNodeVisitor
instanceKlass org/codehaus/plexus/archiver/tar/TarArchiver$TarOptions
instanceKlass org/apache/maven/doxia/index/IndexEntry
instanceKlass org/apache/maven/doxia/macro/AbstractMacro
instanceKlass org/apache/velocity/runtime/RuntimeServices
instanceKlass org/apache/velocity/runtime/RuntimeLogger
instanceKlass org/apache/velocity/app/VelocityEngine
instanceKlass org/apache/velocity/runtime/RuntimeConstants
instanceKlass org/apache/velocity/runtime/log/LogSystem
instanceKlass org/apache/maven/doxia/module/apt/AptSource
instanceKlass org/apache/maven/doxia/module/apt/AptParser$Block
instanceKlass org/apache/maven/doxia/util/LineBreaker
instanceKlass org/apache/maven/doxia/module/fml/model/Faqs
instanceKlass org/apache/maven/doxia/module/fml/FmlParser
instanceKlass org/apache/maven/doxia/parser/manager/DefaultParserManager
instanceKlass org/apache/maven/shared/dependency/graph/internal/Maven3DependencyGraphBuilder
instanceKlass org/codehaus/plexus/components/interactivity/DefaultPrompter
instanceKlass org/codehaus/plexus/archiver/filters/JarSecurityFileSelector
instanceKlass org/apache/maven/doxia/module/xdoc/XdocMarkup
instanceKlass org/apache/maven/doxia/macro/MacroRequest
instanceKlass org/apache/maven/doxia/parser/AbstractParser
instanceKlass org/apache/maven/doxia/module/xhtml/XhtmlMarkup
instanceKlass org/apache/maven/doxia/markup/XmlMarkup
instanceKlass org/apache/maven/doxia/DefaultDoxia
instanceKlass org/codehaus/plexus/archiver/manager/DefaultArchiverManager
instanceKlass org/codehaus/plexus/components/io/fileselectors/AllFilesFileSelector
instanceKlass org/apache/maven/doxia/module/site/AbstractSiteModule
instanceKlass org/codehaus/plexus/archiver/util/EnumeratedAttribute
instanceKlass org/codehaus/plexus/archiver/zip/ZipFile
instanceKlass org/codehaus/plexus/archiver/tar/TarFile
instanceKlass org/codehaus/plexus/archiver/ArchiveFile
instanceKlass org/codehaus/plexus/archiver/ArchiveEntry
instanceKlass org/codehaus/plexus/archiver/util/FilterSupport
instanceKlass org/codehaus/plexus/archiver/ResourceIterator
instanceKlass org/codehaus/plexus/archiver/FileSet
instanceKlass org/codehaus/plexus/archiver/ArchiveFinalizer
instanceKlass org/codehaus/plexus/archiver/ArchivedFileSet
instanceKlass org/codehaus/plexus/archiver/BaseFileSet
instanceKlass org/codehaus/plexus/archiver/FinalizerEnabled
instanceKlass org/codehaus/plexus/archiver/FilterEnabled
instanceKlass org/apache/maven/doxia/sink/SinkAdapter
instanceKlass org/apache/maven/doxia/module/apt/AptMarkup
instanceKlass org/apache/maven/doxia/markup/TextMarkup
instanceKlass org/apache/maven/doxia/markup/Markup
instanceKlass org/codehaus/plexus/components/io/filemappers/AbstractFileMapper
instanceKlass org/codehaus/plexus/archiver/bzip2/BZip2Constants
instanceKlass org/codehaus/plexus/components/io/resources/PlexusIoCompressedFileResourceCollection
instanceKlass org/apache/maven/shared/dependency/graph/internal/Maven31DependencyGraphBuilder
instanceKlass org/codehaus/plexus/components/interactivity/DefaultOutputHandler
instanceKlass org/apache/maven/shared/dependency/tree/DependencyNode
instanceKlass org/apache/maven/shared/dependency/graph/DependencyNode
instanceKlass org/apache/maven/shared/dependency/graph/internal/Maven2DependencyGraphBuilder
instanceKlass org/codehaus/plexus/components/io/resources/PlexusIoResource
instanceKlass org/codehaus/plexus/components/io/fileselectors/FileInfo
instanceKlass org/codehaus/plexus/components/io/resources/AbstractPlexusIoResourceCollection
instanceKlass org/codehaus/plexus/components/io/resources/PlexusIoArchivedResourceCollection
instanceKlass org/codehaus/doxia/sink/Sink
instanceKlass org/apache/felix/bundleplugin/BundleInfo
instanceKlass org/codehaus/plexus/util/xml/PrettyPrintXMLWriter
instanceKlass org/codehaus/plexus/util/xml/XMLWriter
instanceKlass aQute/bnd/service/diff/Diff
instanceKlass org/apache/felix/bundleplugin/baseline/DiffMessage
instanceKlass aQute/bnd/version/Version
instanceKlass aQute/bnd/service/diff/Differ
instanceKlass aQute/bnd/osgi/Jar
instanceKlass org/apache/maven/shared/osgi/Maven2OsgiConverter
instanceKlass aQute/bnd/osgi/Domain
instanceKlass aQute/bnd/osgi/Constants
instanceKlass aQute/bnd/service/Registry
instanceKlass aQute/service/reporter/Reporter
instanceKlass aQute/service/reporter/Report
instanceKlass org/apache/maven/archiver/MavenArchiveConfiguration
instanceKlass aQute/bnd/osgi/Resource
instanceKlass org/apache/felix/obrplugin/RemoteFileManager
instanceKlass org/apache/felix/obrplugin/ObrUpdate
instanceKlass org/apache/felix/bundlerepository/Repository
instanceKlass org/apache/felix/bundlerepository/impl/ResourceImpl
instanceKlass org/apache/felix/bundlerepository/Resource
instanceKlass org/apache/maven/doxia/module/site/SiteModule
instanceKlass org/apache/maven/doxia/sink/Sink
instanceKlass org/apache/maven/doxia/parser/Parser
instanceKlass org/apache/maven/doxia/site/decoration/inheritance/DecorationModelInheritanceAssembler
instanceKlass org/codehaus/plexus/i18n/I18N
instanceKlass org/apache/maven/doxia/parser/manager/ParserManager
instanceKlass org/apache/maven/doxia/module/site/manager/SiteModuleManager
instanceKlass org/apache/maven/doxia/macro/manager/MacroManager
instanceKlass org/apache/maven/doxia/macro/Macro
instanceKlass org/apache/maven/doxia/Doxia
instanceKlass org/apache/maven/doxia/siterenderer/Renderer
instanceKlass org/codehaus/plexus/velocity/VelocityComponent
instanceKlass org/apache/maven/shared/dependency/graph/DependencyGraphBuilder
instanceKlass org/apache/maven/shared/dependency/tree/DependencyTreeBuilder
instanceKlass org/codehaus/plexus/components/io/filemappers/FileMapper
instanceKlass org/codehaus/plexus/components/io/resources/PlexusIoResourceCollection
instanceKlass org/codehaus/plexus/components/io/fileselectors/FileSelector
instanceKlass org/codehaus/plexus/archiver/manager/ArchiverManager
instanceKlass org/codehaus/plexus/archiver/UnArchiver
instanceKlass org/codehaus/plexus/archiver/Archiver
instanceKlass org/codehaus/plexus/components/interactivity/Prompter
instanceKlass org/codehaus/plexus/components/interactivity/OutputHandler
instanceKlass org/codehaus/plexus/components/interactivity/InputHandler
instanceKlass org/apache/maven/reporting/MavenReport
instanceKlass org/sonatype/sisu/siesta/jackson/JacksonProvider$$FastClassByGuice$$355264712
instanceKlass org/sonatype/sisu/siesta/jackson/ObjectMapperProvider$$FastClassByGuice$$354134277
instanceKlass org/sonatype/nexus/client/internal/rest/jersey/subsystem/repository/maven/JerseyMavenGroupRepositoryFactory$$FastClassByGuice$$352780586
instanceKlass org/sonatype/nexus/client/internal/rest/jersey/subsystem/repository/maven/JerseyMavenProxyRepositoryFactory$$FastClassByGuice$$351915248
instanceKlass org/sonatype/nexus/client/internal/rest/jersey/subsystem/repository/maven/JerseyMavenHostedRepositoryFactory$$FastClassByGuice$$351200827
instanceKlass org/sonatype/nexus/client/internal/rest/jersey/subsystem/repository/maven/JerseyMavenM1VirtualRepositoryFactory$$FastClassByGuice$$349176161
instanceKlass org/sonatype/nexus/client/internal/rest/jersey/subsystem/repository/JerseyVirtualRepositoryFactory$$FastClassByGuice$$348991497
instanceKlass org/sonatype/nexus/client/internal/rest/jersey/subsystem/repository/JerseyHostedRepositoryFactory$$FastClassByGuice$$347446285
instanceKlass org/sonatype/nexus/client/internal/rest/jersey/subsystem/repository/JerseyGroupRepositoryFactory$$FastClassByGuice$$346922733
instanceKlass org/sonatype/nexus/client/internal/rest/jersey/subsystem/repository/JerseyProxyRepositoryFactory$$FastClassByGuice$$345439092
instanceKlass org/sonatype/nexus/client/rest/jersey/subsystem/JerseyServerConfigurationFactory$$FastClassByGuice$$344692532
instanceKlass org/sonatype/nexus/client/rest/jersey/subsystem/JerseyPrivilegesSubsystemFactory$$FastClassByGuice$$343530498
instanceKlass org/sonatype/nexus/client/rest/jersey/subsystem/JerseyRolesSubsystemFactory$$FastClassByGuice$$342649794
instanceKlass org/sonatype/nexus/client/rest/jersey/subsystem/JerseyRoutingFactory$$FastClassByGuice$$341188164
instanceKlass org/sonatype/nexus/client/rest/jersey/subsystem/JerseyRepositoryTargetsSubsystemFactory$$FastClassByGuice$$340646646
instanceKlass org/sonatype/nexus/client/rest/jersey/subsystem/JerseyUtilitiesSubsystemFactory$$FastClassByGuice$$339513135
instanceKlass org/sonatype/nexus/client/rest/jersey/subsystem/JerseyRepositoriesFactory$$FastClassByGuice$$338079575
instanceKlass org/sonatype/nexus/client/rest/jersey/subsystem/JerseyContentSubsystemFactory$$FastClassByGuice$$336925058
instanceKlass org/sonatype/nexus/client/rest/jersey/subsystem/JerseyArtifactMavenSubsystemFactory$$FastClassByGuice$$335783917
instanceKlass org/sonatype/nexus/client/rest/jersey/JerseyNexusClientFactory$$FastClassByGuice$$335415886
instanceKlass org/sonatype/nexus/client/rest/jersey/SiestaClientSubsystemProvider$$FastClassByGuice$$334216534
instanceKlass org/sonatype/nexus/client/rest/jersey/SubsystemFactoriesSubsystemProvider$$FastClassByGuice$$332662524
instanceKlass org/sonatype/plexus/components/cipher/DefaultPlexusCipher$$FastClassByGuice$$332036401
instanceKlass com/fasterxml/jackson/databind/ObjectMapper$$FastClassByGuice$$331313429
instanceKlass com/fasterxml/jackson/databind/jsonFormatVisitors/JsonFormatVisitorWrapper
instanceKlass com/fasterxml/jackson/databind/jsonFormatVisitors/JsonFormatVisitorWithSerializerProvider
instanceKlass com/fasterxml/jackson/databind/cfg/HandlerInstantiator
instanceKlass com/fasterxml/jackson/databind/PropertyNamingStrategy
instanceKlass com/fasterxml/jackson/databind/JsonDeserializer
instanceKlass com/fasterxml/jackson/databind/Module
instanceKlass com/fasterxml/jackson/databind/jsonschema/JsonSchema
instanceKlass com/fasterxml/jackson/databind/MappingIterator
instanceKlass com/fasterxml/jackson/databind/jsontype/NamedType
instanceKlass com/fasterxml/jackson/databind/deser/DeserializationProblemHandler
instanceKlass com/fasterxml/jackson/core/io/CharacterEscapes
instanceKlass com/fasterxml/jackson/databind/ser/FilterProvider
instanceKlass com/fasterxml/jackson/databind/ObjectWriter
instanceKlass com/fasterxml/jackson/core/Base64Variant
instanceKlass com/fasterxml/jackson/databind/cfg/ContextAttributes
instanceKlass com/fasterxml/jackson/core/FormatSchema
instanceKlass com/fasterxml/jackson/databind/node/JsonNodeFactory
instanceKlass com/fasterxml/jackson/databind/node/JsonNodeCreator
instanceKlass com/fasterxml/jackson/databind/cfg/ConfigFeature
instanceKlass com/fasterxml/jackson/databind/util/RootNameLookup
instanceKlass com/fasterxml/jackson/databind/InjectableValues
instanceKlass com/fasterxml/jackson/databind/type/TypeFactory
instanceKlass com/fasterxml/jackson/databind/cfg/BaseSettings
instanceKlass com/fasterxml/jackson/databind/cfg/MapperConfig
instanceKlass com/fasterxml/jackson/databind/introspect/ClassIntrospector$MixInResolver
instanceKlass com/fasterxml/jackson/databind/jsontype/TypeResolverBuilder
instanceKlass com/fasterxml/jackson/databind/Module$SetupContext
instanceKlass com/fasterxml/jackson/databind/JsonNode
instanceKlass com/fasterxml/jackson/core/PrettyPrinter
instanceKlass com/fasterxml/jackson/databind/introspect/VisibilityChecker
instanceKlass com/fasterxml/jackson/databind/introspect/ClassIntrospector
instanceKlass com/fasterxml/jackson/databind/JsonSerializable
instanceKlass com/fasterxml/jackson/databind/ser/SerializerFactory
instanceKlass com/fasterxml/jackson/databind/deser/DeserializerFactory
instanceKlass com/fasterxml/jackson/databind/DatabindContext
instanceKlass com/fasterxml/jackson/databind/jsontype/SubtypeResolver
instanceKlass com/fasterxml/jackson/core/type/TypeReference
instanceKlass com/fasterxml/jackson/core/type/ResolvedType
instanceKlass com/fasterxml/jackson/core/JsonFactory
instanceKlass com/fasterxml/jackson/core/Version
instanceKlass com/fasterxml/jackson/core/JsonParser
instanceKlass com/fasterxml/jackson/core/TreeNode
instanceKlass com/fasterxml/jackson/core/JsonGenerator
instanceKlass javax/ws/rs/core/MultivaluedMap
instanceKlass com/fasterxml/jackson/jaxrs/base/ProviderBase
instanceKlass com/fasterxml/jackson/databind/AnnotationIntrospector
instanceKlass org/sonatype/nexus/client/core/subsystem/repository/maven/MavenGroupRepository
instanceKlass org/sonatype/nexus/client/core/subsystem/repository/maven/MavenProxyRepository
instanceKlass org/sonatype/nexus/client/core/subsystem/repository/maven/MavenHostedRepository
instanceKlass org/sonatype/nexus/client/core/subsystem/repository/maven/MavenM1VirtualRepository
instanceKlass org/sonatype/nexus/client/core/subsystem/repository/VirtualRepository
instanceKlass org/sonatype/nexus/client/core/subsystem/repository/HostedRepository
instanceKlass org/sonatype/nexus/client/core/subsystem/repository/GroupRepository
instanceKlass org/sonatype/nexus/rest/model/RepositoryBaseResource
instanceKlass org/sonatype/nexus/client/core/spi/SubsystemSupport
instanceKlass org/sonatype/nexus/client/core/subsystem/repository/ProxyRepository
instanceKlass org/sonatype/nexus/client/core/subsystem/repository/BaseRepository
instanceKlass org/sonatype/nexus/client/core/subsystem/repository/Repository
instanceKlass org/sonatype/nexus/client/core/subsystem/ServerConfiguration
instanceKlass org/sonatype/nexus/client/core/subsystem/security/Privileges
instanceKlass org/sonatype/nexus/client/core/subsystem/security/Roles
instanceKlass org/sonatype/nexus/client/core/subsystem/routing/Routing
instanceKlass org/sonatype/nexus/client/core/subsystem/targets/RepositoryTargets
instanceKlass org/sonatype/nexus/client/core/subsystem/EntityRepository
instanceKlass org/sonatype/nexus/client/core/subsystem/Utilities
instanceKlass org/sonatype/nexus/client/core/subsystem/repository/Repositories
instanceKlass org/sonatype/nexus/client/core/subsystem/content/Content
instanceKlass org/sonatype/nexus/client/core/subsystem/artifact/ArtifactMaven
instanceKlass com/thoughtworks/xstream/XStream
instanceKlass org/sonatype/nexus/client/rest/ConnectionInfo
instanceKlass org/sonatype/nexus/client/rest/AuthenticationInfo
instanceKlass org/sonatype/nexus/client/rest/BaseUrl
instanceKlass org/sonatype/nexus/client/core/Condition
instanceKlass javax/ws/rs/core/MediaType
instanceKlass com/sun/jersey/api/client/filter/ClientFilter
instanceKlass org/apache/http/conn/scheme/SchemeSocketFactory
instanceKlass org/apache/http/conn/ssl/X509HostnameVerifier
instanceKlass org/apache/http/conn/ssl/TrustStrategy
instanceKlass com/sun/jersey/client/apache4/config/ApacheHttpClient4Config
instanceKlass com/sun/jersey/api/client/config/ClientConfig
instanceKlass com/sun/jersey/core/util/FeaturesAndProperties
instanceKlass com/sun/jersey/api/client/filter/Filterable
instanceKlass com/sun/jersey/api/client/ClientHandler
instanceKlass org/sonatype/nexus/client/internal/rest/AbstractNexusClient
instanceKlass org/sonatype/plexus/components/cipher/shaded/PBECipher
instanceKlass org/sonatype/plexus/components/cipher/shaded/DefaultPlexusCipher
instanceKlass org/sonatype/plexus/components/cipher/PBECipher
instanceKlass org/sonatype/nexus/maven/staging/zapper/ZapperRequest
instanceKlass org/sonatype/spice/zapper/IOSourceListable
instanceKlass org/sonatype/spice/zapper/IOSource
instanceKlass org/sonatype/spice/zapper/Client
instanceKlass org/apache/http/client/CredentialsProvider
instanceKlass org/apache/http/auth/Credentials
instanceKlass org/sonatype/nexus/maven/staging/zapper/ZapperImpl
instanceKlass org/sonatype/plexus/components/sec/dispatcher/shaded/model/SettingsSecurity
instanceKlass org/sonatype/nexus/maven/staging/deploy/strategy/StrategyRequestSupport
instanceKlass com/google/common/base/Function
instanceKlass org/sonatype/nexus/maven/staging/deploy/StagingRepository
instanceKlass com/sonatype/nexus/staging/client/Profile
instanceKlass org/sonatype/nexus/client/core/subsystem/Entity
instanceKlass org/sonatype/nexus/maven/staging/remote/RemoteNexus
instanceKlass org/sonatype/nexus/maven/staging/deploy/strategy/AbstractDeployStrategy
instanceKlass com/sonatype/nexus/staging/client/StagingWorkflowV2Service
instanceKlass com/sonatype/nexus/staging/client/StagingWorkflowV1Service
instanceKlass org/sonatype/nexus/client/core/NexusClient
instanceKlass org/sonatype/nexus/maven/staging/StagingActionMessages
instanceKlass org/sonatype/nexus/maven/staging/remote/Parameters
instanceKlass javax/ws/rs/Produces
instanceKlass javax/ws/rs/Consumes
instanceKlass javax/ws/rs/ext/Provider
instanceKlass org/sonatype/sisu/siesta/jackson/JacksonProvider
instanceKlass javax/ws/rs/ext/MessageBodyWriter
instanceKlass javax/ws/rs/ext/MessageBodyReader
instanceKlass org/sonatype/sisu/siesta/common/Component
instanceKlass com/fasterxml/jackson/core/TreeCodec
instanceKlass com/fasterxml/jackson/core/Versioned
instanceKlass org/sonatype/sisu/siesta/jackson/ObjectMapperProvider
instanceKlass org/sonatype/nexus/client/internal/rest/jersey/subsystem/repository/JerseyVirtualRepositoryFactory
instanceKlass org/sonatype/nexus/client/internal/rest/jersey/subsystem/repository/JerseyHostedRepositoryFactory
instanceKlass org/sonatype/nexus/client/internal/rest/jersey/subsystem/repository/JerseyGroupRepositoryFactory
instanceKlass org/sonatype/nexus/client/internal/rest/jersey/subsystem/repository/JerseyProxyRepositoryFactory
instanceKlass org/sonatype/nexus/client/core/spi/subsystem/repository/RepositoryFactory
instanceKlass org/sonatype/nexus/client/rest/jersey/subsystem/JerseyServerConfigurationFactory
instanceKlass org/sonatype/nexus/client/rest/jersey/subsystem/JerseyPrivilegesSubsystemFactory
instanceKlass org/sonatype/nexus/client/rest/jersey/subsystem/JerseyRolesSubsystemFactory
instanceKlass org/sonatype/nexus/client/rest/jersey/subsystem/JerseyRoutingFactory
instanceKlass org/sonatype/nexus/client/rest/jersey/subsystem/JerseyRepositoryTargetsSubsystemFactory
instanceKlass org/sonatype/nexus/client/rest/jersey/subsystem/JerseyUtilitiesSubsystemFactory
instanceKlass org/sonatype/nexus/client/rest/jersey/subsystem/JerseyRepositoriesFactory
instanceKlass org/sonatype/nexus/client/rest/jersey/subsystem/JerseyContentSubsystemFactory
instanceKlass org/sonatype/nexus/client/rest/jersey/subsystem/JerseyArtifactMavenSubsystemFactory
instanceKlass org/sonatype/nexus/client/core/spi/SubsystemFactory
instanceKlass org/sonatype/nexus/client/rest/jersey/NexusClientFactoryImpl
instanceKlass org/sonatype/nexus/client/rest/NexusClientFactory
instanceKlass org/sonatype/nexus/client/rest/jersey/SiestaClientSubsystemProvider
instanceKlass org/sonatype/nexus/client/rest/jersey/SubsystemFactoriesSubsystemProvider
instanceKlass org/sonatype/nexus/client/rest/jersey/GuiceSubsystemProvider
instanceKlass org/sonatype/nexus/client/core/spi/SubsystemProvider
instanceKlass org/sonatype/plexus/components/cipher/DefaultPlexusCipher
instanceKlass org/sonatype/plexus/components/cipher/PlexusCipher
instanceKlass org/sonatype/nexus/maven/staging/deploy/strategy/DeployStrategy
instanceKlass org/sonatype/nexus/maven/staging/zapper/Zapper
instanceKlass org/sonatype/plexus/components/cipher/shaded/PlexusCipher
instanceKlass org/sonatype/plexus/components/sec/dispatcher/SecDispatcher
instanceKlass org/codehaus/plexus/archiver/filters/JarSecurityFileSelector
instanceKlass org/apache/maven/doxia/module/site/manager/DefaultSiteModuleManager
instanceKlass org/apache/maven/doxia/module/xhtml/decoration/render/RenderingContext
instanceKlass org/apache/maven/doxia/siterenderer/SiteRenderingContext
instanceKlass org/apache/velocity/context/Context
instanceKlass org/apache/maven/doxia/module/xhtml/XhtmlMarkup
instanceKlass org/apache/maven/doxia/module/apt/AptSource
instanceKlass org/apache/maven/doxia/module/apt/AptParser$Block
instanceKlass org/apache/maven/doxia/DefaultDoxia
instanceKlass org/codehaus/plexus/archiver/tar/TarArchiver$TarOptions
instanceKlass org/codehaus/plexus/archiver/manager/DefaultArchiverManager
instanceKlass org/apache/maven/doxia/module/fml/model/Faqs
instanceKlass org/apache/maven/doxia/module/fml/FmlParser
instanceKlass org/apache/maven/doxia/index/IndexEntry
instanceKlass org/apache/maven/doxia/module/apt/AptMarkup
instanceKlass org/apache/maven/doxia/markup/TextMarkup
instanceKlass org/apache/maven/doxia/module/site/AbstractSiteModule
instanceKlass org/sonatype/plexus/components/sec/dispatcher/model/SettingsSecurity
instanceKlass org/codehaus/plexus/components/io/fileselectors/AllFilesFileSelector
instanceKlass org/codehaus/plexus/components/io/resources/PlexusIoCompressedFileResourceCollection
instanceKlass org/apache/maven/doxia/parser/AbstractParser
instanceKlass org/sonatype/plexus/components/cipher/PBECipher
instanceKlass org/codehaus/plexus/components/io/filemappers/AbstractFileMapper
instanceKlass org/apache/maven/doxia/macro/manager/DefaultMacroManager
instanceKlass org/apache/maven/doxia/macro/MacroRequest
instanceKlass org/apache/maven/doxia/macro/AbstractMacro
instanceKlass org/codehaus/plexus/archiver/tar/TarFile
instanceKlass org/codehaus/plexus/archiver/ArchiveFile
instanceKlass org/codehaus/plexus/util/MatchPatterns
instanceKlass org/codehaus/plexus/components/io/fileselectors/IncludeExcludeFileSelector
instanceKlass org/apache/commons/compress/compressors/bzip2/BZip2Constants
instanceKlass org/apache/maven/doxia/util/LineBreaker
instanceKlass org/apache/maven/doxia/sink/SinkAdapter
instanceKlass org/apache/maven/doxia/module/xdoc/XdocMarkup
instanceKlass org/apache/maven/doxia/markup/XmlMarkup
instanceKlass org/apache/maven/doxia/markup/Markup
instanceKlass org/codehaus/plexus/components/io/resources/Stream
instanceKlass org/codehaus/plexus/components/io/functions/InputStreamTransformer
instanceKlass org/codehaus/plexus/components/io/resources/AbstractPlexusIoResourceCollection
instanceKlass org/codehaus/plexus/components/io/resources/PlexusIoArchivedResourceCollection
instanceKlass org/codehaus/plexus/components/io/resources/EncodingSupported
instanceKlass org/apache/velocity/runtime/RuntimeServices
instanceKlass org/apache/velocity/runtime/RuntimeLogger
instanceKlass org/apache/velocity/app/VelocityEngine
instanceKlass org/apache/velocity/runtime/RuntimeConstants
instanceKlass org/apache/velocity/runtime/log/LogSystem
instanceKlass org/apache/maven/shared/dependency/graph/DependencyNode
instanceKlass org/apache/commons/compress/utils/InputStreamStatistics
instanceKlass org/apache/commons/compress/archivers/zip/ZipFile
instanceKlass org/apache/maven/doxia/parser/manager/DefaultParserManager
instanceKlass org/apache/maven/doxia/site/decoration/inheritance/DefaultDecorationModelInheritanceAssembler$URLContainer
instanceKlass org/apache/maven/doxia/site/decoration/Banner
instanceKlass org/apache/maven/doxia/site/decoration/DecorationModel
instanceKlass org/apache/maven/doxia/site/decoration/LinkItem
instanceKlass org/apache/maven/doxia/site/decoration/inheritance/DefaultDecorationModelInheritanceAssembler
instanceKlass org/apache/commons/compress/archivers/zip/ZipArchiveOutputStream$UnicodeExtraFieldPolicy
instanceKlass org/codehaus/plexus/archiver/zip/ConcurrentJarCreator
instanceKlass org/codehaus/plexus/archiver/zip/AddedDirs
instanceKlass org/apache/commons/compress/archivers/EntryStreamOffsets
instanceKlass org/apache/commons/compress/archivers/ArchiveEntry
instanceKlass org/apache/commons/compress/parallel/InputStreamSupplier
instanceKlass org/codehaus/plexus/archiver/FileSet
instanceKlass org/codehaus/plexus/archiver/ArchivedFileSet
instanceKlass org/codehaus/plexus/archiver/BaseFileSet
instanceKlass org/codehaus/plexus/components/io/resources/PlexusIoResource
instanceKlass org/codehaus/plexus/components/io/functions/ContentSupplier
instanceKlass org/codehaus/plexus/components/io/functions/SizeSupplier
instanceKlass org/codehaus/plexus/components/io/fileselectors/FileInfo
instanceKlass org/codehaus/plexus/components/io/functions/NameSupplier
instanceKlass org/codehaus/plexus/archiver/AbstractArchiver$AddedResourceCollection
instanceKlass org/codehaus/plexus/archiver/ArchiveEntry
instanceKlass org/codehaus/plexus/archiver/ArchiveFinalizer
instanceKlass org/codehaus/plexus/archiver/ResourceIterator
instanceKlass org/codehaus/plexus/components/io/attributes/PlexusIoResourceAttributes
instanceKlass org/codehaus/plexus/archiver/FinalizerEnabled
instanceKlass org/apache/felix/bundlerepository/impl/ResourceImpl
instanceKlass org/apache/felix/bundlerepository/Repository
instanceKlass org/apache/felix/bundlerepository/Resource
instanceKlass org/codehaus/doxia/sink/Sink
instanceKlass org/apache/felix/bundleplugin/BundleInfo
instanceKlass org/apache/felix/obrplugin/RemoteFileManager
instanceKlass org/apache/felix/obrplugin/ObrUpdate
instanceKlass org/codehaus/plexus/util/xml/XMLWriter
instanceKlass aQute/bnd/service/diff/Diff
instanceKlass org/apache/felix/bundleplugin/baseline/DiffMessage
instanceKlass aQute/bnd/version/Version
instanceKlass aQute/bnd/service/diff/Differ
instanceKlass org/codehaus/plexus/util/Scanner
instanceKlass aQute/bnd/osgi/Jar
instanceKlass aQute/bnd/osgi/Instructions
instanceKlass org/apache/felix/bundleplugin/BundlePlugin$ClassPathItem
instanceKlass org/apache/maven/archiver/MavenArchiveConfiguration
instanceKlass aQute/bnd/osgi/Resource
instanceKlass aQute/bnd/osgi/Domain
instanceKlass aQute/bnd/osgi/Constants
instanceKlass aQute/bnd/service/Registry
instanceKlass aQute/service/reporter/Reporter
instanceKlass aQute/service/reporter/Report
instanceKlass org/apache/maven/shared/osgi/Maven2OsgiConverter
instanceKlass org/apache/maven/doxia/module/site/SiteModule
instanceKlass org/apache/maven/doxia/sink/Sink
instanceKlass org/apache/maven/doxia/parser/Parser
instanceKlass org/apache/maven/doxia/site/decoration/inheritance/DecorationModelInheritanceAssembler
instanceKlass org/codehaus/plexus/i18n/I18N
instanceKlass org/apache/maven/doxia/parser/manager/ParserManager
instanceKlass org/apache/maven/doxia/module/site/manager/SiteModuleManager
instanceKlass org/apache/maven/doxia/macro/manager/MacroManager
instanceKlass org/apache/maven/doxia/macro/Macro
instanceKlass org/apache/maven/doxia/Doxia
instanceKlass org/apache/maven/doxia/siterenderer/Renderer
instanceKlass org/codehaus/plexus/velocity/VelocityComponent
instanceKlass org/sonatype/plexus/build/incremental/BuildContext
instanceKlass org/apache/maven/shared/dependency/graph/DependencyGraphBuilder
instanceKlass org/codehaus/plexus/components/io/filemappers/FileMapper
instanceKlass org/codehaus/plexus/components/io/resources/PlexusIoResourceCollection
instanceKlass org/codehaus/plexus/components/io/fileselectors/FileSelector
instanceKlass org/codehaus/plexus/archiver/manager/ArchiverManager
instanceKlass org/codehaus/plexus/archiver/UnArchiver
instanceKlass org/codehaus/plexus/archiver/Archiver
instanceKlass org/sonatype/plexus/components/cipher/PlexusCipher
instanceKlass org/sonatype/plexus/components/sec/dispatcher/SecDispatcher
instanceKlass org/apache/maven/reporting/MavenReport
instanceKlass org/apache/maven/scm/manager/AbstractScmManager
instanceKlass org/apache/maven/scm/provider/git/AbstractGitScmProvider$ScmUrlParserResult
instanceKlass org/apache/maven/scm/AbstractScmVersion
instanceKlass org/apache/maven/scm/ScmBranchParameters
instanceKlass org/apache/maven/scm/ScmTagParameters
instanceKlass org/apache/maven/scm/log/ScmLogDispatcher
instanceKlass org/apache/maven/scm/log/ScmLogger
instanceKlass org/apache/maven/scm/ScmFileSet
instanceKlass org/apache/maven/scm/provider/ScmProviderRepository
instanceKlass org/apache/maven/scm/provider/AbstractScmProvider
instanceKlass org/apache/maven/scm/repository/ScmRepository
instanceKlass org/apache/maven/scm/CommandParameters
instanceKlass org/apache/maven/scm/ScmResult
instanceKlass org/apache/maven/scm/provider/git/command/GitCommand
instanceKlass org/apache/maven/scm/command/Command
instanceKlass org/apache/maven/scm/ScmVersion
instanceKlass org/apache/maven/scm/provider/ScmProvider
instanceKlass org/apache/maven/scm/manager/ScmManager
instanceKlass org/apache/maven/scm/AbstractScmVersion
instanceKlass org/apache/maven/scm/provider/ScmProvider
instanceKlass org/apache/maven/scm/ScmRequest
instanceKlass org/apache/maven/scm/ScmVersion
instanceKlass org/apache/maven/scm/ScmResult
instanceKlass org/apache/maven/scm/ScmFileSet
instanceKlass org/apache/maven/scm/repository/ScmRepository
instanceKlass org/apache/maven/scm/log/ScmLogger
instanceKlass org/apache/maven/scm/manager/AbstractScmManager
instanceKlass org/apache/maven/scm/manager/ScmManager
instanceKlass org/apache/maven/scm/provider/git/AbstractGitScmProvider$ScmUrlParserResult
instanceKlass org/apache/maven/scm/provider/git/command/GitCommand
instanceKlass org/apache/maven/scm/command/Command
instanceKlass org/apache/maven/scm/AbstractScmVersion
instanceKlass org/apache/maven/scm/ScmRequest
instanceKlass org/apache/maven/scm/ScmBranchParameters
instanceKlass org/apache/maven/scm/ScmTagParameters
instanceKlass org/apache/maven/scm/provider/ScmProviderRepository
instanceKlass org/apache/maven/scm/CommandParameters
instanceKlass org/apache/maven/scm/ScmResult
instanceKlass org/apache/maven/scm/ScmFileSet
instanceKlass org/apache/maven/scm/repository/ScmRepository
instanceKlass org/apache/maven/scm/log/ScmLogDispatcher
instanceKlass org/apache/maven/scm/log/ScmLogger
instanceKlass org/apache/maven/scm/ScmVersion
instanceKlass org/apache/maven/scm/provider/AbstractScmProvider
instanceKlass org/apache/maven/scm/provider/ScmProvider
instanceKlass org/apache/maven/shared/dependency/graph/internal/Maven3DependencyGraphBuilder
instanceKlass org/apache/maven/shared/dependency/graph/internal/Maven2DependencyGraphBuilder
instanceKlass org/apache/maven/doxia/site/decoration/inheritance/DefaultDecorationModelInheritanceAssembler$URLContainer
instanceKlass org/apache/maven/doxia/site/decoration/Banner
instanceKlass org/apache/maven/doxia/site/decoration/LinkItem
instanceKlass org/apache/maven/doxia/site/decoration/inheritance/DefaultDecorationModelInheritanceAssembler
instanceKlass org/apache/maven/doxia/module/site/manager/DefaultSiteModuleManager
instanceKlass org/apache/maven/shared/dependency/tree/DependencyTree
instanceKlass org/apache/maven/shared/dependency/tree/DependencyNode
instanceKlass org/apache/maven/shared/dependency/tree/traversal/DependencyNodeVisitor
instanceKlass javax/annotation/Nullable
instanceKlass org/codehaus/plexus/util/MatchPatterns
instanceKlass org/codehaus/plexus/components/io/fileselectors/IncludeExcludeFileSelector
instanceKlass javax/annotation/WillNotClose
instanceKlass org/codehaus/plexus/components/interactivity/DefaultPrompter
instanceKlass org/apache/maven/doxia/macro/manager/DefaultMacroManager
instanceKlass org/sonatype/plexus/components/cipher/PBECipher
instanceKlass org/apache/maven/doxia/module/fml/model/Faqs
instanceKlass org/apache/maven/doxia/module/fml/FmlParser
instanceKlass org/codehaus/plexus/components/interactivity/DefaultOutputHandler
instanceKlass org/apache/maven/shared/dependency/graph/internal/Maven31DependencyGraphBuilder
instanceKlass org/apache/velocity/runtime/RuntimeServices
instanceKlass org/apache/velocity/runtime/RuntimeLogger
instanceKlass org/apache/velocity/app/VelocityEngine
instanceKlass org/apache/velocity/runtime/RuntimeConstants
instanceKlass org/apache/velocity/runtime/log/LogSystem
instanceKlass org/apache/maven/doxia/parser/manager/DefaultParserManager
instanceKlass org/sonatype/plexus/components/sec/dispatcher/model/SettingsSecurity
instanceKlass org/apache/maven/doxia/index/IndexEntry
instanceKlass org/codehaus/plexus/archiver/filters/JarSecurityFileSelector
instanceKlass org/apache/maven/doxia/DefaultDoxia
instanceKlass org/apache/maven/doxia/module/apt/AptSource
instanceKlass org/apache/maven/doxia/module/apt/AptParser$Block
instanceKlass org/apache/maven/doxia/parser/AbstractParser
instanceKlass org/apache/maven/doxia/module/apt/AptMarkup
instanceKlass org/apache/maven/doxia/markup/TextMarkup
instanceKlass org/codehaus/plexus/archiver/tar/TarArchiver$TarOptions
instanceKlass org/apache/maven/doxia/macro/MacroRequest
instanceKlass org/apache/maven/doxia/macro/AbstractMacro
instanceKlass org/apache/maven/doxia/site/decoration/DecorationModel
instanceKlass org/apache/maven/doxia/siterenderer/SiteRenderingContext
instanceKlass org/apache/velocity/context/Context
instanceKlass org/codehaus/plexus/archiver/tar/TarFile
instanceKlass org/codehaus/plexus/archiver/ArchiveFile
instanceKlass org/apache/maven/doxia/util/LineBreaker
instanceKlass org/apache/maven/doxia/module/xdoc/XdocMarkup
instanceKlass org/codehaus/plexus/archiver/manager/DefaultArchiverManager
instanceKlass org/codehaus/plexus/components/io/fileselectors/AllFilesFileSelector
instanceKlass org/apache/maven/doxia/module/site/AbstractSiteModule
instanceKlass org/apache/commons/compress/compressors/bzip2/BZip2Constants
instanceKlass org/apache/maven/doxia/module/xhtml/decoration/render/RenderingContext
instanceKlass org/apache/maven/doxia/sink/SinkAdapter
instanceKlass org/apache/maven/doxia/module/xhtml/XhtmlMarkup
instanceKlass org/apache/maven/doxia/markup/XmlMarkup
instanceKlass org/apache/maven/doxia/markup/Markup
instanceKlass org/codehaus/plexus/archiver/ArchiveEntry
instanceKlass org/codehaus/plexus/archiver/FileSet
instanceKlass org/codehaus/plexus/archiver/ArchivedFileSet
instanceKlass org/codehaus/plexus/archiver/BaseFileSet
instanceKlass org/codehaus/plexus/archiver/ResourceIterator
instanceKlass org/codehaus/plexus/components/io/resources/AbstractPlexusIoResourceCollection
instanceKlass org/codehaus/plexus/components/io/attributes/PlexusIoResourceAttributes
instanceKlass org/codehaus/plexus/components/io/functions/InputStreamTransformer
instanceKlass org/codehaus/plexus/components/io/functions/InputStreamSupplier
instanceKlass org/codehaus/plexus/components/io/resources/PlexusIoCompressedFileResourceCollection
instanceKlass org/codehaus/plexus/components/io/resources/PlexusIoArchivedResourceCollection
instanceKlass org/apache/commons/compress/archivers/ArchiveEntry
instanceKlass org/apache/commons/compress/archivers/zip/ZipFile
instanceKlass org/codehaus/plexus/archiver/ArchiveFinalizer
instanceKlass org/codehaus/plexus/components/io/resources/PlexusIoResource
instanceKlass org/codehaus/plexus/archiver/util/FilterSupport
instanceKlass org/codehaus/plexus/components/io/fileselectors/FileInfo
instanceKlass org/codehaus/plexus/archiver/FilterEnabled
instanceKlass org/codehaus/plexus/archiver/FinalizerEnabled
instanceKlass javax/annotation/meta/TypeQualifier
instanceKlass javax/annotation/Nonnull
instanceKlass org/codehaus/plexus/components/io/filemappers/AbstractFileMapper
instanceKlass org/apache/felix/bundlerepository/impl/ResourceImpl
instanceKlass org/apache/felix/bundlerepository/Repository
instanceKlass org/apache/felix/bundlerepository/Resource
instanceKlass org/codehaus/plexus/util/xml/XMLWriter
instanceKlass org/apache/felix/obrplugin/RemoteFileManager
instanceKlass org/apache/felix/obrplugin/ObrUpdate
instanceKlass org/apache/felix/bundleplugin/BundleInfo
instanceKlass org/codehaus/plexus/util/Scanner
instanceKlass aQute/bnd/osgi/Instructions
instanceKlass org/apache/maven/shared/dependency/graph/DependencyNode
instanceKlass org/apache/maven/archiver/MavenArchiveConfiguration
instanceKlass aQute/bnd/osgi/Resource
instanceKlass aQute/bnd/osgi/Domain
instanceKlass aQute/bnd/osgi/Constants
instanceKlass aQute/bnd/service/Registry
instanceKlass org/apache/maven/shared/osgi/Maven2OsgiConverter
instanceKlass org/codehaus/doxia/sink/Sink
instanceKlass aQute/bnd/service/diff/Diff
instanceKlass aQute/bnd/osgi/Jar
instanceKlass org/apache/felix/bundleplugin/baseline/DiffMessage
instanceKlass aQute/bnd/version/Version
instanceKlass aQute/bnd/service/diff/Differ
instanceKlass aQute/service/reporter/Reporter
instanceKlass aQute/service/reporter/Report
instanceKlass org/apache/maven/doxia/module/site/SiteModule
instanceKlass org/apache/maven/doxia/sink/Sink
instanceKlass org/apache/maven/doxia/parser/Parser
instanceKlass org/apache/maven/doxia/site/decoration/inheritance/DecorationModelInheritanceAssembler
instanceKlass org/codehaus/plexus/i18n/I18N
instanceKlass org/apache/maven/doxia/parser/manager/ParserManager
instanceKlass org/apache/maven/doxia/module/site/manager/SiteModuleManager
instanceKlass org/apache/maven/doxia/macro/manager/MacroManager
instanceKlass org/apache/maven/doxia/macro/Macro
instanceKlass org/apache/maven/doxia/Doxia
instanceKlass org/apache/maven/doxia/siterenderer/Renderer
instanceKlass org/codehaus/plexus/velocity/VelocityComponent
instanceKlass org/sonatype/plexus/build/incremental/BuildContext
instanceKlass org/apache/maven/shared/dependency/graph/DependencyGraphBuilder
instanceKlass org/apache/maven/shared/dependency/tree/DependencyTreeBuilder
instanceKlass org/codehaus/plexus/components/io/filemappers/FileMapper
instanceKlass org/codehaus/plexus/components/io/resources/PlexusIoResourceCollection
instanceKlass org/codehaus/plexus/components/io/fileselectors/FileSelector
instanceKlass org/codehaus/plexus/archiver/manager/ArchiverManager
instanceKlass org/codehaus/plexus/archiver/UnArchiver
instanceKlass org/codehaus/plexus/archiver/Archiver
instanceKlass org/sonatype/plexus/components/cipher/PlexusCipher
instanceKlass org/sonatype/plexus/components/sec/dispatcher/SecDispatcher
instanceKlass org/codehaus/plexus/components/interactivity/Prompter
instanceKlass org/codehaus/plexus/components/interactivity/OutputHandler
instanceKlass org/codehaus/plexus/components/interactivity/InputHandler
instanceKlass org/apache/maven/reporting/MavenReport
instanceKlass org/apache/maven/doxia/util/LineBreaker
instanceKlass org/apache/maven/doxia/parser/manager/DefaultParserManager
instanceKlass org/apache/maven/shared/dependency/graph/internal/Maven31DependencyGraphBuilder
instanceKlass org/apache/maven/shared/dependency/tree/DependencyTree
instanceKlass org/apache/maven/shared/dependency/tree/traversal/DependencyNodeVisitor
instanceKlass org/sonatype/plexus/components/sec/dispatcher/model/SettingsSecurity
instanceKlass org/codehaus/plexus/archiver/tar/TarArchiver$TarOptions
instanceKlass org/apache/maven/doxia/module/fml/model/Faqs
instanceKlass org/apache/maven/doxia/module/fml/FmlParser
instanceKlass org/apache/maven/shared/dependency/tree/DependencyNode
instanceKlass org/apache/maven/shared/dependency/graph/internal/Maven2DependencyGraphBuilder
instanceKlass org/apache/maven/doxia/module/site/manager/DefaultSiteModuleManager
instanceKlass org/apache/maven/doxia/index/IndexEntry
instanceKlass org/apache/maven/doxia/DefaultDoxia
instanceKlass javax/annotation/Nullable
instanceKlass org/codehaus/plexus/util/MatchPatterns
instanceKlass org/codehaus/plexus/components/io/fileselectors/IncludeExcludeFileSelector
instanceKlass org/apache/maven/doxia/module/xdoc/XdocMarkup
instanceKlass org/apache/maven/doxia/site/decoration/inheritance/DefaultDecorationModelInheritanceAssembler$URLContainer
instanceKlass org/apache/maven/doxia/site/decoration/Banner
instanceKlass org/apache/maven/doxia/site/decoration/LinkItem
instanceKlass org/apache/maven/doxia/site/decoration/inheritance/DefaultDecorationModelInheritanceAssembler
instanceKlass org/apache/maven/doxia/macro/manager/DefaultMacroManager
instanceKlass org/apache/maven/doxia/site/decoration/DecorationModel
instanceKlass org/apache/maven/doxia/siterenderer/SiteRenderingContext
instanceKlass org/apache/velocity/context/Context
instanceKlass org/apache/maven/doxia/module/site/AbstractSiteModule
instanceKlass org/codehaus/plexus/components/io/fileselectors/AllFilesFileSelector
instanceKlass org/apache/maven/shared/dependency/graph/internal/Maven3DependencyGraphBuilder
instanceKlass org/codehaus/plexus/archiver/tar/TarFile
instanceKlass org/codehaus/plexus/archiver/ArchiveFile
instanceKlass org/apache/maven/shared/dependency/graph/DependencyNode
instanceKlass org/apache/maven/doxia/module/xhtml/decoration/render/RenderingContext
instanceKlass org/apache/maven/doxia/sink/SinkAdapter
instanceKlass org/codehaus/plexus/archiver/manager/DefaultArchiverManager
instanceKlass org/apache/maven/doxia/macro/AbstractMacro
instanceKlass org/apache/maven/doxia/module/xhtml/XhtmlMarkup
instanceKlass org/apache/maven/doxia/markup/XmlMarkup
instanceKlass org/codehaus/plexus/archiver/filters/JarSecurityFileSelector
instanceKlass org/apache/maven/doxia/module/apt/AptSource
instanceKlass org/apache/maven/doxia/module/apt/AptParser$Block
instanceKlass org/apache/maven/doxia/macro/MacroRequest
instanceKlass org/apache/maven/doxia/parser/AbstractParser
instanceKlass org/apache/maven/doxia/module/apt/AptMarkup
instanceKlass org/apache/maven/doxia/markup/TextMarkup
instanceKlass org/apache/maven/doxia/markup/Markup
instanceKlass org/codehaus/plexus/components/io/filemappers/AbstractFileMapper
instanceKlass org/codehaus/plexus/archiver/ArchiveEntry
instanceKlass org/codehaus/plexus/archiver/FileSet
instanceKlass org/codehaus/plexus/archiver/ArchivedFileSet
instanceKlass org/codehaus/plexus/archiver/BaseFileSet
instanceKlass org/codehaus/plexus/archiver/ResourceIterator
instanceKlass org/sonatype/plexus/components/cipher/PBECipher
instanceKlass org/apache/commons/compress/archivers/ArchiveEntry
instanceKlass org/apache/commons/compress/archivers/zip/ZipFile
instanceKlass org/codehaus/plexus/components/io/resources/AbstractPlexusIoResourceCollection
instanceKlass org/apache/velocity/runtime/RuntimeServices
instanceKlass org/apache/velocity/runtime/RuntimeLogger
instanceKlass org/apache/velocity/app/VelocityEngine
instanceKlass org/apache/velocity/runtime/RuntimeConstants
instanceKlass org/apache/velocity/runtime/log/LogSystem
instanceKlass javax/annotation/WillNotClose
instanceKlass javax/annotation/meta/TypeQualifier
instanceKlass javax/annotation/Nonnull
instanceKlass org/codehaus/plexus/components/io/attributes/PlexusIoResourceAttributes
instanceKlass org/codehaus/plexus/components/io/functions/InputStreamTransformer
instanceKlass org/codehaus/plexus/components/io/functions/InputStreamSupplier
instanceKlass org/codehaus/plexus/components/io/resources/PlexusIoCompressedFileResourceCollection
instanceKlass org/codehaus/plexus/components/io/resources/PlexusIoArchivedResourceCollection
instanceKlass org/apache/commons/compress/compressors/bzip2/BZip2Constants
instanceKlass org/codehaus/plexus/archiver/ArchiveFinalizer
instanceKlass org/codehaus/plexus/components/io/resources/PlexusIoResource
instanceKlass org/codehaus/plexus/archiver/util/FilterSupport
instanceKlass org/codehaus/plexus/components/io/fileselectors/FileInfo
instanceKlass org/codehaus/plexus/archiver/FilterEnabled
instanceKlass org/codehaus/plexus/archiver/FinalizerEnabled
instanceKlass org/codehaus/plexus/util/xml/XMLWriter
instanceKlass org/apache/felix/bundleplugin/BundleInfo
instanceKlass org/codehaus/plexus/util/Scanner
instanceKlass org/codehaus/doxia/sink/Sink
instanceKlass aQute/bnd/service/diff/Diff
instanceKlass org/apache/felix/bundleplugin/baseline/DiffMessage
instanceKlass aQute/bnd/version/Version
instanceKlass aQute/bnd/service/diff/Differ
instanceKlass aQute/bnd/osgi/Jar
instanceKlass aQute/bnd/osgi/Instructions
instanceKlass org/apache/felix/bundleplugin/BundlePlugin$ClassPathItem
instanceKlass org/apache/maven/archiver/MavenArchiveConfiguration
instanceKlass aQute/bnd/osgi/Resource
instanceKlass aQute/bnd/osgi/Domain
instanceKlass aQute/bnd/osgi/Constants
instanceKlass aQute/bnd/service/Registry
instanceKlass aQute/service/reporter/Reporter
instanceKlass aQute/service/reporter/Report
instanceKlass org/apache/maven/shared/osgi/Maven2OsgiConverter
instanceKlass org/apache/felix/obrplugin/RemoteFileManager
instanceKlass org/apache/felix/obrplugin/ObrUpdate
instanceKlass org/apache/felix/bundlerepository/impl/ResourceImpl
instanceKlass org/apache/felix/bundlerepository/Repository
instanceKlass org/apache/felix/bundlerepository/Resource
instanceKlass org/apache/maven/doxia/module/site/SiteModule
instanceKlass org/apache/maven/doxia/sink/Sink
instanceKlass org/apache/maven/doxia/parser/Parser
instanceKlass org/apache/maven/doxia/site/decoration/inheritance/DecorationModelInheritanceAssembler
instanceKlass org/codehaus/plexus/i18n/I18N
instanceKlass org/apache/maven/doxia/parser/manager/ParserManager
instanceKlass org/apache/maven/doxia/module/site/manager/SiteModuleManager
instanceKlass org/apache/maven/doxia/macro/manager/MacroManager
instanceKlass org/apache/maven/doxia/macro/Macro
instanceKlass org/apache/maven/doxia/Doxia
instanceKlass org/apache/maven/doxia/siterenderer/Renderer
instanceKlass org/codehaus/plexus/velocity/VelocityComponent
instanceKlass org/sonatype/plexus/build/incremental/BuildContext
instanceKlass org/apache/maven/shared/dependency/graph/DependencyGraphBuilder
instanceKlass org/apache/maven/shared/dependency/tree/DependencyTreeBuilder
instanceKlass org/codehaus/plexus/components/io/filemappers/FileMapper
instanceKlass org/codehaus/plexus/components/io/resources/PlexusIoResourceCollection
instanceKlass org/codehaus/plexus/components/io/fileselectors/FileSelector
instanceKlass org/codehaus/plexus/archiver/manager/ArchiverManager
instanceKlass org/codehaus/plexus/archiver/UnArchiver
instanceKlass org/codehaus/plexus/archiver/Archiver
instanceKlass org/sonatype/plexus/components/cipher/PlexusCipher
instanceKlass org/sonatype/plexus/components/sec/dispatcher/SecDispatcher
instanceKlass org/apache/maven/reporting/MavenReport
instanceKlass org/apache/maven/model/building/DefaultModelProblem
instanceKlass org/apache/maven/model/building/ModelProblemCollectorRequest
instanceKlass org/sonatype/nexus/client/internal/rest/jersey/subsystem/repository/maven/JerseyMavenProxyRepositoryFactory$$FastClassByGuice$$329688641
instanceKlass org/sonatype/nexus/client/internal/rest/jersey/subsystem/repository/maven/JerseyMavenM1VirtualRepositoryFactory$$FastClassByGuice$$328784221
instanceKlass org/sonatype/nexus/client/internal/rest/jersey/subsystem/repository/maven/JerseyMavenGroupRepositoryFactory$$FastClassByGuice$$328086562
instanceKlass org/sonatype/nexus/client/internal/rest/jersey/subsystem/repository/maven/JerseyMavenHostedRepositoryFactory$$FastClassByGuice$$326858897
instanceKlass org/sonatype/nexus/client/internal/rest/jersey/subsystem/repository/JerseyGroupRepositoryFactory$$FastClassByGuice$$325895190
instanceKlass org/sonatype/nexus/client/internal/rest/jersey/subsystem/repository/JerseyVirtualRepositoryFactory$$FastClassByGuice$$324338742
instanceKlass org/sonatype/nexus/client/internal/rest/jersey/subsystem/repository/JerseyProxyRepositoryFactory$$FastClassByGuice$$323495263
instanceKlass org/sonatype/nexus/client/internal/rest/jersey/subsystem/repository/JerseyHostedRepositoryFactory$$FastClassByGuice$$322095215
instanceKlass org/sonatype/nexus/client/rest/jersey/subsystem/JerseyServerConfigurationFactory$$FastClassByGuice$$321342062
instanceKlass org/sonatype/nexus/client/rest/jersey/subsystem/JerseyRoutingFactory$$FastClassByGuice$$320516171
instanceKlass org/sonatype/nexus/client/rest/jersey/subsystem/JerseyArtifactMavenSubsystemFactory$$FastClassByGuice$$319771634
instanceKlass org/sonatype/nexus/client/rest/jersey/subsystem/JerseyRolesSubsystemFactory$$FastClassByGuice$$318301054
instanceKlass org/sonatype/nexus/client/rest/jersey/subsystem/JerseyUtilitiesSubsystemFactory$$FastClassByGuice$$317019737
instanceKlass org/sonatype/nexus/client/rest/jersey/subsystem/JerseyRepositoriesFactory$$FastClassByGuice$$315887302
instanceKlass org/sonatype/nexus/client/rest/jersey/subsystem/JerseyContentSubsystemFactory$$FastClassByGuice$$314895482
instanceKlass org/sonatype/nexus/client/rest/jersey/subsystem/JerseyPrivilegesSubsystemFactory$$FastClassByGuice$$314165371
instanceKlass org/sonatype/nexus/client/rest/jersey/subsystem/JerseyRepositoryTargetsSubsystemFactory$$FastClassByGuice$$313290398
instanceKlass org/sonatype/nexus/client/rest/jersey/JerseyNexusClientFactory$$FastClassByGuice$$311598204
instanceKlass org/sonatype/nexus/client/rest/jersey/SubsystemFactoriesSubsystemProvider$$FastClassByGuice$$310944150
instanceKlass org/sonatype/nexus/client/rest/jersey/SiestaClientSubsystemProvider$$FastClassByGuice$$309814582
instanceKlass org/sonatype/plexus/components/cipher/DefaultPlexusCipher$$FastClassByGuice$$309146681
instanceKlass org/sonatype/nexus/client/core/subsystem/repository/maven/MavenProxyRepository
instanceKlass org/sonatype/nexus/client/core/subsystem/repository/maven/MavenM1VirtualRepository
instanceKlass org/sonatype/nexus/client/core/subsystem/repository/maven/MavenGroupRepository
instanceKlass org/sonatype/nexus/client/core/subsystem/repository/maven/MavenHostedRepository
instanceKlass org/sonatype/nexus/client/core/subsystem/repository/GroupRepository
instanceKlass org/sonatype/nexus/client/core/subsystem/repository/VirtualRepository
instanceKlass org/sonatype/nexus/client/core/subsystem/repository/ProxyRepository
instanceKlass org/sonatype/nexus/rest/model/RepositoryBaseResource
instanceKlass org/sonatype/nexus/client/core/spi/SubsystemSupport
instanceKlass org/sonatype/nexus/client/core/subsystem/repository/HostedRepository
instanceKlass org/sonatype/nexus/client/core/subsystem/repository/BaseRepository
instanceKlass org/sonatype/nexus/client/core/subsystem/repository/Repository
instanceKlass org/sonatype/nexus/client/core/subsystem/ServerConfiguration
instanceKlass org/sonatype/nexus/client/core/subsystem/routing/Routing
instanceKlass org/sonatype/nexus/client/core/subsystem/artifact/ArtifactMaven
instanceKlass org/sonatype/nexus/client/core/subsystem/security/Roles
instanceKlass org/sonatype/nexus/client/core/subsystem/Utilities
instanceKlass org/sonatype/nexus/client/core/subsystem/repository/Repositories
instanceKlass org/sonatype/nexus/client/core/subsystem/content/Content
instanceKlass org/sonatype/nexus/client/core/subsystem/security/Privileges
instanceKlass org/sonatype/nexus/client/core/subsystem/targets/RepositoryTargets
instanceKlass org/sonatype/nexus/client/core/subsystem/EntityRepository
instanceKlass com/thoughtworks/xstream/XStream
instanceKlass org/sonatype/nexus/client/rest/ConnectionInfo
instanceKlass org/sonatype/nexus/client/rest/AuthenticationInfo
instanceKlass org/sonatype/nexus/client/rest/BaseUrl
instanceKlass org/sonatype/nexus/client/core/Condition
instanceKlass javax/ws/rs/core/MediaType
instanceKlass com/sun/jersey/api/client/filter/ClientFilter
instanceKlass org/apache/http/conn/scheme/SchemeSocketFactory
instanceKlass org/apache/http/conn/ssl/X509HostnameVerifier
instanceKlass org/apache/http/conn/ssl/TrustStrategy
instanceKlass com/sun/jersey/client/apache4/config/ApacheHttpClient4Config
instanceKlass com/sun/jersey/api/client/config/ClientConfig
instanceKlass com/sun/jersey/core/util/FeaturesAndProperties
instanceKlass com/sun/jersey/api/client/filter/Filterable
instanceKlass com/sun/jersey/api/client/ClientHandler
instanceKlass org/sonatype/nexus/client/internal/rest/AbstractNexusClient
instanceKlass com/google/common/base/Function
instanceKlass org/sonatype/nexus/maven/staging/zapper/ZapperRequest
instanceKlass org/sonatype/spice/zapper/IOSourceListable
instanceKlass org/sonatype/spice/zapper/IOSource
instanceKlass org/sonatype/spice/zapper/Client
instanceKlass org/apache/http/client/CredentialsProvider
instanceKlass org/apache/http/auth/Credentials
instanceKlass org/sonatype/nexus/maven/staging/zapper/ZapperImpl
instanceKlass org/sonatype/nexus/maven/staging/deploy/StagingRepository
instanceKlass com/sonatype/nexus/staging/client/Profile
instanceKlass org/sonatype/nexus/client/core/subsystem/Entity
instanceKlass org/sonatype/nexus/maven/staging/remote/RemoteNexus
instanceKlass org/sonatype/plexus/components/cipher/shaded/PBECipher
instanceKlass org/sonatype/plexus/components/cipher/shaded/DefaultPlexusCipher
instanceKlass org/sonatype/plexus/components/cipher/PBECipher
instanceKlass org/sonatype/plexus/components/sec/dispatcher/shaded/model/SettingsSecurity
instanceKlass org/sonatype/nexus/maven/staging/deploy/strategy/StrategyRequestSupport
instanceKlass com/sonatype/nexus/staging/client/StagingWorkflowV2Service
instanceKlass com/sonatype/nexus/staging/client/StagingWorkflowV1Service
instanceKlass org/sonatype/nexus/client/core/NexusClient
instanceKlass org/sonatype/nexus/maven/staging/StagingActionMessages
instanceKlass org/sonatype/nexus/maven/staging/remote/Parameters
instanceKlass org/sonatype/nexus/client/internal/rest/jersey/subsystem/repository/JerseyGroupRepositoryFactory
instanceKlass org/sonatype/nexus/client/internal/rest/jersey/subsystem/repository/JerseyVirtualRepositoryFactory
instanceKlass org/sonatype/nexus/client/internal/rest/jersey/subsystem/repository/JerseyProxyRepositoryFactory
instanceKlass org/sonatype/nexus/client/internal/rest/jersey/subsystem/repository/JerseyHostedRepositoryFactory
instanceKlass org/sonatype/nexus/client/core/spi/subsystem/repository/RepositoryFactory
instanceKlass org/sonatype/nexus/client/rest/jersey/subsystem/JerseyServerConfigurationFactory
instanceKlass org/sonatype/nexus/client/rest/jersey/subsystem/JerseyRoutingFactory
instanceKlass org/sonatype/nexus/client/rest/jersey/subsystem/JerseyArtifactMavenSubsystemFactory
instanceKlass org/sonatype/nexus/client/rest/jersey/subsystem/JerseyRolesSubsystemFactory
instanceKlass org/sonatype/nexus/client/rest/jersey/subsystem/JerseyUtilitiesSubsystemFactory
instanceKlass org/sonatype/nexus/client/rest/jersey/subsystem/JerseyRepositoriesFactory
instanceKlass org/sonatype/nexus/client/rest/jersey/subsystem/JerseyContentSubsystemFactory
instanceKlass org/sonatype/nexus/client/rest/jersey/subsystem/JerseyPrivilegesSubsystemFactory
instanceKlass org/sonatype/nexus/client/rest/jersey/subsystem/JerseyRepositoryTargetsSubsystemFactory
instanceKlass org/sonatype/nexus/client/core/spi/SubsystemFactory
instanceKlass org/sonatype/nexus/client/rest/jersey/NexusClientFactoryImpl
instanceKlass org/sonatype/nexus/client/rest/NexusClientFactory
instanceKlass org/sonatype/nexus/client/rest/jersey/GuiceSubsystemProvider
instanceKlass org/sonatype/nexus/client/rest/jersey/SubsystemFactoriesSubsystemProvider
instanceKlass org/sonatype/nexus/client/rest/jersey/SiestaClientSubsystemProvider
instanceKlass org/sonatype/nexus/client/core/spi/SubsystemProvider
instanceKlass org/sonatype/plexus/components/cipher/DefaultPlexusCipher
instanceKlass org/sonatype/plexus/components/cipher/PlexusCipher
instanceKlass org/sonatype/nexus/maven/staging/zapper/Zapper
instanceKlass org/sonatype/nexus/maven/staging/deploy/strategy/DeployStrategy
instanceKlass org/sonatype/plexus/components/cipher/shaded/PlexusCipher
instanceKlass org/sonatype/plexus/components/sec/dispatcher/SecDispatcher
instanceKlass org/sonatype/sisu/siesta/jackson/JacksonProvider$$FastClassByGuice$$308257682
instanceKlass org/sonatype/sisu/siesta/jackson/ObjectMapperProvider$$FastClassByGuice$$307017543
instanceKlass org/sonatype/nexus/client/internal/rest/jersey/subsystem/repository/maven/JerseyMavenProxyRepositoryFactory$$FastClassByGuice$$305194499
instanceKlass org/sonatype/nexus/client/internal/rest/jersey/subsystem/repository/maven/JerseyMavenHostedRepositoryFactory$$FastClassByGuice$$304409427
instanceKlass org/sonatype/nexus/client/internal/rest/jersey/subsystem/repository/maven/JerseyMavenM1VirtualRepositoryFactory$$FastClassByGuice$$303725509
instanceKlass org/sonatype/nexus/client/internal/rest/jersey/subsystem/repository/maven/JerseyMavenGroupRepositoryFactory$$FastClassByGuice$$302630809
instanceKlass org/sonatype/nexus/client/internal/rest/jersey/subsystem/repository/JerseyGroupRepositoryFactory$$FastClassByGuice$$301461325
instanceKlass org/sonatype/nexus/client/internal/rest/jersey/subsystem/repository/JerseyProxyRepositoryFactory$$FastClassByGuice$$300273298
instanceKlass org/sonatype/nexus/client/internal/rest/jersey/subsystem/repository/JerseyVirtualRepositoryFactory$$FastClassByGuice$$299454347
instanceKlass org/sonatype/nexus/client/internal/rest/jersey/subsystem/repository/JerseyHostedRepositoryFactory$$FastClassByGuice$$298624548
instanceKlass org/sonatype/nexus/client/rest/jersey/subsystem/JerseyUtilitiesSubsystemFactory$$FastClassByGuice$$297567701
instanceKlass org/sonatype/nexus/client/rest/jersey/subsystem/JerseyArtifactMavenSubsystemFactory$$FastClassByGuice$$296453258
instanceKlass org/sonatype/nexus/client/rest/jersey/subsystem/JerseyRepositoriesFactory$$FastClassByGuice$$294704934
instanceKlass org/sonatype/nexus/client/rest/jersey/subsystem/JerseyRepositoryTargetsSubsystemFactory$$FastClassByGuice$$294642158
instanceKlass org/sonatype/nexus/client/rest/jersey/subsystem/JerseyServerConfigurationFactory$$FastClassByGuice$$293469441
instanceKlass org/sonatype/nexus/client/rest/jersey/subsystem/JerseyRolesSubsystemFactory$$FastClassByGuice$$291667134
instanceKlass org/sonatype/nexus/client/rest/jersey/subsystem/JerseyRoutingFactory$$FastClassByGuice$$290474493
instanceKlass org/sonatype/nexus/client/rest/jersey/subsystem/JerseyPrivilegesSubsystemFactory$$FastClassByGuice$$289509294
instanceKlass org/sonatype/nexus/client/rest/jersey/subsystem/JerseyContentSubsystemFactory$$FastClassByGuice$$288369430
instanceKlass org/sonatype/nexus/client/rest/jersey/SiestaClientSubsystemProvider$$FastClassByGuice$$287965404
instanceKlass org/sonatype/nexus/client/rest/jersey/JerseyNexusClientFactory$$FastClassByGuice$$286824412
instanceKlass org/sonatype/nexus/client/rest/jersey/SubsystemFactoriesSubsystemProvider$$FastClassByGuice$$286222716
instanceKlass org/sonatype/plexus/components/cipher/DefaultPlexusCipher$$FastClassByGuice$$284845798
instanceKlass com/fasterxml/jackson/databind/ObjectMapper$$FastClassByGuice$$284000887
instanceKlass com/fasterxml/jackson/databind/jsonFormatVisitors/JsonFormatVisitorWrapper
instanceKlass com/fasterxml/jackson/databind/jsonFormatVisitors/JsonFormatVisitorWithSerializerProvider
instanceKlass com/fasterxml/jackson/databind/cfg/HandlerInstantiator
instanceKlass com/fasterxml/jackson/databind/PropertyNamingStrategy
instanceKlass com/fasterxml/jackson/databind/JsonDeserializer
instanceKlass com/fasterxml/jackson/databind/Module
instanceKlass com/fasterxml/jackson/databind/jsonschema/JsonSchema
instanceKlass com/fasterxml/jackson/databind/MappingIterator
instanceKlass com/fasterxml/jackson/databind/jsontype/NamedType
instanceKlass com/fasterxml/jackson/databind/deser/DeserializationProblemHandler
instanceKlass com/fasterxml/jackson/core/io/CharacterEscapes
instanceKlass com/fasterxml/jackson/databind/ser/FilterProvider
instanceKlass com/fasterxml/jackson/databind/ObjectWriter
instanceKlass com/fasterxml/jackson/core/Base64Variant
instanceKlass com/fasterxml/jackson/databind/cfg/ContextAttributes
instanceKlass com/fasterxml/jackson/core/FormatSchema
instanceKlass com/fasterxml/jackson/databind/node/JsonNodeFactory
instanceKlass com/fasterxml/jackson/databind/node/JsonNodeCreator
instanceKlass com/fasterxml/jackson/databind/cfg/ConfigFeature
instanceKlass com/fasterxml/jackson/databind/util/RootNameLookup
instanceKlass com/fasterxml/jackson/databind/InjectableValues
instanceKlass com/fasterxml/jackson/databind/type/TypeFactory
instanceKlass com/fasterxml/jackson/databind/cfg/BaseSettings
instanceKlass com/fasterxml/jackson/databind/cfg/MapperConfig
instanceKlass com/fasterxml/jackson/databind/introspect/ClassIntrospector$MixInResolver
instanceKlass com/fasterxml/jackson/databind/jsontype/TypeResolverBuilder
instanceKlass com/fasterxml/jackson/databind/Module$SetupContext
instanceKlass com/fasterxml/jackson/databind/JsonNode
instanceKlass com/fasterxml/jackson/core/PrettyPrinter
instanceKlass com/fasterxml/jackson/databind/introspect/VisibilityChecker
instanceKlass com/fasterxml/jackson/databind/introspect/ClassIntrospector
instanceKlass com/fasterxml/jackson/databind/JsonSerializable
instanceKlass com/fasterxml/jackson/databind/ser/SerializerFactory
instanceKlass com/fasterxml/jackson/databind/deser/DeserializerFactory
instanceKlass com/fasterxml/jackson/databind/DatabindContext
instanceKlass com/fasterxml/jackson/databind/jsontype/SubtypeResolver
instanceKlass com/fasterxml/jackson/core/type/TypeReference
instanceKlass com/fasterxml/jackson/core/type/ResolvedType
instanceKlass com/fasterxml/jackson/core/JsonFactory
instanceKlass com/fasterxml/jackson/core/Version
instanceKlass com/fasterxml/jackson/core/JsonParser
instanceKlass com/fasterxml/jackson/core/TreeNode
instanceKlass com/fasterxml/jackson/core/JsonGenerator
instanceKlass javax/ws/rs/core/MultivaluedMap
instanceKlass com/fasterxml/jackson/jaxrs/base/ProviderBase
instanceKlass com/fasterxml/jackson/databind/AnnotationIntrospector
instanceKlass org/sonatype/nexus/client/core/subsystem/repository/maven/MavenProxyRepository
instanceKlass org/sonatype/nexus/client/core/subsystem/repository/maven/MavenHostedRepository
instanceKlass org/sonatype/nexus/client/core/subsystem/repository/maven/MavenM1VirtualRepository
instanceKlass org/sonatype/nexus/client/core/subsystem/repository/maven/MavenGroupRepository
instanceKlass org/sonatype/nexus/client/core/subsystem/repository/GroupRepository
instanceKlass org/sonatype/nexus/client/core/subsystem/repository/ProxyRepository
instanceKlass org/sonatype/nexus/client/core/subsystem/repository/VirtualRepository
instanceKlass org/sonatype/nexus/rest/model/RepositoryBaseResource
instanceKlass org/sonatype/nexus/client/core/spi/SubsystemSupport
instanceKlass org/sonatype/nexus/client/core/subsystem/repository/HostedRepository
instanceKlass org/sonatype/nexus/client/core/subsystem/repository/BaseRepository
instanceKlass org/sonatype/nexus/client/core/subsystem/repository/Repository
instanceKlass org/sonatype/nexus/client/core/subsystem/Utilities
instanceKlass org/sonatype/nexus/client/core/subsystem/artifact/ArtifactMaven
instanceKlass org/sonatype/nexus/client/core/subsystem/repository/Repositories
instanceKlass org/sonatype/nexus/client/core/subsystem/targets/RepositoryTargets
instanceKlass org/sonatype/nexus/client/core/subsystem/ServerConfiguration
instanceKlass org/sonatype/nexus/client/core/subsystem/security/Roles
instanceKlass org/sonatype/nexus/client/core/subsystem/routing/Routing
instanceKlass org/sonatype/nexus/client/core/subsystem/security/Privileges
instanceKlass org/sonatype/nexus/client/core/subsystem/EntityRepository
instanceKlass org/sonatype/nexus/client/core/subsystem/content/Content
instanceKlass com/thoughtworks/xstream/XStream
instanceKlass org/sonatype/nexus/client/rest/ConnectionInfo
instanceKlass org/sonatype/nexus/client/rest/AuthenticationInfo
instanceKlass org/sonatype/nexus/client/rest/BaseUrl
instanceKlass org/sonatype/nexus/client/core/Condition
instanceKlass javax/ws/rs/core/MediaType
instanceKlass com/sun/jersey/api/client/filter/ClientFilter
instanceKlass org/apache/http/conn/scheme/SchemeSocketFactory
instanceKlass org/apache/http/conn/ssl/X509HostnameVerifier
instanceKlass javax/net/ssl/HostnameVerifier
instanceKlass org/apache/http/conn/ssl/TrustStrategy
instanceKlass com/sun/jersey/client/apache4/config/ApacheHttpClient4Config
instanceKlass com/sun/jersey/api/client/config/ClientConfig
instanceKlass com/sun/jersey/core/util/FeaturesAndProperties
instanceKlass com/sun/jersey/api/client/filter/Filterable
instanceKlass com/sun/jersey/api/client/ClientHandler
instanceKlass com/google/inject/internal/MoreTypes$WildcardTypeImpl
instanceKlass org/sonatype/nexus/client/internal/rest/AbstractNexusClient
instanceKlass org/sonatype/plexus/components/cipher/PBECipher
instanceKlass org/sonatype/plexus/components/sec/dispatcher/shaded/model/SettingsSecurity
instanceKlass com/google/common/base/Function
instanceKlass org/sonatype/nexus/maven/staging/zapper/ZapperRequest
instanceKlass org/sonatype/spice/zapper/IOSourceListable
instanceKlass org/sonatype/spice/zapper/IOSource
instanceKlass org/sonatype/spice/zapper/Client
instanceKlass org/apache/http/client/CredentialsProvider
instanceKlass org/apache/http/auth/Credentials
instanceKlass org/sonatype/nexus/maven/staging/zapper/ZapperImpl
instanceKlass org/sonatype/plexus/components/cipher/shaded/PBECipher
instanceKlass org/sonatype/plexus/components/cipher/shaded/DefaultPlexusCipher
instanceKlass org/sonatype/nexus/maven/staging/deploy/StagingRepository
instanceKlass com/sonatype/nexus/staging/client/Profile
instanceKlass org/sonatype/nexus/client/core/subsystem/Entity
instanceKlass org/sonatype/nexus/maven/staging/remote/RemoteNexus
instanceKlass org/sonatype/nexus/maven/staging/deploy/strategy/StrategyRequestSupport
instanceKlass org/sonatype/nexus/maven/staging/deploy/strategy/AbstractDeployStrategy
instanceKlass com/sonatype/nexus/staging/client/StagingWorkflowV2Service
instanceKlass com/sonatype/nexus/staging/client/StagingWorkflowV1Service
instanceKlass org/sonatype/nexus/client/core/NexusClient
instanceKlass org/sonatype/nexus/maven/staging/StagingActionMessages
instanceKlass org/sonatype/nexus/maven/staging/remote/Parameters
instanceKlass javax/ws/rs/Produces
instanceKlass javax/ws/rs/Consumes
instanceKlass javax/ws/rs/ext/Provider
instanceKlass org/sonatype/sisu/siesta/jackson/JacksonProvider
instanceKlass javax/ws/rs/ext/MessageBodyWriter
instanceKlass javax/ws/rs/ext/MessageBodyReader
instanceKlass org/sonatype/sisu/siesta/common/Component
instanceKlass com/fasterxml/jackson/core/TreeCodec
instanceKlass com/fasterxml/jackson/core/Versioned
instanceKlass org/sonatype/sisu/siesta/jackson/ObjectMapperProvider
instanceKlass org/sonatype/nexus/client/internal/rest/jersey/subsystem/repository/JerseyGroupRepositoryFactory
instanceKlass org/sonatype/nexus/client/internal/rest/jersey/subsystem/repository/JerseyProxyRepositoryFactory
instanceKlass org/sonatype/nexus/client/internal/rest/jersey/subsystem/repository/JerseyVirtualRepositoryFactory
instanceKlass org/sonatype/nexus/client/internal/rest/jersey/subsystem/repository/JerseyHostedRepositoryFactory
instanceKlass org/sonatype/nexus/client/core/spi/subsystem/repository/RepositoryFactory
instanceKlass org/sonatype/nexus/client/rest/jersey/subsystem/JerseyUtilitiesSubsystemFactory
instanceKlass org/sonatype/nexus/client/rest/jersey/subsystem/JerseyArtifactMavenSubsystemFactory
instanceKlass org/sonatype/nexus/client/rest/jersey/subsystem/JerseyRepositoriesFactory
instanceKlass org/sonatype/nexus/client/rest/jersey/subsystem/JerseyRepositoryTargetsSubsystemFactory
instanceKlass org/sonatype/nexus/client/rest/jersey/subsystem/JerseyServerConfigurationFactory
instanceKlass org/sonatype/nexus/client/rest/jersey/subsystem/JerseyRolesSubsystemFactory
instanceKlass org/sonatype/nexus/client/rest/jersey/subsystem/JerseyRoutingFactory
instanceKlass org/sonatype/nexus/client/rest/jersey/subsystem/JerseyPrivilegesSubsystemFactory
instanceKlass org/sonatype/nexus/client/rest/jersey/subsystem/JerseyContentSubsystemFactory
instanceKlass org/sonatype/nexus/client/core/spi/SubsystemFactory
instanceKlass org/sonatype/nexus/client/rest/jersey/SiestaClientSubsystemProvider
instanceKlass org/sonatype/nexus/client/rest/jersey/NexusClientFactoryImpl
instanceKlass org/sonatype/nexus/client/rest/NexusClientFactory
instanceKlass org/sonatype/nexus/client/rest/jersey/GuiceSubsystemProvider
instanceKlass org/sonatype/nexus/client/rest/jersey/SubsystemFactoriesSubsystemProvider
instanceKlass org/sonatype/nexus/client/core/spi/SubsystemProvider
instanceKlass org/sonatype/plexus/components/cipher/DefaultPlexusCipher
instanceKlass org/sonatype/plexus/components/cipher/PlexusCipher
instanceKlass org/sonatype/nexus/maven/staging/zapper/Zapper
instanceKlass org/sonatype/nexus/maven/staging/deploy/strategy/DeployStrategy
instanceKlass org/sonatype/plexus/components/cipher/shaded/PlexusCipher
instanceKlass org/sonatype/plexus/components/sec/dispatcher/SecDispatcher
instanceKlass org/codehaus/plexus/components/io/resources/PlexusIoFileResource$1
instanceKlass org/codehaus/plexus/components/io/attributes/AttributeUtils
instanceKlass org/codehaus/plexus/components/io/attributes/FileAttributes
instanceKlass org/codehaus/plexus/components/io/attributes/PlexusIoResourceAttributeUtils
instanceKlass org/codehaus/plexus/components/io/functions/SymlinkDestinationSupplier
instanceKlass org/codehaus/plexus/components/io/resources/AbstractPlexusIoResource
instanceKlass org/codehaus/plexus/components/io/functions/FileSupplier
instanceKlass org/codehaus/plexus/components/io/functions/ResourceAttributeSupplier
instanceKlass org/codehaus/plexus/components/io/resources/ResourceFactory
instanceKlass org/apache/maven/plugins/assembly/archive/archiver/AssemblyProxyArchiver$DefaultFileInfo
instanceKlass org/apache/maven/plugins/assembly/utils/ProjectUtils
instanceKlass org/apache/maven/plugins/assembly/archive/task/AddArtifactTask
instanceKlass org/codehaus/plexus/archiver/manager/DefaultArchiverManager
instanceKlass org/apache/maven/doxia/macro/manager/DefaultMacroManager
instanceKlass org/codehaus/plexus/archiver/tar/TarArchiver$TarOptions
instanceKlass org/codehaus/plexus/util/MatchPatterns
instanceKlass org/codehaus/plexus/components/io/fileselectors/IncludeExcludeFileSelector
instanceKlass org/apache/maven/doxia/parser/manager/DefaultParserManager
instanceKlass org/apache/maven/doxia/module/apt/AptSource
instanceKlass org/apache/maven/doxia/module/apt/AptParser$Block
instanceKlass org/apache/maven/doxia/module/fml/model/Faqs
instanceKlass org/apache/maven/doxia/module/fml/FmlParser
instanceKlass org/apache/maven/doxia/site/decoration/inheritance/DefaultDecorationModelInheritanceAssembler$URLContainer
instanceKlass org/apache/maven/doxia/site/decoration/Banner
instanceKlass org/apache/maven/doxia/site/decoration/LinkItem
instanceKlass org/apache/maven/doxia/site/decoration/inheritance/DefaultDecorationModelInheritanceAssembler
instanceKlass org/apache/maven/doxia/module/apt/AptMarkup
instanceKlass org/apache/maven/doxia/markup/TextMarkup
instanceKlass org/apache/maven/doxia/site/decoration/DecorationModel
instanceKlass org/apache/maven/doxia/siterenderer/SiteRenderingContext
instanceKlass org/apache/velocity/context/Context
instanceKlass org/apache/maven/doxia/module/site/manager/DefaultSiteModuleManager
instanceKlass org/apache/maven/doxia/util/LineBreaker
instanceKlass org/apache/maven/doxia/module/xdoc/XdocMarkup
instanceKlass org/sonatype/plexus/components/cipher/PBECipher
instanceKlass org/apache/velocity/runtime/RuntimeServices
instanceKlass org/apache/velocity/runtime/RuntimeLogger
instanceKlass org/apache/velocity/app/VelocityEngine
instanceKlass org/apache/velocity/runtime/RuntimeConstants
instanceKlass org/apache/velocity/runtime/log/LogSystem
instanceKlass org/codehaus/plexus/components/io/filemappers/AbstractFileMapper
instanceKlass org/apache/maven/doxia/module/site/AbstractSiteModule
instanceKlass org/codehaus/plexus/components/io/fileselectors/AllFilesFileSelector
instanceKlass org/codehaus/plexus/archiver/tar/TarFile
instanceKlass org/codehaus/plexus/archiver/ArchiveFile
instanceKlass org/apache/maven/doxia/module/xhtml/decoration/render/RenderingContext
instanceKlass javax/swing/text/MutableAttributeSet
instanceKlass javax/swing/text/AttributeSet
instanceKlass org/apache/maven/doxia/sink/SinkAdapter
instanceKlass javax/swing/text/html/HTML$Tag
instanceKlass org/apache/maven/doxia/parser/AbstractParser
instanceKlass org/apache/maven/doxia/module/xhtml/XhtmlMarkup
instanceKlass org/apache/maven/doxia/markup/XmlMarkup
instanceKlass org/apache/maven/doxia/markup/Markup
instanceKlass org/apache/commons/compress/archivers/zip/ZipArchiveOutputStream$UnicodeExtraFieldPolicy
instanceKlass org/codehaus/plexus/archiver/zip/ConcurrentJarCreator
instanceKlass org/codehaus/plexus/archiver/zip/AddedDirs
instanceKlass org/apache/commons/compress/parallel/InputStreamSupplier
instanceKlass org/codehaus/plexus/archiver/FileSet
instanceKlass org/codehaus/plexus/archiver/ArchivedFileSet
instanceKlass org/codehaus/plexus/archiver/BaseFileSet
instanceKlass org/codehaus/plexus/archiver/AbstractArchiver$AddedResourceCollection
instanceKlass org/codehaus/plexus/archiver/ArchiveEntry
instanceKlass org/codehaus/plexus/archiver/ResourceIterator
instanceKlass org/apache/maven/doxia/index/IndexEntry
instanceKlass org/sonatype/plexus/components/sec/dispatcher/model/SettingsSecurity
instanceKlass org/codehaus/plexus/archiver/filters/JarSecurityFileSelector
instanceKlass org/apache/maven/doxia/DefaultDoxia
instanceKlass org/codehaus/plexus/components/io/resources/PlexusIoCompressedFileResourceCollection
instanceKlass org/apache/commons/compress/archivers/EntryStreamOffsets
instanceKlass org/apache/commons/compress/archivers/ArchiveEntry
instanceKlass org/apache/commons/compress/archivers/zip/ZipFile
instanceKlass org/codehaus/plexus/components/io/resources/PlexusIoArchivedResourceCollection
instanceKlass org/codehaus/plexus/components/io/resources/EncodingSupported
instanceKlass org/apache/commons/compress/compressors/bzip2/BZip2Constants
instanceKlass org/codehaus/plexus/components/io/resources/Stream
instanceKlass org/codehaus/plexus/components/io/attributes/PlexusIoResourceAttributes
instanceKlass org/codehaus/plexus/components/io/functions/InputStreamTransformer
instanceKlass org/codehaus/plexus/components/io/resources/AbstractPlexusIoResourceCollection
instanceKlass org/apache/maven/doxia/macro/MacroRequest
instanceKlass org/apache/maven/doxia/macro/AbstractMacro
instanceKlass org/apache/commons/compress/utils/InputStreamStatistics
instanceKlass org/codehaus/plexus/archiver/ArchiveFinalizer
instanceKlass org/codehaus/plexus/components/io/resources/PlexusIoResource
instanceKlass org/codehaus/plexus/components/io/functions/ContentSupplier
instanceKlass org/codehaus/plexus/components/io/functions/SizeSupplier
instanceKlass org/codehaus/plexus/components/io/fileselectors/FileInfo
instanceKlass org/codehaus/plexus/components/io/functions/NameSupplier
instanceKlass org/codehaus/plexus/archiver/FinalizerEnabled
instanceKlass org/apache/maven/shared/dependency/graph/DependencyNode
instanceKlass org/codehaus/doxia/sink/Sink
instanceKlass org/apache/felix/bundlerepository/impl/ResourceImpl
instanceKlass java/io/FileFilter
instanceKlass org/apache/felix/bundlerepository/Repository
instanceKlass org/apache/felix/bundlerepository/Resource
instanceKlass org/apache/felix/obrplugin/ObrUpdate
instanceKlass org/apache/felix/obrplugin/RemoteFileManager
instanceKlass javax/xml/parsers/DocumentBuilder
instanceKlass javax/xml/transform/Source
instanceKlass javax/xml/transform/Result
instanceKlass org/apache/felix/bundleplugin/BundleInfo
instanceKlass org/codehaus/plexus/util/Scanner
instanceKlass aQute/bnd/osgi/Instructions
instanceKlass org/apache/felix/bundleplugin/BundlePlugin$ClassPathItem
instanceKlass org/apache/maven/archiver/MavenArchiveConfiguration
instanceKlass aQute/bnd/osgi/Resource
instanceKlass aQute/bnd/osgi/Domain
instanceKlass aQute/bnd/osgi/Constants
instanceKlass aQute/bnd/service/Registry
instanceKlass org/apache/maven/shared/osgi/Maven2OsgiConverter
instanceKlass org/codehaus/plexus/util/xml/XMLWriter
instanceKlass aQute/bnd/service/diff/Diff
instanceKlass aQute/bnd/osgi/Jar
instanceKlass org/apache/felix/bundleplugin/baseline/DiffMessage
instanceKlass aQute/bnd/version/Version
instanceKlass aQute/bnd/service/diff/Differ
instanceKlass aQute/service/reporter/Reporter
instanceKlass aQute/service/reporter/Report
instanceKlass org/apache/maven/doxia/module/site/SiteModule
instanceKlass org/apache/maven/doxia/sink/Sink
instanceKlass org/apache/maven/doxia/parser/Parser
instanceKlass org/apache/maven/doxia/site/decoration/inheritance/DecorationModelInheritanceAssembler
instanceKlass org/codehaus/plexus/i18n/I18N
instanceKlass org/apache/maven/doxia/parser/manager/ParserManager
instanceKlass org/apache/maven/doxia/module/site/manager/SiteModuleManager
instanceKlass org/apache/maven/doxia/macro/manager/MacroManager
instanceKlass org/apache/maven/doxia/macro/Macro
instanceKlass org/apache/maven/doxia/Doxia
instanceKlass org/apache/maven/doxia/siterenderer/Renderer
instanceKlass org/codehaus/plexus/velocity/VelocityComponent
instanceKlass org/sonatype/plexus/build/incremental/BuildContext
instanceKlass org/apache/maven/shared/dependency/graph/DependencyGraphBuilder
instanceKlass org/codehaus/plexus/components/io/filemappers/FileMapper
instanceKlass org/codehaus/plexus/components/io/resources/PlexusIoResourceCollection
instanceKlass org/codehaus/plexus/components/io/fileselectors/FileSelector
instanceKlass org/codehaus/plexus/archiver/manager/ArchiverManager
instanceKlass org/codehaus/plexus/archiver/UnArchiver
instanceKlass org/codehaus/plexus/archiver/Archiver
instanceKlass org/sonatype/plexus/components/cipher/PlexusCipher
instanceKlass org/sonatype/plexus/components/sec/dispatcher/SecDispatcher
instanceKlass org/apache/maven/reporting/MavenReport
instanceKlass org/codehaus/plexus/components/interactivity/DefaultOutputHandler
instanceKlass com/jcraft/jsch/SftpATTRS
instanceKlass org/apache/maven/wagon/providers/ssh/interactive/ConsoleInteractiveUserInfo
instanceKlass org/codehaus/plexus/components/interactivity/DefaultPrompter
instanceKlass com/jcraft/jsch/Channel
instanceKlass org/apache/maven/wagon/Streams
instanceKlass com/jcraft/jsch/Session
instanceKlass org/apache/maven/wagon/providers/ssh/ScpHelper
instanceKlass org/apache/maven/wagon/providers/ssh/jsch/interactive/UserInfoUIKeyboardInteractiveProxy
instanceKlass org/apache/maven/wagon/providers/ssh/jsch/WagonUserInfo
instanceKlass com/jcraft/jsch/UserInfo
instanceKlass com/jcraft/jsch/ProxyHTTP
instanceKlass com/jcraft/jsch/ProxySOCKS5
instanceKlass com/jcraft/jsch/Proxy
instanceKlass com/jcraft/jsch/IdentityRepository
instanceKlass org/apache/maven/wagon/providers/ssh/SshWagon
instanceKlass org/apache/maven/wagon/providers/ssh/jsch/interactive/PrompterUIKeyboardInteractive
instanceKlass org/apache/maven/wagon/providers/ssh/knownhost/AbstractKnownHostsProvider
instanceKlass org/codehaus/plexus/components/interactivity/Prompter
instanceKlass org/codehaus/plexus/components/interactivity/OutputHandler
instanceKlass org/codehaus/plexus/components/interactivity/InputHandler
instanceKlass org/apache/maven/wagon/providers/ssh/interactive/InteractiveUserInfo
instanceKlass org/apache/maven/wagon/providers/ssh/knownhost/KnownHostsProvider
instanceKlass com/jcraft/jsch/UIKeyboardInteractive
instanceKlass org/apache/maven/wagon/CommandExecutor
instanceKlass org/apache/maven/shared/artifact/filter/PatternIncludesArtifactFilter
instanceKlass org/apache/maven/shared/artifact/filter/StatisticsReportingArtifactFilter
instanceKlass org/apache/maven/artifact/resolver/filter/AndArtifactFilter
instanceKlass org/apache/maven/shared/artifact/filter/resolve/transform/ArtifactIncludeFilterTransformer$1
instanceKlass org/apache/maven/shared/artifact/filter/resolve/transform/ArtifactIncludeFilterTransformer
instanceKlass org/apache/maven/shared/artifact/filter/resolve/ScopeFilter
instanceKlass org/apache/maven/plugins/assembly/utils/FilterUtils
instanceKlass org/apache/maven/plugins/assembly/archive/task/AddDependencySetsTask
instanceKlass org/apache/maven/plugins/assembly/model/Assemblies
instanceKlass org/apache/maven/plugins/assembly/archive/phase/ModuleSetAssemblyPhase$1
instanceKlass org/codehaus/plexus/components/io/attributes/SimpleResourceAttributes
instanceKlass org/codehaus/plexus/components/io/resources/AbstractPlexusIoResourceCollection$IdentityTransformer
instanceKlass org/apache/maven/plugins/assembly/archive/archiver/PrefixedFileSet
instanceKlass org/codehaus/plexus/archiver/util/AbstractFileSet
instanceKlass org/apache/maven/plugins/assembly/utils/TypeConversionUtils
instanceKlass org/apache/maven/plugins/assembly/archive/task/AddDirectoryTask
instanceKlass org/apache/maven/plugins/assembly/utils/LineEndingsUtils
instanceKlass org/apache/maven/plugins/assembly/format/ReaderFormatter
instanceKlass org/codehaus/plexus/interpolation/fixed/MapBasedValueSource
instanceKlass org/apache/maven/plugins/assembly/archive/task/AddFileSetsTask
instanceKlass org/apache/maven/plugins/assembly/archive/phase/AssemblyArchiverPhaseComparator
instanceKlass org/apache/maven/plugins/assembly/archive/phase/ModuleSetAssemblyPhase$$FastClassByGuice$$282069690
instanceKlass org/apache/maven/plugins/assembly/artifact/DefaultDependencyResolver$$FastClassByGuice$$281069119
instanceKlass org/apache/maven/plugins/assembly/archive/phase/DependencySetAssemblyPhase$$FastClassByGuice$$280648091
instanceKlass org/apache/maven/shared/transfer/repository/internal/DefaultRepositoryManager$$FastClassByGuice$$279296384
instanceKlass org/apache/maven/shared/transfer/dependencies/resolve/internal/DefaultDependencyResolver$$FastClassByGuice$$278875104
instanceKlass org/apache/maven/shared/transfer/artifact/resolve/internal/DefaultArtifactResolver$$FastClassByGuice$$276972092
instanceKlass org/apache/maven/plugins/assembly/repository/DefaultRepositoryAssembler$$FastClassByGuice$$276504629
instanceKlass org/apache/maven/plugins/assembly/archive/phase/RepositoryAssemblyPhase$$FastClassByGuice$$274781247
instanceKlass org/apache/maven/plugins/assembly/archive/phase/FileSetAssemblyPhase$$FastClassByGuice$$274228547
instanceKlass org/apache/maven/plugins/assembly/archive/phase/FileItemAssemblyPhase$$FastClassByGuice$$272968264
instanceKlass org/codehaus/plexus/util/StringUtils
instanceKlass org/apache/maven/plugins/assembly/archive/archiver/AssemblyProxyArchiver
instanceKlass org/codehaus/plexus/archiver/zip/ZipArchiver$$FastClassByGuice$$272202408
instanceKlass org/codehaus/plexus/interpolation/util/StringUtils
instanceKlass org/codehaus/plexus/interpolation/reflection/MethodMap
instanceKlass org/codehaus/plexus/interpolation/reflection/ClassMap$CacheMiss
instanceKlass org/codehaus/plexus/interpolation/reflection/ClassMap
instanceKlass org/codehaus/plexus/interpolation/reflection/ReflectionValueExtractor$Tokenizer
instanceKlass org/codehaus/plexus/interpolation/reflection/ReflectionValueExtractor
instanceKlass org/codehaus/plexus/interpolation/util/ValueSourceUtils
instanceKlass org/codehaus/plexus/util/xml/PrettyPrintXMLWriter
instanceKlass org/apache/maven/plugins/assembly/filter/SimpleAggregatingDescriptorHandler$$FastClassByGuice$$270787168
instanceKlass org/apache/maven/plugins/assembly/filter/MetaInfServicesHandler$$FastClassByGuice$$270399279
instanceKlass org/apache/maven/plugins/assembly/utils/AssemblyFileUtils
instanceKlass org/apache/maven/plugins/assembly/utils/AssemblyFormatUtils
instanceKlass org/apache/maven/shared/utils/StringUtils
instanceKlass org/codehaus/plexus/archiver/jar/Manifest$BaseAttribute
instanceKlass org/apache/maven/archiver/MavenArchiver
instanceKlass org/codehaus/plexus/util/IOUtil
instanceKlass org/apache/maven/plugins/assembly/resolved/AssemblyId
instanceKlass org/codehaus/plexus/util/xml/pull/MXSerializer
instanceKlass org/apache/maven/plugins/assembly/model/io/xpp3/AssemblyXpp3Writer
instanceKlass org/apache/maven/plugins/assembly/interpolation/AssemblyExpressionEvaluator
instanceKlass org/apache/maven/plugins/assembly/interpolation/AssemblyInterpolator$2
instanceKlass org/codehaus/plexus/util/xml/Xpp3DomBuilder
instanceKlass org/apache/maven/plugins/assembly/model/ContainerDescriptorHandlerConfig
instanceKlass org/codehaus/plexus/util/xml/pull/EntityReplacementMap
instanceKlass org/codehaus/plexus/util/xml/pull/MXParser
instanceKlass org/apache/maven/plugins/assembly/model/io/xpp3/AssemblyXpp3Reader
instanceKlass org/apache/maven/plugins/assembly/interpolation/AssemblyInterpolator$1
instanceKlass org/codehaus/plexus/interpolation/object/FieldBasedObjectInterpolator
instanceKlass org/codehaus/plexus/interpolation/object/ObjectInterpolator
instanceKlass org/apache/maven/plugins/assembly/interpolation/AssemblyInterpolator$PathTranslatingPostProcessor
instanceKlass org/apache/maven/shared/utils/cli/CommandLineCallable
instanceKlass org/apache/maven/shared/utils/cli/CommandLineUtils
instanceKlass org/apache/maven/plugins/assembly/model/io/xpp3/AssemblyXpp3Reader$ContentTransformer
instanceKlass org/apache/maven/plugins/assembly/interpolation/AssemblyInterpolator
instanceKlass org/codehaus/plexus/interpolation/fixed/ObjectBasedValueSource
instanceKlass org/codehaus/plexus/interpolation/fixed/PropertiesBasedValueSource
instanceKlass org/codehaus/plexus/interpolation/fixed/PrefixedValueSourceWrapper
instanceKlass org/codehaus/plexus/interpolation/fixed/AbstractDelegatingValueSource
instanceKlass org/apache/maven/plugins/assembly/utils/InterpolationConstants
instanceKlass org/codehaus/plexus/interpolation/PrefixAwareRecursionInterceptor
instanceKlass org/codehaus/plexus/interpolation/SimpleRecursionInterceptor
instanceKlass org/codehaus/plexus/interpolation/fixed/InterpolationState
instanceKlass org/apache/commons/io/input/BOMInputStream$1
instanceKlass org/apache/commons/io/ByteOrderMark
instanceKlass org/apache/maven/shared/utils/ReaderFactory
instanceKlass org/apache/maven/shared/io/location/FileLocation
instanceKlass org/apache/maven/shared/io/logging/DefaultMessageHolder$Message
instanceKlass org/apache/maven/shared/io/location/ClasspathResourceLocatorStrategy
instanceKlass org/apache/maven/shared/io/location/FileLocatorStrategy
instanceKlass org/apache/maven/shared/io/location/Location
instanceKlass org/apache/maven/plugins/assembly/io/RelativeFileLocatorStrategy
instanceKlass org/apache/maven/shared/io/logging/MessageLevels
instanceKlass org/apache/maven/shared/io/logging/DefaultMessageHolder
instanceKlass org/apache/maven/archiver/ManifestSection
instanceKlass org/apache/maven/archiver/ManifestConfiguration
instanceKlass org/apache/maven/plugins/assembly/io/DefaultAssemblyReader$$FastClassByGuice$$269064239
instanceKlass org/codehaus/plexus/archiver/manager/DefaultArchiverManager$$FastClassByGuice$$267434381
instanceKlass org/apache/maven/plugins/assembly/archive/DefaultAssemblyArchiver$$FastClassByGuice$$266899365
instanceKlass org/apache/maven/shared/filtering/DefaultMavenReaderFilter$$FastClassByGuice$$266030530
instanceKlass org/apache/maven/plugins/assembly/mojos/SingleAssemblyMojo$$FastClassByGuice$$264669037
instanceKlass org/apache/maven/plugins/assembly/model/Component
instanceKlass org/apache/maven/shared/io/location/Locator
instanceKlass org/apache/maven/plugins/assembly/model/io/xpp3/ComponentXpp3Reader$ContentTransformer
instanceKlass org/apache/maven/shared/io/location/LocatorStrategy
instanceKlass org/codehaus/plexus/interpolation/RecursionInterceptor
instanceKlass org/apache/maven/shared/transfer/artifact/resolve/internal/DefaultArtifactResolver
instanceKlass org/apache/maven/plugins/assembly/model/ModuleSources
instanceKlass org/apache/maven/plugins/assembly/model/FileSet
instanceKlass org/apache/maven/plugins/assembly/model/ModuleBinaries
instanceKlass org/apache/maven/plugins/assembly/functions/ModuleSetConsumer
instanceKlass org/apache/maven/plugins/assembly/model/Repository
instanceKlass org/apache/maven/plugins/assembly/filter/SimpleAggregatingDescriptorHandler
instanceKlass org/apache/maven/shared/transfer/artifact/deploy/internal/DefaultArtifactDeployer
instanceKlass org/apache/maven/shared/transfer/dependencies/collect/internal/Maven30DependencyCollector
instanceKlass org/apache/maven/shared/transfer/repository/internal/DefaultRepositoryManager
instanceKlass org/apache/maven/plugins/assembly/filter/AbstractLineAggregatingHandler
instanceKlass org/apache/maven/shared/transfer/artifact/install/internal/DefaultArtifactInstaller
instanceKlass org/apache/maven/plugins/assembly/artifact/ResolutionManagementInfo
instanceKlass org/apache/maven/plugins/assembly/model/DependencySet
instanceKlass org/apache/maven/plugins/assembly/model/ModuleSet
instanceKlass org/apache/maven/shared/transfer/project/deploy/ProjectDeployerRequest
instanceKlass org/apache/maven/shared/transfer/project/deploy/internal/DualDigester
instanceKlass org/apache/maven/shared/transfer/project/deploy/internal/DefaultProjectDeployer
instanceKlass org/sonatype/plexus/components/sec/dispatcher/model/SettingsSecurity
instanceKlass org/apache/maven/shared/transfer/artifact/deploy/internal/Maven31ArtifactDeployer
instanceKlass org/apache/maven/shared/transfer/artifact/resolve/ArtifactResult
instanceKlass org/apache/maven/shared/transfer/artifact/resolve/internal/Maven31ArtifactResolver
instanceKlass org/apache/maven/shared/transfer/project/install/ProjectInstallerRequest
instanceKlass org/apache/maven/shared/transfer/project/install/internal/DefaultProjectInstaller
instanceKlass org/apache/maven/shared/transfer/dependencies/resolve/internal/DefaultDependencyResolver
instanceKlass org/apache/maven/shared/transfer/artifact/ArtifactCoordinate
instanceKlass org/apache/maven/shared/transfer/repository/internal/Maven31RepositoryManager
instanceKlass org/apache/maven/shared/transfer/repository/internal/Maven30RepositoryManager
instanceKlass org/apache/maven/shared/transfer/artifact/install/internal/Maven30ArtifactInstaller
instanceKlass org/codehaus/plexus/archiver/filters/JarSecurityFileSelector
instanceKlass org/apache/maven/plugins/assembly/archive/phase/PhaseOrder
instanceKlass org/apache/maven/shared/filtering/AbstractMavenFilteringRequest
instanceKlass org/codehaus/plexus/interpolation/Interpolator
instanceKlass org/codehaus/plexus/interpolation/BasicInterpolator
instanceKlass org/codehaus/plexus/interpolation/InterpolationPostProcessor
instanceKlass org/codehaus/plexus/interpolation/ValueSource
instanceKlass org/codehaus/plexus/util/Scanner
instanceKlass org/codehaus/plexus/archiver/manager/DefaultArchiverManager
instanceKlass org/apache/maven/shared/transfer/dependencies/collect/internal/Maven31DependencyCollector
instanceKlass org/codehaus/plexus/archiver/tar/TarArchiver$TarOptions
instanceKlass org/apache/maven/shared/transfer/dependencies/resolve/internal/Maven30DependencyResolver
instanceKlass org/sonatype/plexus/components/cipher/PBECipher
instanceKlass org/apache/maven/plugins/assembly/repository/RepositoryBuilderConfigSource
instanceKlass org/apache/maven/plugins/assembly/repository/model/RepositoryInfo
instanceKlass org/apache/maven/shared/artifact/filter/resolve/TransformableFilter
instanceKlass org/apache/maven/shared/artifact/filter/resolve/FilterTransformer
instanceKlass org/apache/maven/shared/transfer/dependencies/resolve/internal/Maven31DependencyResolver
instanceKlass org/codehaus/plexus/util/MatchPatterns
instanceKlass org/codehaus/plexus/components/io/fileselectors/IncludeExcludeFileSelector
instanceKlass org/apache/maven/shared/transfer/artifact/install/internal/Maven31ArtifactInstaller
instanceKlass org/apache/maven/shared/io/logging/MessageHolder
instanceKlass org/apache/maven/shared/io/download/DefaultDownloadManager
instanceKlass org/codehaus/plexus/components/io/resources/EncodingSupported
instanceKlass org/apache/commons/compress/archivers/zip/ZipFile
instanceKlass org/apache/maven/plugins/assembly/model/Assembly
instanceKlass org/apache/commons/compress/archivers/zip/ZipArchiveOutputStream$UnicodeExtraFieldPolicy
instanceKlass org/codehaus/plexus/archiver/zip/ConcurrentJarCreator
instanceKlass org/codehaus/plexus/archiver/zip/AddedDirs
instanceKlass org/apache/commons/compress/archivers/EntryStreamOffsets
instanceKlass org/apache/commons/compress/archivers/ArchiveEntry
instanceKlass org/apache/commons/compress/parallel/InputStreamSupplier
instanceKlass org/codehaus/plexus/archiver/FileSet
instanceKlass org/codehaus/plexus/archiver/ArchivedFileSet
instanceKlass org/codehaus/plexus/archiver/BaseFileSet
instanceKlass org/codehaus/plexus/archiver/AbstractArchiver$AddedResourceCollection
instanceKlass org/codehaus/plexus/archiver/ArchiveEntry
instanceKlass org/codehaus/plexus/archiver/ResourceIterator
instanceKlass org/apache/maven/shared/transfer/artifact/deploy/internal/Maven30ArtifactDeployer
instanceKlass org/codehaus/plexus/components/io/filemappers/AbstractFileMapper
instanceKlass org/apache/maven/shared/transfer/artifact/resolve/internal/Maven30ArtifactResolver
instanceKlass org/apache/maven/shared/transfer/dependencies/DependableCoordinate
instanceKlass org/apache/maven/shared/transfer/dependencies/collect/CollectorResult
instanceKlass org/apache/maven/shared/transfer/dependencies/collect/internal/DefaultDependencyCollector
instanceKlass org/codehaus/plexus/archiver/tar/TarFile
instanceKlass org/codehaus/plexus/archiver/ArchiveFile
instanceKlass org/codehaus/plexus/components/io/resources/AbstractPlexusIoResourceCollection
instanceKlass org/apache/maven/plugins/assembly/filter/ComponentsXmlArchiverFileFilter
instanceKlass org/codehaus/plexus/components/io/fileselectors/AllFilesFileSelector
instanceKlass org/codehaus/plexus/archiver/FinalizerEnabled
instanceKlass org/apache/commons/compress/utils/InputStreamStatistics
instanceKlass org/apache/commons/compress/compressors/bzip2/BZip2Constants
instanceKlass org/codehaus/plexus/components/io/attributes/PlexusIoResourceAttributes
instanceKlass org/codehaus/plexus/components/io/resources/PlexusIoResource
instanceKlass org/codehaus/plexus/components/io/functions/SizeSupplier
instanceKlass org/codehaus/plexus/components/io/fileselectors/FileInfo
instanceKlass org/codehaus/plexus/components/io/functions/NameSupplier
instanceKlass org/codehaus/plexus/components/io/functions/InputStreamTransformer
instanceKlass org/codehaus/plexus/components/io/functions/ContentSupplier
instanceKlass org/codehaus/plexus/components/io/resources/Stream
instanceKlass org/codehaus/plexus/components/io/resources/PlexusIoCompressedFileResourceCollection
instanceKlass org/codehaus/plexus/components/io/resources/PlexusIoArchivedResourceCollection
instanceKlass org/apache/maven/archiver/MavenArchiveConfiguration
instanceKlass org/codehaus/plexus/interpolation/fixed/FixedStringSearchInterpolator
instanceKlass org/codehaus/plexus/interpolation/fixed/FixedValueSource
instanceKlass org/codehaus/plexus/components/io/filemappers/FileMapper
instanceKlass org/sonatype/plexus/build/incremental/BuildContext
instanceKlass org/apache/maven/shared/filtering/MavenResourcesFiltering
instanceKlass org/apache/maven/shared/filtering/MavenReaderFilter
instanceKlass org/apache/maven/shared/filtering/MavenFileFilter
instanceKlass org/apache/maven/shared/filtering/DefaultFilterInfo
instanceKlass org/apache/maven/shared/io/download/DownloadManager
instanceKlass org/codehaus/plexus/archiver/manager/ArchiverManager
instanceKlass org/codehaus/plexus/archiver/Archiver
instanceKlass org/apache/maven/shared/transfer/artifact/deploy/ArtifactDeployer
instanceKlass org/apache/maven/shared/transfer/artifact/resolve/ArtifactResolver
instanceKlass org/apache/maven/shared/transfer/artifact/install/ArtifactInstaller
instanceKlass org/apache/maven/shared/transfer/project/deploy/ProjectDeployer
instanceKlass org/apache/maven/shared/transfer/project/install/ProjectInstaller
instanceKlass org/apache/maven/shared/transfer/dependencies/resolve/DependencyResolver
instanceKlass org/apache/maven/shared/transfer/dependencies/collect/DependencyCollector
instanceKlass org/apache/maven/shared/transfer/repository/RepositoryManager
instanceKlass org/sonatype/plexus/components/cipher/PlexusCipher
instanceKlass org/sonatype/plexus/components/sec/dispatcher/SecDispatcher
instanceKlass org/apache/maven/plugins/assembly/repository/RepositoryAssembler
instanceKlass org/apache/maven/plugins/assembly/io/AssemblyReader
instanceKlass org/apache/maven/plugins/assembly/filter/ContainerDescriptorHandler
instanceKlass org/codehaus/plexus/components/io/fileselectors/FileSelector
instanceKlass org/codehaus/plexus/archiver/ArchiveFinalizer
instanceKlass org/apache/maven/plugins/assembly/artifact/DependencyResolver
instanceKlass org/apache/maven/plugins/assembly/archive/phase/AssemblyArchiverPhase
instanceKlass org/apache/maven/plugins/assembly/archive/AssemblyArchiver
instanceKlass org/codehaus/plexus/components/io/resources/PlexusIoResourceCollection
instanceKlass org/codehaus/plexus/archiver/UnArchiver
instanceKlass org/apache/maven/plugins/assembly/AssemblerConfigurationSource
instanceKlass java/util/stream/DistinctOps
instanceKlass org/eclipse/aether/internal/impl/collect/DataPool$1
instanceKlass org/apache/maven/artifact/handler/DefaultArtifactHandler$__sisu16$$FastClassByGuice$$263580836
instanceKlass org/codehaus/plexus/archiver/jar/Manifest$ExistingSection
instanceKlass org/codehaus/plexus/interpolation/util/StringUtils
instanceKlass org/codehaus/plexus/interpolation/reflection/MethodMap
instanceKlass org/codehaus/plexus/interpolation/reflection/ClassMap$CacheMiss
instanceKlass org/codehaus/plexus/interpolation/reflection/ClassMap$MethodInfo
instanceKlass org/codehaus/plexus/interpolation/reflection/ClassMap
instanceKlass org/codehaus/plexus/interpolation/reflection/ReflectionValueExtractor
instanceKlass org/codehaus/plexus/interpolation/util/ValueSourceUtils
instanceKlass org/codehaus/plexus/interpolation/PrefixAwareRecursionInterceptor
instanceKlass org/codehaus/plexus/interpolation/AbstractValueSource
instanceKlass org/codehaus/plexus/interpolation/PrefixedValueSourceWrapper
instanceKlass org/codehaus/plexus/interpolation/FeedbackEnabledValueSource
instanceKlass org/codehaus/plexus/interpolation/AbstractDelegatingValueSource
instanceKlass org/codehaus/plexus/interpolation/QueryEnabledValueSource
instanceKlass org/codehaus/plexus/interpolation/ValueSource
instanceKlass org/codehaus/plexus/interpolation/StringSearchInterpolator
instanceKlass org/apache/maven/archiver/ManifestSection
instanceKlass com/sun/tools/javac/comp/Lower$TreeBuilder
instanceKlass org/apache/commons/compress/archivers/zip/ZipEightByteInteger
instanceKlass org/apache/commons/compress/archivers/zip/JarMarker
instanceKlass org/apache/commons/compress/archivers/zip/X7875_NewUnix
instanceKlass org/apache/commons/compress/archivers/zip/X5455_ExtendedTimestamp
instanceKlass org/apache/commons/compress/archivers/zip/AsiExtraField
instanceKlass org/apache/commons/compress/archivers/zip/UnixStat
instanceKlass org/apache/commons/compress/archivers/zip/ExtraFieldUtils
instanceKlass org/codehaus/plexus/archiver/util/ResourceUtils
instanceKlass org/apache/commons/compress/archivers/zip/AbstractUnicodeExtraField
instanceKlass org/apache/commons/compress/archivers/zip/ZipUtil
instanceKlass org/apache/commons/compress/archivers/zip/ZipShort
instanceKlass org/apache/commons/compress/archivers/zip/Zip64ExtendedInformationExtraField
instanceKlass org/apache/commons/compress/archivers/zip/ZipArchiveOutputStream$CurrentEntry
instanceKlass org/apache/commons/compress/archivers/zip/GeneralPurposeBit
instanceKlass org/apache/commons/compress/archivers/zip/UnparseableExtraFieldData
instanceKlass org/codehaus/plexus/archiver/jar/JdkManifestFactory
instanceKlass org/apache/commons/compress/archivers/zip/ZipArchiveOutputStream$UnicodeExtraFieldPolicy
instanceKlass org/apache/commons/compress/utils/Charsets
instanceKlass org/apache/commons/compress/archivers/zip/FallbackZipEncoding
instanceKlass org/apache/commons/compress/archivers/zip/ZipEncodingHelper$SimpleEncodingHolder
instanceKlass org/apache/commons/compress/archivers/zip/ZipEncoding
instanceKlass org/apache/commons/compress/archivers/zip/ZipEncodingHelper
instanceKlass org/codehaus/plexus/archiver/util/Streams
instanceKlass org/apache/commons/compress/archivers/zip/ZipLong
instanceKlass org/apache/commons/compress/archivers/zip/ZipExtraField
instanceKlass org/codehaus/plexus/util/SelectorUtils
instanceKlass org/codehaus/plexus/util/MatchPattern
instanceKlass org/codehaus/plexus/util/AbstractScanner
instanceKlass org/codehaus/plexus/util/Scanner
instanceKlass org/codehaus/plexus/archiver/AbstractArchiver$1
instanceKlass org/apache/maven/shared/utils/StringUtils
instanceKlass org/codehaus/plexus/archiver/jar/Manifest$Section
instanceKlass org/apache/maven/archiver/ManifestConfiguration
instanceKlass org/apache/maven/shared/utils/io/IOUtil
instanceKlass org/apache/maven/archiver/PomPropertiesUtil
instanceKlass org/codehaus/plexus/util/IOUtil
instanceKlass org/codehaus/plexus/components/io/resources/PlexusIoFileResource$1
instanceKlass org/codehaus/plexus/components/io/attributes/Java7AttributeUtils
instanceKlass org/codehaus/plexus/components/io/attributes/Java7FileAttributes
instanceKlass org/codehaus/plexus/components/io/attributes/Java7Reflector
instanceKlass org/codehaus/plexus/util/cli/StreamConsumer
instanceKlass org/codehaus/plexus/components/io/attributes/PlexusIoResourceAttributeUtils
instanceKlass org/codehaus/plexus/components/io/resources/AbstractPlexusIoResource
instanceKlass org/codehaus/plexus/components/io/functions/FileSupplier
instanceKlass org/codehaus/plexus/components/io/functions/ResourceAttributeSupplier
instanceKlass org/codehaus/plexus/components/io/functions/SymlinkDestinationSupplier
instanceKlass org/codehaus/plexus/components/io/resources/ResourceFactory
instanceKlass org/codehaus/plexus/components/io/attributes/SimpleResourceAttributes
instanceKlass org/codehaus/plexus/util/StringUtils
instanceKlass org/codehaus/plexus/util/Os
instanceKlass org/codehaus/plexus/components/io/resources/AbstractPlexusIoResourceCollection$IdentityTransformer
instanceKlass org/codehaus/plexus/archiver/util/AbstractFileSet
instanceKlass org/codehaus/plexus/interpolation/RecursionInterceptor
instanceKlass org/codehaus/plexus/interpolation/Interpolator
instanceKlass org/codehaus/plexus/archiver/jar/Manifest$BaseAttribute
instanceKlass org/apache/maven/archiver/MavenArchiver
instanceKlass org/codehaus/plexus/archiver/manager/DefaultArchiverManager$$FastClassByGuice$$263089174
instanceKlass org/codehaus/plexus/archiver/jar/JarArchiver$$FastClassByGuice$$261239360
instanceKlass org/apache/maven/plugin/jar/JarMojo$$FastClassByGuice$$261083391
instanceKlass org/codehaus/plexus/archiver/tar/TarArchiver$TarOptions
instanceKlass org/sonatype/plexus/components/cipher/PBECipher
instanceKlass org/codehaus/plexus/archiver/filters/JarSecurityFileSelector
instanceKlass org/codehaus/plexus/components/io/fileselectors/AllFilesFileSelector
instanceKlass org/codehaus/plexus/components/interactivity/DefaultOutputHandler
instanceKlass javax/annotation/Nullable
instanceKlass org/codehaus/plexus/util/MatchPatterns
instanceKlass org/codehaus/plexus/components/io/fileselectors/IncludeExcludeFileSelector
instanceKlass org/sonatype/plexus/components/sec/dispatcher/model/SettingsSecurity
instanceKlass org/codehaus/plexus/archiver/manager/DefaultArchiverManager
instanceKlass org/codehaus/plexus/archiver/tar/TarFile
instanceKlass org/codehaus/plexus/archiver/ArchiveFile
instanceKlass org/codehaus/plexus/components/interactivity/DefaultPrompter
instanceKlass org/codehaus/plexus/components/io/filemappers/AbstractFileMapper
instanceKlass javax/annotation/WillNotClose
instanceKlass org/codehaus/plexus/components/io/attributes/PlexusIoResourceAttributes
instanceKlass org/codehaus/plexus/components/io/resources/PlexusIoCompressedFileResourceCollection
instanceKlass org/codehaus/plexus/components/io/functions/InputStreamTransformer
instanceKlass org/codehaus/plexus/components/io/resources/AbstractPlexusIoResourceCollection
instanceKlass org/codehaus/plexus/components/io/resources/PlexusIoArchivedResourceCollection
instanceKlass org/apache/commons/compress/compressors/bzip2/BZip2Constants
instanceKlass javax/annotation/meta/TypeQualifier
instanceKlass javax/annotation/Nonnull
instanceKlass org/codehaus/plexus/archiver/ArchiveEntry
instanceKlass org/codehaus/plexus/archiver/FileSet
instanceKlass org/codehaus/plexus/archiver/ArchivedFileSet
instanceKlass org/codehaus/plexus/archiver/BaseFileSet
instanceKlass org/codehaus/plexus/archiver/ResourceIterator
instanceKlass org/apache/commons/compress/archivers/ArchiveEntry
instanceKlass org/apache/commons/compress/archivers/zip/ZipFile
instanceKlass org/codehaus/plexus/archiver/ArchiveFinalizer
instanceKlass org/codehaus/plexus/components/io/resources/PlexusIoResource
instanceKlass org/codehaus/plexus/components/io/functions/ContentSupplier
instanceKlass org/codehaus/plexus/components/io/functions/SizeSupplier
instanceKlass org/codehaus/plexus/archiver/util/FilterSupport
instanceKlass org/codehaus/plexus/components/io/fileselectors/FileInfo
instanceKlass org/codehaus/plexus/components/io/functions/NameSupplier
instanceKlass org/apache/maven/archiver/MavenArchiveConfiguration
instanceKlass org/codehaus/plexus/archiver/FinalizerEnabled
instanceKlass org/codehaus/plexus/archiver/FilterEnabled
instanceKlass org/codehaus/plexus/components/io/filemappers/FileMapper
instanceKlass org/codehaus/plexus/components/io/resources/PlexusIoResourceCollection
instanceKlass org/codehaus/plexus/components/io/fileselectors/FileSelector
instanceKlass org/codehaus/plexus/archiver/manager/ArchiverManager
instanceKlass org/codehaus/plexus/archiver/UnArchiver
instanceKlass org/codehaus/plexus/archiver/Archiver
instanceKlass org/sonatype/plexus/components/cipher/PlexusCipher
instanceKlass org/sonatype/plexus/components/sec/dispatcher/SecDispatcher
instanceKlass org/codehaus/plexus/components/interactivity/Prompter
instanceKlass org/codehaus/plexus/components/interactivity/OutputHandler
instanceKlass org/codehaus/plexus/components/interactivity/InputHandler
instanceKlass org/apache/maven/surefire/shared/utils/cli/ShutdownHookUtils
instanceKlass org/apache/maven/surefire/shared/utils/StringUtils
instanceKlass org/apache/maven/surefire/api/util/internal/DumpFileUtils
instanceKlass org/apache/maven/plugin/surefire/SurefireHelper
instanceKlass org/apache/maven/surefire/api/util/ReflectionUtils
instanceKlass org/apache/maven/surefire/shared/lang3/math/NumberUtils
instanceKlass org/apache/maven/surefire/booter/SystemUtils
instanceKlass org/apache/maven/surefire/api/util/internal/DaemonThreadFactory
instanceKlass org/apache/maven/plugin/surefire/booterclient/Platform$1
instanceKlass org/apache/maven/plugin/surefire/SurefirePlugin$$FastClassByGuice$$259254013
instanceKlass org/codehaus/plexus/languages/java/jpms/LocationManager$$FastClassByGuice$$258176189
instanceKlass org/apache/maven/plugin/surefire/SurefireDependencyResolver$$FastClassByGuice$$257125705
instanceKlass org/apache/maven/surefire/providerapi/ServiceLoader$$FastClassByGuice$$256528161
instanceKlass org/apache/maven/surefire/providerapi/ProviderDetector$$FastClassByGuice$$255235920
instanceKlass org/codehaus/plexus/languages/java/jpms/JavaModuleDescriptor
instanceKlass org/codehaus/plexus/languages/java/jpms/ResolvePathsResult
instanceKlass org/codehaus/plexus/languages/java/jpms/ResolvePathsRequest
instanceKlass org/codehaus/plexus/languages/java/jpms/ResolvePathResult
instanceKlass org/codehaus/plexus/languages/java/jpms/ResolvePathRequest
instanceKlass org/codehaus/plexus/languages/java/jpms/ManifestModuleNameExtractor
instanceKlass org/codehaus/plexus/languages/java/jpms/SourceModuleInfoParser
instanceKlass org/codehaus/plexus/languages/java/jpms/ModuleInfoParser
instanceKlass org/codehaus/plexus/languages/java/jpms/ModuleNameExtractor
instanceKlass org/apache/maven/surefire/booter/Classpath
instanceKlass org/apache/maven/surefire/booter/ProviderConfiguration
instanceKlass org/apache/maven/plugin/surefire/StartupReportConfiguration
instanceKlass org/apache/maven/surefire/booter/StartupConfiguration
instanceKlass org/apache/maven/plugin/surefire/booterclient/ForkStarter
instanceKlass org/apache/maven/plugin/surefire/JdkAttributes
instanceKlass org/apache/maven/surefire/api/suite/RunResult
instanceKlass org/apache/maven/plugin/surefire/booterclient/ChecksumCalculator
instanceKlass org/apache/maven/plugin/surefire/ResolvePathResultWrapper
instanceKlass org/apache/maven/plugin/surefire/InPluginVMSurefireStarter
instanceKlass org/apache/maven/plugin/surefire/TestClassPath
instanceKlass org/apache/maven/surefire/api/util/DefaultScanResult
instanceKlass org/apache/maven/surefire/api/util/ScanResult
instanceKlass org/apache/maven/surefire/api/testset/RunOrderParameters
instanceKlass org/apache/maven/surefire/booter/ClassLoaderConfiguration
instanceKlass org/apache/maven/plugin/surefire/log/PluginConsoleLogger
instanceKlass org/apache/maven/surefire/api/testset/TestListResolver
instanceKlass org/apache/maven/surefire/api/testset/GenericTestPattern
instanceKlass org/apache/maven/surefire/api/testset/TestFilter
instanceKlass org/apache/maven/surefire/extensions/StatelessTestsetInfoReporter
instanceKlass org/apache/maven/surefire/extensions/ConsoleOutputReporter
instanceKlass org/apache/maven/surefire/extensions/StatelessReporter
instanceKlass org/apache/maven/plugin/surefire/AbstractSurefireMojo$ClasspathCache
instanceKlass org/apache/maven/plugin/surefire/booterclient/Platform
instanceKlass org/apache/maven/surefire/booter/AbstractPathConfiguration
instanceKlass org/apache/maven/surefire/extensions/ForkNodeFactory
instanceKlass org/apache/maven/surefire/providerapi/ConfigurableProviderInfo
instanceKlass org/apache/maven/surefire/providerapi/ProviderInfo
instanceKlass org/apache/maven/plugin/surefire/booterclient/ForkConfiguration
instanceKlass org/apache/maven/plugin/surefire/log/api/ConsoleLogger
instanceKlass org/apache/maven/surefire/booter/KeyValueSource
instanceKlass org/codehaus/plexus/languages/java/jpms/LocationManager
instanceKlass org/apache/maven/plugin/surefire/SurefireDependencyResolver
instanceKlass org/apache/maven/surefire/providerapi/ServiceLoader
instanceKlass org/apache/maven/surefire/providerapi/ProviderDetector
instanceKlass org/apache/maven/plugin/surefire/SurefireExecutionParameters
instanceKlass org/apache/maven/plugin/surefire/SurefireReportParameters
instanceKlass org/apache/maven/plugin/compiler/TestCompilerMojo$$FastClassByGuice$$254618091
instanceKlass org/apache/maven/plugins/resources/TestResourcesMojo$$FastClassByGuice$$252922949
instanceKlass org/apache/maven/plugin/compiler/AbstractCompilerMojo$1
instanceKlass org/apache/maven/shared/utils/io/IOUtil
instanceKlass org/apache/maven/shared/utils/io/DirectoryScanResult
instanceKlass com/sun/tools/javac/jvm/CRTable
instanceKlass com/sun/tools/javac/jvm/CRTFlags
instanceKlass com/sun/tools/javac/util/LayoutCharacters
instanceKlass org/codehaus/plexus/compiler/javac/JavaxToolsCompiler$1
instanceKlass org/codehaus/plexus/compiler/javac/JavaxToolsCompiler
instanceKlass org/codehaus/plexus/util/StringUtils
instanceKlass org/apache/maven/shared/utils/io/SelectorUtils
instanceKlass org/apache/maven/shared/utils/io/MatchPattern
instanceKlass org/apache/maven/shared/utils/io/MatchPatterns
instanceKlass org/apache/maven/shared/utils/io/DirectoryScanner
instanceKlass org/apache/maven/shared/utils/io/FileUtils
instanceKlass org/apache/maven/shared/incremental/IncrementalBuildHelperRequest
instanceKlass org/codehaus/plexus/util/SelectorUtils
instanceKlass org/codehaus/plexus/util/AbstractScanner
instanceKlass org/codehaus/plexus/util/Scanner
instanceKlass org/codehaus/plexus/compiler/util/scan/mapping/SuffixMapping
instanceKlass org/codehaus/plexus/compiler/util/scan/AbstractSourceInclusionScanner
instanceKlass org/apache/maven/shared/incremental/IncrementalBuildHelper
instanceKlass org/apache/maven/shared/utils/StringUtils
instanceKlass org/codehaus/plexus/compiler/javac/JavacCompiler$$FastClassByGuice$$252033335
instanceKlass org/codehaus/plexus/languages/java/jpms/AbstractBinaryModuleInfoParser
instanceKlass org/codehaus/plexus/compiler/manager/DefaultCompilerManager$$FastClassByGuice$$250891909
instanceKlass org/apache/maven/plugin/compiler/CompilerMojo$$FastClassByGuice$$249900412
instanceKlass org/codehaus/plexus/languages/java/jpms/LocationManager$$FastClassByGuice$$249065309
instanceKlass org/codehaus/plexus/languages/java/jpms/ResolvePathsRequest
instanceKlass org/codehaus/plexus/languages/java/jpms/SourceModuleInfoParser
instanceKlass org/codehaus/plexus/languages/java/jpms/ModuleInfoParser
instanceKlass org/sonatype/plexus/components/cipher/PBECipher
instanceKlass org/sonatype/plexus/components/sec/dispatcher/model/SettingsSecurity
instanceKlass org/codehaus/plexus/compiler/CompilerMessage
instanceKlass org/codehaus/plexus/util/cli/StreamConsumer
instanceKlass org/codehaus/plexus/compiler/CompilerOutputStyle
instanceKlass org/codehaus/plexus/languages/java/jpms/JavaModuleDescriptor
instanceKlass org/codehaus/plexus/languages/java/jpms/ResolvePathsResult
instanceKlass org/codehaus/plexus/compiler/CompilerResult
instanceKlass org/codehaus/plexus/compiler/util/scan/SourceInclusionScanner
instanceKlass org/apache/maven/shared/utils/logging/MessageBuilder
instanceKlass org/codehaus/plexus/compiler/CompilerConfiguration
instanceKlass org/codehaus/plexus/compiler/util/scan/mapping/SourceMapping
instanceKlass org/codehaus/plexus/compiler/Compiler
instanceKlass org/codehaus/plexus/compiler/manager/CompilerManager
instanceKlass org/codehaus/plexus/languages/java/jpms/LocationManager
instanceKlass org/sonatype/plexus/components/cipher/PlexusCipher
instanceKlass org/sonatype/plexus/components/sec/dispatcher/SecDispatcher
instanceKlass org/sonatype/plexus/build/incremental/EmptyScanner
instanceKlass org/apache/maven/shared/filtering/FilteringUtils
instanceKlass org/apache/commons/io/FilenameUtils
instanceKlass org/codehaus/plexus/util/SelectorUtils
instanceKlass org/codehaus/plexus/util/MatchPatterns
instanceKlass org/codehaus/plexus/util/MatchPattern
instanceKlass org/codehaus/plexus/util/AbstractScanner
instanceKlass org/codehaus/plexus/interpolation/RecursionInterceptor
instanceKlass org/codehaus/plexus/interpolation/AbstractValueSource
instanceKlass org/apache/maven/plugins/resources/MavenBuildTimestamp
instanceKlass org/apache/maven/shared/filtering/FilterWrapper
instanceKlass org/apache/commons/lang3/StringUtils
instanceKlass org/sonatype/plexus/build/incremental/DefaultBuildContext$$FastClassByGuice$$248142285
instanceKlass org/apache/maven/plugins/resources/ResourcesMojo$$FastClassByGuice$$246867770
instanceKlass org/apache/maven/shared/filtering/DefaultMavenResourcesFiltering$$FastClassByGuice$$246359393
instanceKlass org/apache/maven/shared/filtering/DefaultMavenReaderFilter$$FastClassByGuice$$244782619
instanceKlass org/apache/maven/shared/filtering/DefaultMavenFileFilter$$FastClassByGuice$$243804245
instanceKlass org/codehaus/plexus/interpolation/Interpolator
instanceKlass org/codehaus/plexus/interpolation/BasicInterpolator
instanceKlass org/codehaus/plexus/interpolation/ValueSource
instanceKlass org/codehaus/plexus/util/Scanner
instanceKlass org/apache/maven/shared/filtering/AbstractMavenFilteringRequest
instanceKlass org/apache/maven/shared/filtering/DefaultMavenResourcesFiltering
instanceKlass org/apache/maven/shared/filtering/MavenResourcesFiltering
instanceKlass org/apache/maven/shared/filtering/MavenReaderFilter
instanceKlass org/apache/maven/shared/filtering/BaseFilter
instanceKlass org/apache/maven/shared/filtering/MavenFileFilter
instanceKlass org/apache/maven/shared/filtering/DefaultFilterInfo
instanceKlass org/sonatype/plexus/build/incremental/BuildContext
instanceKlass org/apache/maven/plugins/clean/Cleaner$Result
instanceKlass org/apache/maven/plugin/jar/TestJarMojo$$FastClassByGuice$$243028298
instanceKlass org/apache/commons/compress/archivers/zip/ZipEightByteInteger
instanceKlass org/apache/commons/compress/archivers/zip/JarMarker
instanceKlass org/apache/commons/compress/archivers/zip/X7875_NewUnix
instanceKlass org/apache/commons/compress/archivers/zip/X5455_ExtendedTimestamp
instanceKlass org/apache/commons/compress/archivers/zip/AsiExtraField
instanceKlass org/apache/commons/compress/archivers/zip/UnixStat
instanceKlass org/apache/commons/compress/archivers/zip/ExtraFieldUtils
instanceKlass org/codehaus/plexus/archiver/util/ResourceUtils
instanceKlass org/apache/commons/compress/archivers/zip/AbstractUnicodeExtraField
instanceKlass org/apache/commons/compress/archivers/zip/ZipUtil
instanceKlass org/apache/commons/compress/archivers/zip/ZipShort
instanceKlass org/apache/commons/compress/archivers/zip/Zip64ExtendedInformationExtraField
instanceKlass org/apache/commons/compress/archivers/zip/ZipArchiveOutputStream$CurrentEntry
instanceKlass org/apache/commons/compress/archivers/zip/GeneralPurposeBit
instanceKlass org/apache/commons/compress/archivers/zip/UnparseableExtraFieldData
instanceKlass org/codehaus/plexus/archiver/jar/JdkManifestFactory
instanceKlass org/apache/commons/compress/archivers/zip/ZipArchiveOutputStream$UnicodeExtraFieldPolicy
instanceKlass java/util/zip/Deflater$DeflaterZStreamRef
instanceKlass java/util/zip/Deflater
instanceKlass org/apache/commons/compress/utils/Charsets
instanceKlass org/apache/commons/compress/archivers/zip/FallbackZipEncoding
instanceKlass org/apache/commons/compress/archivers/zip/ZipEncodingHelper$SimpleEncodingHolder
instanceKlass org/apache/commons/compress/archivers/zip/ZipEncoding
instanceKlass org/apache/commons/compress/archivers/zip/ZipEncodingHelper
instanceKlass org/codehaus/plexus/archiver/util/Streams
instanceKlass org/apache/commons/compress/archivers/zip/ZipLong
instanceKlass org/apache/commons/compress/archivers/zip/ZipExtraField
instanceKlass org/codehaus/plexus/util/SelectorUtils
instanceKlass org/codehaus/plexus/util/MatchPattern
instanceKlass org/codehaus/plexus/util/AbstractScanner
instanceKlass org/codehaus/plexus/util/Scanner
instanceKlass org/codehaus/plexus/archiver/AbstractArchiver$1
instanceKlass org/codehaus/plexus/archiver/jar/Manifest$ExistingSection
instanceKlass java/util/Vector$Itr
instanceKlass org/apache/maven/shared/utils/StringUtils
instanceKlass org/codehaus/plexus/archiver/jar/Manifest$Section
instanceKlass org/apache/maven/shared/utils/io/IOUtil
instanceKlass sun/util/cldr/CLDRBaseLocaleDataMetaInfo$TZCanonicalIDMapHolder
instanceKlass sun/util/resources/provider/NonBaseLocaleDataMetaInfo
instanceKlass sun/util/locale/provider/BaseLocaleDataMetaInfo
instanceKlass sun/util/locale/provider/TimeZoneNameUtility$TimeZoneNameGetter
instanceKlass sun/util/locale/provider/TimeZoneNameUtility
instanceKlass org/apache/maven/archiver/PomPropertiesUtil
instanceKlass org/codehaus/plexus/util/IOUtil
instanceKlass org/codehaus/plexus/components/io/resources/PlexusIoFileResource$1
instanceKlass sun/nio/fs/WindowsUserPrincipals$User
instanceKlass java/nio/file/attribute/UserPrincipal
instanceKlass sun/nio/fs/WindowsUserPrincipals
instanceKlass sun/nio/fs/FileOwnerAttributeViewImpl
instanceKlass java/nio/file/attribute/DosFileAttributeView
instanceKlass org/codehaus/plexus/components/io/attributes/Java7AttributeUtils
instanceKlass org/codehaus/plexus/components/io/attributes/Java7FileAttributes
instanceKlass org/codehaus/plexus/components/io/attributes/Java7Reflector
instanceKlass org/codehaus/plexus/util/cli/StreamConsumer
instanceKlass org/codehaus/plexus/components/io/attributes/PlexusIoResourceAttributeUtils
instanceKlass org/codehaus/plexus/components/io/resources/AbstractPlexusIoResource
instanceKlass org/codehaus/plexus/components/io/functions/FileSupplier
instanceKlass org/codehaus/plexus/components/io/functions/ResourceAttributeSupplier
instanceKlass org/codehaus/plexus/components/io/functions/SymlinkDestinationSupplier
instanceKlass org/codehaus/plexus/components/io/resources/ResourceFactory
instanceKlass org/codehaus/plexus/components/io/attributes/SimpleResourceAttributes
instanceKlass org/codehaus/plexus/util/StringUtils
instanceKlass org/codehaus/plexus/util/Os
instanceKlass org/codehaus/plexus/components/io/resources/AbstractPlexusIoResourceCollection$IdentityTransformer
instanceKlass org/codehaus/plexus/archiver/util/AbstractFileSet
instanceKlass org/codehaus/plexus/interpolation/RecursionInterceptor
instanceKlass org/codehaus/plexus/interpolation/Interpolator
instanceKlass org/codehaus/plexus/archiver/jar/Manifest$BaseAttribute
instanceKlass org/apache/maven/archiver/MavenArchiver
instanceKlass org/apache/maven/archiver/ManifestSection
instanceKlass org/apache/maven/archiver/ManifestConfiguration
instanceKlass org/apache/maven/project/DefaultMavenProjectHelper$$FastClassByGuice$$241760342
instanceKlass org/codehaus/plexus/archiver/manager/DefaultArchiverManager$$FastClassByGuice$$240872376
instanceKlass org/codehaus/plexus/archiver/jar/JarArchiver$$FastClassByGuice$$240080004
instanceKlass org/apache/maven/plugin/jar/JarMojo$$FastClassByGuice$$238142373
instanceKlass org/sonatype/plexus/components/cipher/PBECipher
instanceKlass org/codehaus/plexus/archiver/tar/TarArchiver$TarOptions
instanceKlass org/codehaus/plexus/archiver/filters/JarSecurityFileSelector
instanceKlass org/codehaus/plexus/components/interactivity/DefaultPrompter
instanceKlass org/codehaus/plexus/components/interactivity/DefaultOutputHandler
instanceKlass org/codehaus/plexus/components/io/fileselectors/AllFilesFileSelector
instanceKlass org/codehaus/plexus/archiver/manager/DefaultArchiverManager
instanceKlass org/codehaus/plexus/archiver/ArchiveEntry
instanceKlass org/codehaus/plexus/archiver/FileSet
instanceKlass org/codehaus/plexus/archiver/ArchivedFileSet
instanceKlass org/codehaus/plexus/archiver/BaseFileSet
instanceKlass org/codehaus/plexus/archiver/ResourceIterator
instanceKlass org/sonatype/plexus/components/sec/dispatcher/model/SettingsSecurity
instanceKlass javax/annotation/Nullable
instanceKlass org/codehaus/plexus/util/MatchPatterns
instanceKlass org/codehaus/plexus/components/io/fileselectors/IncludeExcludeFileSelector
instanceKlass org/codehaus/plexus/archiver/tar/TarFile
instanceKlass org/codehaus/plexus/archiver/ArchiveFile
instanceKlass org/codehaus/plexus/components/io/resources/AbstractPlexusIoResourceCollection
instanceKlass org/apache/commons/compress/archivers/ArchiveEntry
instanceKlass org/apache/commons/compress/archivers/zip/ZipFile
instanceKlass javax/annotation/WillNotClose
instanceKlass org/codehaus/plexus/components/io/attributes/PlexusIoResourceAttributes
instanceKlass org/codehaus/plexus/components/io/functions/InputStreamTransformer
instanceKlass org/codehaus/plexus/components/io/resources/PlexusIoCompressedFileResourceCollection
instanceKlass org/codehaus/plexus/components/io/resources/PlexusIoArchivedResourceCollection
instanceKlass org/apache/commons/compress/compressors/bzip2/BZip2Constants
instanceKlass org/codehaus/plexus/archiver/ArchiveFinalizer
instanceKlass org/codehaus/plexus/components/io/resources/PlexusIoResource
instanceKlass org/codehaus/plexus/components/io/functions/ContentSupplier
instanceKlass org/codehaus/plexus/components/io/functions/SizeSupplier
instanceKlass org/codehaus/plexus/archiver/util/FilterSupport
instanceKlass org/codehaus/plexus/components/io/fileselectors/FileInfo
instanceKlass org/codehaus/plexus/components/io/functions/NameSupplier
instanceKlass javax/annotation/meta/TypeQualifier
instanceKlass javax/annotation/Nonnull
instanceKlass org/codehaus/plexus/components/io/filemappers/AbstractFileMapper
instanceKlass org/apache/maven/archiver/MavenArchiveConfiguration
instanceKlass org/codehaus/plexus/archiver/FinalizerEnabled
instanceKlass org/codehaus/plexus/archiver/FilterEnabled
instanceKlass org/codehaus/plexus/components/io/filemappers/FileMapper
instanceKlass org/codehaus/plexus/components/io/resources/PlexusIoResourceCollection
instanceKlass org/codehaus/plexus/components/io/fileselectors/FileSelector
instanceKlass org/codehaus/plexus/archiver/manager/ArchiverManager
instanceKlass org/codehaus/plexus/archiver/UnArchiver
instanceKlass org/codehaus/plexus/archiver/Archiver
instanceKlass org/sonatype/plexus/components/cipher/PlexusCipher
instanceKlass org/sonatype/plexus/components/sec/dispatcher/SecDispatcher
instanceKlass org/codehaus/plexus/components/interactivity/Prompter
instanceKlass org/codehaus/plexus/components/interactivity/OutputHandler
instanceKlass org/codehaus/plexus/components/interactivity/InputHandler
instanceKlass org/apache/maven/surefire/shared/utils/cli/ShutdownHookUtils
instanceKlass org/apache/maven/surefire/shared/utils/StringUtils
instanceKlass java/lang/ProcessHandle$Info
instanceKlass org/apache/maven/surefire/api/util/internal/DumpFileUtils
instanceKlass org/apache/maven/surefire/api/util/ReflectionUtils
instanceKlass org/apache/maven/plugin/surefire/SurefireHelper
instanceKlass org/apache/maven/plugin/lifecycle/Lifecycle
instanceKlass java/lang/Short$ShortCache
instanceKlass org/apache/maven/surefire/shared/lang3/math/NumberUtils
instanceKlass org/apache/maven/surefire/booter/SystemUtils
instanceKlass org/apache/maven/surefire/api/util/internal/DaemonThreadFactory
instanceKlass org/apache/maven/plugin/surefire/booterclient/Platform$1
instanceKlass org/apache/maven/plugin/surefire/SurefirePlugin$$FastClassByGuice$$237199570
instanceKlass org/codehaus/plexus/languages/java/jpms/LocationManager$$FastClassByGuice$$236251465
instanceKlass org/apache/maven/plugin/surefire/SurefireDependencyResolver$$FastClassByGuice$$235847885
instanceKlass org/apache/maven/surefire/providerapi/ServiceLoader$$FastClassByGuice$$233896896
instanceKlass org/apache/maven/surefire/providerapi/ProviderDetector$$FastClassByGuice$$233349556
instanceKlass org/codehaus/plexus/languages/java/jpms/JavaModuleDescriptor
instanceKlass org/codehaus/plexus/languages/java/jpms/ResolvePathsResult
instanceKlass org/codehaus/plexus/languages/java/jpms/ResolvePathsRequest
instanceKlass org/codehaus/plexus/languages/java/jpms/ResolvePathResult
instanceKlass org/codehaus/plexus/languages/java/jpms/ResolvePathRequest
instanceKlass org/codehaus/plexus/languages/java/jpms/ManifestModuleNameExtractor
instanceKlass org/codehaus/plexus/languages/java/jpms/SourceModuleInfoParser
instanceKlass org/codehaus/plexus/languages/java/jpms/ModuleInfoParser
instanceKlass org/codehaus/plexus/languages/java/jpms/ModuleNameExtractor
instanceKlass org/apache/maven/surefire/booter/Classpath
instanceKlass org/apache/maven/surefire/booter/ProviderConfiguration
instanceKlass org/apache/maven/plugin/surefire/StartupReportConfiguration
instanceKlass org/apache/maven/surefire/booter/StartupConfiguration
instanceKlass org/apache/maven/plugin/surefire/booterclient/ForkStarter
instanceKlass org/apache/maven/plugin/surefire/JdkAttributes
instanceKlass org/apache/maven/surefire/api/suite/RunResult
instanceKlass org/apache/maven/plugin/surefire/booterclient/ChecksumCalculator
instanceKlass org/apache/maven/plugin/surefire/ResolvePathResultWrapper
instanceKlass org/apache/maven/plugin/surefire/InPluginVMSurefireStarter
instanceKlass org/apache/maven/plugin/surefire/TestClassPath
instanceKlass org/apache/maven/surefire/api/util/DefaultScanResult
instanceKlass org/apache/maven/surefire/api/util/ScanResult
instanceKlass org/apache/maven/surefire/api/testset/RunOrderParameters
instanceKlass org/apache/maven/surefire/booter/ClassLoaderConfiguration
instanceKlass org/apache/maven/plugin/surefire/log/PluginConsoleLogger
instanceKlass org/apache/maven/surefire/api/testset/TestListResolver
instanceKlass org/apache/maven/surefire/api/testset/GenericTestPattern
instanceKlass org/apache/maven/surefire/api/testset/TestFilter
instanceKlass org/apache/maven/surefire/extensions/StatelessTestsetInfoReporter
instanceKlass org/apache/maven/surefire/extensions/ConsoleOutputReporter
instanceKlass org/apache/maven/surefire/extensions/StatelessReporter
instanceKlass org/apache/maven/plugin/surefire/AbstractSurefireMojo$ClasspathCache
instanceKlass org/apache/maven/plugin/surefire/booterclient/Platform
instanceKlass org/apache/maven/surefire/booter/AbstractPathConfiguration
instanceKlass org/apache/maven/surefire/extensions/ForkNodeFactory
instanceKlass org/apache/maven/surefire/providerapi/ConfigurableProviderInfo
instanceKlass org/apache/maven/surefire/providerapi/ProviderInfo
instanceKlass org/apache/maven/plugin/surefire/booterclient/ForkConfiguration
instanceKlass org/apache/maven/plugin/surefire/log/api/ConsoleLogger
instanceKlass org/apache/maven/surefire/booter/KeyValueSource
instanceKlass org/codehaus/plexus/languages/java/jpms/LocationManager
instanceKlass org/apache/maven/plugin/surefire/SurefireDependencyResolver
instanceKlass org/apache/maven/surefire/providerapi/ServiceLoader
instanceKlass org/apache/maven/surefire/providerapi/ProviderDetector
instanceKlass org/apache/maven/plugin/surefire/SurefireExecutionParameters
instanceKlass org/apache/maven/plugin/surefire/SurefireReportParameters
instanceKlass jdk/internal/misc/ScopedMemoryAccess$Scope$Handle
instanceKlass org/apache/maven/plugin/compiler/TestCompilerMojo$$FastClassByGuice$$231792173
instanceKlass org/apache/maven/plugins/resources/TestResourcesMojo$$FastClassByGuice$$231394487
instanceKlass org/apache/maven/plugin/compiler/AbstractCompilerMojo$1
instanceKlass org/apache/maven/shared/utils/io/IOUtil
instanceKlass org/apache/maven/shared/utils/io/DirectoryScanResult
instanceKlass com/sun/tools/javac/util/JCDiagnostic$SourcePosition
instanceKlass com/sun/tools/javac/api/ClientCodeWrapper$WrappedFileObject
instanceKlass com/sun/tools/javac/api/ClientCodeWrapper$DiagnosticSourceUnwrapper
instanceKlass com/sun/tools/javac/comp/Resolve$MethodResolutionDiagHelper$ArgMismatchRewriter
instanceKlass com/sun/tools/javac/comp/Resolve$MethodResolutionDiagHelper$DiagnosticRewriter
instanceKlass com/sun/tools/javac/comp/Resolve$MethodResolutionDiagHelper
instanceKlass com/sun/tools/javac/comp/Resolve$MethodResolutionDiagHelper$Template
instanceKlass com/sun/tools/javac/code/Symbol$1
instanceKlass com/sun/tools/javac/comp/Lower$EnumMapping
instanceKlass com/sun/tools/javac/comp/LambdaToMethod$MemberReferenceToLambda
instanceKlass com/sun/tools/javac/code/DeferredLintHandler$LintLogger
instanceKlass com/sun/tools/javac/comp/Infer$4
instanceKlass com/sun/tools/javac/comp/ArgumentAttr$2
instanceKlass java/util/stream/ReduceOps$2ReducingSink
instanceKlass com/sun/tools/javac/jvm/PoolConstant$Dynamic$BsmKey
instanceKlass com/sun/tools/javac/comp/LambdaToMethod$KlassInfo
instanceKlass com/sun/tools/javac/comp/LambdaToMethod$1
instanceKlass com/sun/tools/javac/comp/LambdaToMethod$LambdaAnalyzerPreprocessor$Frame
instanceKlass com/sun/tools/javac/comp/LambdaToMethod$LambdaAnalyzerPreprocessor$SyntheticMethodNameCounter
instanceKlass com/sun/tools/javac/comp/LambdaToMethod$LambdaAnalyzerPreprocessor$TranslationContext
instanceKlass com/sun/tools/javac/comp/Attr$TargetInfo
instanceKlass com/sun/tools/javac/comp/DeferredAttr$DeferredType$SpeculativeCache$Entry
instanceKlass com/sun/tools/javac/comp/DeferredAttr$DeferredAttrNode
instanceKlass com/sun/tools/javac/code/Types$DescriptorCache$Entry
instanceKlass com/sun/tools/javac/code/Types$DescriptorCache$FunctionDescriptor
instanceKlass com/sun/tools/javac/code/Kinds$1
instanceKlass com/sun/tools/javac/code/Kinds
instanceKlass com/sun/tools/javac/code/Types$DescriptorFilter
instanceKlass com/sun/tools/javac/jvm/PoolConstant$LoadableConstant$BasicConstant
instanceKlass com/sun/tools/javac/jvm/ClassWriter$1
instanceKlass com/sun/tools/javac/jvm/Code$Chain
instanceKlass com/sun/tools/javac/jvm/ClassWriter$StackMapTableFrame
instanceKlass com/sun/tools/javac/jvm/Code$StackMapFrame
instanceKlass java/util/function/ToIntBiFunction
instanceKlass com/sun/tools/javac/jvm/PoolWriter$1
instanceKlass com/sun/tools/javac/jvm/PoolConstant$NameAndType
instanceKlass com/sun/tools/javac/jvm/Code$LocalVar$Range
instanceKlass com/sun/tools/javac/jvm/Items
instanceKlass com/sun/tools/javac/jvm/Code$LocalVar
instanceKlass com/sun/tools/javac/jvm/Code$State
instanceKlass com/sun/tools/javac/jvm/Gen$GenContext
instanceKlass com/sun/tools/javac/jvm/Gen$4
instanceKlass com/sun/tools/javac/comp/Lower$2
instanceKlass com/sun/tools/javac/comp/TransPatterns$BindingContext
instanceKlass com/sun/tools/javac/comp/Flow$1
instanceKlass com/sun/tools/javac/tree/TreeInfo$1
instanceKlass com/sun/tools/javac/util/Bits$1
instanceKlass com/sun/tools/javac/util/Bits
instanceKlass com/sun/tools/javac/comp/Flow$BaseAnalyzer$PendingExit
instanceKlass com/sun/tools/javac/comp/Resolve$MostSpecificCheck
instanceKlass com/sun/tools/javac/comp/DeferredAttr$5
instanceKlass com/sun/tools/javac/comp/DeferredAttr$DeferredType$SpeculativeCache
instanceKlass com/sun/tools/javac/comp/ArgumentAttr$UniquePos
instanceKlass com/sun/tools/javac/comp/Infer$FreeTypeListener
instanceKlass com/sun/tools/javac/comp/ArgumentAttr$LocalCacheContext
instanceKlass com/sun/tools/javac/comp/Infer$IncorporationBinaryOp
instanceKlass com/sun/tools/javac/code/Type$5
instanceKlass java/util/EnumMap$EntryIterator$Entry
instanceKlass java/util/EnumMap$EnumMapIterator
instanceKlass com/sun/tools/javac/comp/Infer$BoundFilter
instanceKlass com/sun/tools/javac/util/GraphUtils$Tarjan
instanceKlass com/sun/tools/javac/util/GraphUtils
instanceKlass com/sun/tools/javac/util/GraphUtils$AbstractNode
instanceKlass com/sun/tools/javac/util/GraphUtils$DottableNode
instanceKlass com/sun/tools/javac/util/GraphUtils$Node
instanceKlass com/sun/tools/javac/comp/Infer$GraphSolver$InferenceGraph
instanceKlass com/sun/tools/javac/code/Types$ClosureHolder
instanceKlass com/sun/tools/javac/comp/Infer$GraphSolver
instanceKlass com/sun/tools/javac/comp/Infer$LeafSolver
instanceKlass com/sun/tools/javac/comp/Infer$IncorporationAction
instanceKlass com/sun/tools/javac/comp/Check$ClashFilter
instanceKlass com/sun/tools/javac/comp/ConstFold$1
instanceKlass com/sun/tools/javac/comp/Resolve$18
instanceKlass com/sun/tools/javac/comp/Resolve$MethodCheckContext
instanceKlass com/sun/tools/javac/code/Types$MethodFilter
instanceKlass com/sun/tools/javac/code/Types$CandidatesCache$Entry
instanceKlass com/sun/tools/javac/comp/Check$DefaultMethodClashFilter
instanceKlass com/sun/tools/javac/main/JavaCompiler$2
instanceKlass com/sun/tools/javac/tree/Pretty$1
instanceKlass com/sun/tools/javac/processing/JavacProcessingEnvironment$ImplicitCompleter
instanceKlass com/sun/tools/javac/code/DeferredCompletionFailureHandler$DeferredCompleter
instanceKlass com/sun/tools/javac/comp/Annotate$AnnotationContext
instanceKlass com/sun/tools/javac/comp/Annotate$Queues
instanceKlass java/util/IdentityHashMap$EntryIterator$Entry
instanceKlass com/sun/tools/javac/model/JavacElements$1
instanceKlass javax/annotation/processing/SupportedOptions
instanceKlass com/sun/tools/javac/util/MatchingUtils
instanceKlass javax/annotation/processing/SupportedAnnotationTypes
instanceKlass java/util/Vector$1
instanceKlass java/text/BreakIterator
instanceKlass com/sun/tools/javac/api/JavacScope
instanceKlass com/sun/source/util/DocTreePath
instanceKlass java/util/regex/Pattern$1
instanceKlass javax/lang/model/type/TypeVisitor
instanceKlass javax/tools/ForwardingJavaFileManager
instanceKlass java/lang/Class$EnclosingMethodInfo
instanceKlass java/util/zip/ZipFile$ZipEntryIterator
instanceKlass java/util/WeakHashMap$HashIterator
instanceKlass java/net/URLDecoder
instanceKlass com/sun/tools/javac/processing/JavacProcessingEnvironment$ProcessorState
instanceKlass com/sun/tools/javac/processing/JavacRoundEnvironment
instanceKlass javax/lang/model/util/AbstractElementVisitor6
instanceKlass javax/lang/model/element/ElementVisitor
instanceKlass com/sun/tools/javac/processing/JavacProcessingEnvironment$Round
instanceKlass com/sun/tools/javac/code/TypeAnnotations$1
instanceKlass com/sun/tools/javac/code/Types$TypePair
instanceKlass com/sun/tools/javac/code/Types$UniqueType
instanceKlass com/sun/tools/javac/comp/Operators$1
instanceKlass com/sun/tools/javac/code/Flags
instanceKlass com/sun/tools/javac/comp/Resolve$MethodResolutionContext$Candidate
instanceKlass com/sun/tools/javac/code/Types$ImplementationCache$Entry
instanceKlass com/sun/tools/javac/comp/Resolve$LookupFilter
instanceKlass com/sun/tools/javac/comp/Resolve$5
instanceKlass com/sun/tools/javac/comp/Resolve$MethodResolutionContext
instanceKlass com/sun/tools/javac/code/Scope$ImportScope$1
instanceKlass com/sun/tools/javac/code/TypeAnnotationPosition$TypePathEntry
instanceKlass com/sun/tools/javac/code/Types$25
instanceKlass com/sun/tools/javac/comp/TypeEnter$BasicConstructorHelper
instanceKlass com/sun/tools/javac/tree/TreeMaker$2
instanceKlass com/sun/tools/javac/util/Iterators$2
instanceKlass com/sun/tools/javac/code/SymbolMetadata
instanceKlass com/sun/tools/javac/comp/TypeEnter$1
instanceKlass com/sun/tools/javac/jvm/ClassReader$CompleterDeproxy
instanceKlass com/sun/tools/javac/code/TypeTag$1
instanceKlass com/sun/tools/javac/jvm/ClassReader$ParameterAnnotations
instanceKlass com/sun/tools/javac/jvm/ClassReader$TypeAnnotationProxy
instanceKlass com/sun/tools/javac/code/TypeAnnotationPosition
instanceKlass com/sun/tools/javac/jvm/ClassReader$28
instanceKlass com/sun/tools/javac/jvm/Code$1
instanceKlass com/sun/tools/javac/jvm/ClassReader$AnnotationDeproxy
instanceKlass com/sun/tools/javac/jvm/ClassReader$ProxyVisitor
instanceKlass com/sun/tools/javac/jvm/ClassReader$SourceFileObject
instanceKlass com/sun/tools/javac/util/Name$NameMapper
instanceKlass com/sun/tools/javac/jvm/PoolReader$ImmutablePoolHelper
instanceKlass com/sun/tools/javac/jvm/PoolReader
instanceKlass com/sun/tools/javac/comp/MatchBindingsComputer$1
instanceKlass com/sun/tools/javac/comp/Attr$13
instanceKlass java/nio/file/FileTreeWalker$1
instanceKlass com/sun/tools/javac/code/Scope$FilterImportScope$SymbolImporter
instanceKlass jdk/internal/jrtfs/JrtFileAttributes
instanceKlass java/util/function/BooleanSupplier
instanceKlass java/util/stream/StreamSpliterators
instanceKlass jdk/internal/jrtfs/JrtDirectoryStream$1
instanceKlass java/util/stream/StreamSpliterators$AbstractWrappingSpliterator
instanceKlass jdk/internal/jrtfs/JrtDirectoryStream
instanceKlass com/sun/tools/javac/code/Scope$ImportFilter
instanceKlass com/sun/tools/javac/code/Scope$ScopeImpl$2
instanceKlass com/sun/tools/javac/comp/Check$5
instanceKlass com/sun/tools/javac/comp/AttrContext
instanceKlass com/sun/tools/javac/code/Scope$ScopeImpl$1
instanceKlass com/sun/tools/javac/code/ClassFinder$2
instanceKlass java/nio/file/Files$2
instanceKlass jdk/nio/zipfs/ZipDirectoryStream$1
instanceKlass jdk/nio/zipfs/ZipDirectoryStream
instanceKlass jdk/nio/zipfs/ZipUtils
instanceKlass jdk/nio/zipfs/ZipFileSystem$END
instanceKlass jdk/nio/zipfs/ZipConstants
instanceKlass java/nio/file/attribute/PosixFileAttributeView
instanceKlass jdk/nio/zipfs/ZipFileAttributeView
instanceKlass jdk/nio/zipfs/ZipPath
instanceKlass jdk/nio/zipfs/ZipCoder
instanceKlass java/nio/file/attribute/PosixFilePermissions
instanceKlass jdk/nio/zipfs/ZipFileAttributes
instanceKlass jdk/nio/zipfs/ZipFileSystem$IndexNode
instanceKlass com/sun/tools/javac/file/JavacFileManager$ArchiveContainer
instanceKlass com/sun/tools/javac/file/JavacFileManager$DirectoryContainer
instanceKlass com/sun/tools/javac/code/ClassFinder$1
instanceKlass com/sun/tools/javac/file/JRTIndex$CtSym
instanceKlass com/sun/tools/javac/file/JRTIndex$Entry
instanceKlass jdk/internal/jimage/ImageReader$SharedImageReader$LocationVisitor
instanceKlass com/sun/tools/javac/file/JavacFileManager$PathAndContainer
instanceKlass com/sun/tools/javac/file/JavacFileManager$JRTImageContainer
instanceKlass com/sun/tools/javac/parser/JavacParser$LambdaClassifier
instanceKlass com/sun/tools/javac/tree/JCTree$1
instanceKlass com/sun/tools/javac/parser/UnicodeReader$1
instanceKlass com/sun/tools/javac/util/Position$LineMapImpl
instanceKlass com/sun/tools/javac/util/Position$LineMap
instanceKlass com/sun/tools/javac/util/Position
instanceKlass com/sun/tools/javac/parser/LazyDocCommentTable$Entry
instanceKlass com/sun/tools/javac/tree/TreeInfo$2
instanceKlass com/sun/tools/javac/tree/TreeInfo
instanceKlass com/sun/tools/javac/parser/JavacParser$1
instanceKlass com/sun/tools/javac/resources/CompilerProperties$Errors
instanceKlass com/sun/tools/javac/util/IntHashTable
instanceKlass com/sun/tools/javac/parser/LazyDocCommentTable
instanceKlass com/sun/tools/javac/parser/JavadocTokenizer$OffsetMap
instanceKlass com/sun/tools/javac/parser/JavacParser$AbstractEndPosTable
instanceKlass com/sun/tools/javac/parser/JavacParser$ErrorRecoveryAction
instanceKlass com/sun/tools/javac/tree/EndPosTable
instanceKlass com/sun/tools/javac/parser/JavacParser
instanceKlass com/sun/tools/javac/parser/Scanner
instanceKlass com/sun/source/tree/LineMap
instanceKlass com/sun/tools/javac/file/BaseFileManager$ContentCacheEntry
instanceKlass com/sun/tools/javac/util/DiagnosticSource
instanceKlass javax/annotation/processing/AbstractProcessor
instanceKlass com/sun/tools/javac/processing/JavacProcessingEnvironment$DiscoveredProcessors$ProcessorStateIterator
instanceKlass com/sun/tools/javac/processing/JavacProcessingEnvironment$DiscoveredProcessors
instanceKlass com/sun/tools/javac/util/Iterators$CompoundIterator
instanceKlass com/sun/tools/javac/util/Iterators$1
instanceKlass com/sun/tools/javac/util/Iterators
instanceKlass javax/annotation/processing/Processor
instanceKlass com/sun/tools/javac/processing/JavacProcessingEnvironment$ServiceIterator
instanceKlass com/sun/tools/javac/file/JavacFileManager$3
instanceKlass javax/tools/StandardLocation$2
instanceKlass com/sun/tools/javac/model/JavacTypes
instanceKlass com/sun/tools/javac/processing/JavacMessager
instanceKlass com/sun/tools/javac/processing/JavacFiler
instanceKlass com/sun/tools/javac/util/ForwardingDiagnosticFormatter$ForwardingConfiguration
instanceKlass com/sun/tools/javac/code/Types$DefaultSymbolVisitor
instanceKlass com/sun/tools/javac/util/ForwardingDiagnosticFormatter
instanceKlass com/sun/tools/javac/code/ModuleFinder$ModuleNameFromSourceReader
instanceKlass com/sun/tools/javac/comp/Modules$PackageNameFinder
instanceKlass com/sun/tools/javac/api/MultiTaskListener
instanceKlass com/sun/tools/javac/parser/UnicodeReader
instanceKlass com/sun/tools/javac/parser/ScannerFactory
instanceKlass com/sun/tools/javac/parser/Tokens$Token
instanceKlass com/sun/tools/javac/parser/Tokens
instanceKlass com/sun/tools/javac/parser/ReferenceParser
instanceKlass com/sun/tools/javac/model/JavacElements
instanceKlass com/sun/source/util/DocSourcePositions
instanceKlass com/sun/tools/javac/tree/DocCommentTable
instanceKlass com/sun/source/tree/Scope
instanceKlass com/sun/source/doctree/DocTreeVisitor
instanceKlass com/sun/source/util/SourcePositions
instanceKlass com/sun/source/doctree/UnknownInlineTagTree
instanceKlass com/sun/source/doctree/StartElementTree
instanceKlass com/sun/source/doctree/UnknownBlockTagTree
instanceKlass com/sun/source/doctree/SystemPropertyTree
instanceKlass com/sun/source/doctree/HiddenTree
instanceKlass com/sun/source/doctree/ReferenceTree
instanceKlass com/sun/source/doctree/DeprecatedTree
instanceKlass com/sun/source/doctree/EndElementTree
instanceKlass com/sun/source/doctree/AttributeTree
instanceKlass com/sun/source/doctree/AuthorTree
instanceKlass com/sun/source/doctree/ErroneousTree
instanceKlass com/sun/source/doctree/CommentTree
instanceKlass com/sun/source/doctree/LinkTree
instanceKlass com/sun/source/doctree/IdentifierTree
instanceKlass com/sun/source/doctree/ParamTree
instanceKlass com/sun/source/doctree/DocTypeTree
instanceKlass com/sun/source/doctree/InheritDocTree
instanceKlass com/sun/source/doctree/LiteralTree
instanceKlass com/sun/source/doctree/DocRootTree
instanceKlass com/sun/source/doctree/ProvidesTree
instanceKlass com/sun/source/doctree/IndexTree
instanceKlass com/sun/source/doctree/EntityTree
instanceKlass com/sun/source/doctree/ValueTree
instanceKlass com/sun/source/doctree/SerialFieldTree
instanceKlass com/sun/source/doctree/UsesTree
instanceKlass com/sun/source/doctree/SinceTree
instanceKlass com/sun/source/doctree/SeeTree
instanceKlass com/sun/source/doctree/VersionTree
instanceKlass com/sun/source/doctree/SerialTree
instanceKlass com/sun/source/doctree/ThrowsTree
instanceKlass com/sun/source/doctree/TextTree
instanceKlass com/sun/source/doctree/SerialDataTree
instanceKlass com/sun/source/doctree/SummaryTree
instanceKlass com/sun/source/doctree/ReturnTree
instanceKlass com/sun/source/doctree/InlineTagTree
instanceKlass com/sun/source/doctree/BlockTagTree
instanceKlass com/sun/source/doctree/DocCommentTree
instanceKlass com/sun/source/doctree/DocTree
instanceKlass com/sun/tools/javac/parser/Tokens$Comment
instanceKlass com/sun/tools/javac/tree/DocTreeMaker
instanceKlass com/sun/source/util/DocTreeFactory
instanceKlass com/sun/tools/javac/parser/Lexer
instanceKlass com/sun/tools/javac/parser/ParserFactory
instanceKlass jdk/internal/jimage/ImageReader$Node
instanceKlass jdk/internal/jrtfs/SystemImage$2
instanceKlass jdk/internal/jrtfs/SystemImage
instanceKlass jdk/internal/jrtfs/JrtPath
instanceKlass com/sun/tools/javac/file/JRTIndex
instanceKlass com/sun/tools/javac/main/DelegatingJavaFileManager
instanceKlass javax/lang/model/element/RecordComponentElement
instanceKlass com/sun/tools/javac/jvm/ClassReader$AttributeReader
instanceKlass com/sun/tools/javac/code/Preview$1
instanceKlass com/sun/tools/javac/comp/Analyzer$2
instanceKlass com/sun/tools/javac/comp/Analyzer$1
instanceKlass com/sun/tools/javac/comp/Analyzer$StatementAnalyzer
instanceKlass com/sun/tools/javac/comp/Analyzer$DeferredAnalysisHelper
instanceKlass com/sun/tools/javac/comp/Analyzer
instanceKlass com/sun/tools/javac/code/Symtab$2
instanceKlass com/sun/tools/javac/code/Symtab$1
instanceKlass com/sun/tools/javac/jvm/JNIWriter
instanceKlass com/sun/tools/javac/jvm/Code
instanceKlass com/sun/tools/javac/jvm/PoolWriter$WriteablePoolHelper
instanceKlass com/sun/tools/javac/code/Types$SignatureGenerator
instanceKlass com/sun/tools/javac/jvm/PoolWriter
instanceKlass com/sun/tools/javac/comp/ConstFold
instanceKlass com/sun/tools/javac/comp/Operators$OperatorHelper
instanceKlass com/sun/tools/javac/comp/Operators
instanceKlass com/sun/tools/javac/jvm/PoolConstant$Dynamic
instanceKlass com/sun/tools/javac/jvm/StringConcat
instanceKlass com/sun/tools/javac/jvm/Gen$GenFinalizer
instanceKlass com/sun/tools/javac/jvm/Items$Item
instanceKlass com/sun/tools/javac/jvm/ClassWriter$AttributeWriter
instanceKlass com/sun/tools/javac/jvm/ClassFile
instanceKlass com/sun/tools/javac/code/ModuleFinder$ModuleLocationIterator
instanceKlass com/sun/tools/javac/code/ModuleFinder
instanceKlass com/sun/tools/javac/comp/Flow
instanceKlass com/sun/tools/javac/comp/Infer$GraphStrategy
instanceKlass com/sun/tools/javac/comp/InferenceContext
instanceKlass javax/lang/model/element/TypeParameterElement
instanceKlass com/sun/tools/javac/comp/Infer$AbstractIncorporationEngine
instanceKlass com/sun/tools/javac/code/Type$UndetVar$UndetVarListener
instanceKlass com/sun/tools/javac/comp/Infer
instanceKlass com/sun/tools/javac/util/MandatoryWarningHandler
instanceKlass com/sun/tools/javac/code/Preview
instanceKlass com/sun/tools/javac/util/Dependencies
instanceKlass com/sun/tools/javac/comp/TypeEnvs
instanceKlass com/sun/tools/javac/code/TypeAnnotations
instanceKlass com/sun/tools/javac/code/DeferredLintHandler$1
instanceKlass com/sun/tools/javac/code/DeferredLintHandler
instanceKlass com/sun/tools/javac/comp/TypeEnter$DefaultConstructorHelper
instanceKlass com/sun/tools/javac/util/GraphUtils$DependencyKind
instanceKlass com/sun/tools/javac/comp/TypeEnter$Phase
instanceKlass com/sun/tools/javac/comp/TypeEnter
instanceKlass com/sun/tools/javac/code/Types$CandidatesCache
instanceKlass com/sun/tools/javac/code/Types$ImplementationCache
instanceKlass com/sun/tools/javac/code/Types$3
instanceKlass com/sun/tools/javac/code/Types$DescriptorCache
instanceKlass com/sun/tools/javac/code/Types
instanceKlass com/sun/tools/javac/tree/TreeMaker$AnnotationBuilder
instanceKlass com/sun/tools/javac/tree/TreeMaker
instanceKlass com/sun/tools/javac/tree/JCTree$Factory
instanceKlass com/sun/tools/javac/comp/DeferredAttr$4
instanceKlass com/sun/tools/javac/tree/TreeCopier
instanceKlass com/sun/tools/javac/comp/DeferredAttr$DeferredAttrContext
instanceKlass com/sun/tools/javac/comp/DeferredAttr$DeferredStuckPolicy
instanceKlass com/sun/tools/javac/comp/AttrRecover
instanceKlass com/sun/tools/javac/comp/Resolve$ReferenceLookupResult
instanceKlass com/sun/tools/javac/api/Formattable$LocalizedString
instanceKlass com/sun/tools/javac/comp/Resolve$9
instanceKlass com/sun/tools/javac/comp/Resolve$8
instanceKlass com/sun/tools/javac/comp/Resolve$7
instanceKlass com/sun/tools/javac/comp/Resolve$6
instanceKlass com/sun/tools/javac/comp/Env
instanceKlass com/sun/tools/javac/comp/Resolve$AbstractMethodCheck
instanceKlass com/sun/tools/javac/comp/Resolve$2
instanceKlass com/sun/tools/javac/code/Scope$ScopeListener
instanceKlass com/sun/tools/javac/comp/Resolve$LookupHelper
instanceKlass com/sun/tools/javac/comp/Resolve$ReferenceChooser
instanceKlass com/sun/tools/javac/comp/Resolve$LogResolveHelper
instanceKlass com/sun/tools/javac/comp/Resolve$RecoveryLoadClass
instanceKlass com/sun/tools/javac/comp/Resolve
instanceKlass com/sun/tools/javac/comp/Check$1
instanceKlass com/sun/tools/javac/util/Warner
instanceKlass com/sun/tools/javac/comp/Check
instanceKlass com/sun/tools/javac/comp/Modules$1
instanceKlass com/sun/tools/javac/resources/CompilerProperties$Fragments
instanceKlass com/sun/tools/javac/code/Directive
instanceKlass javax/lang/model/element/ModuleElement$RequiresDirective
instanceKlass javax/lang/model/element/ModuleElement$Directive
instanceKlass com/sun/tools/javac/code/Scope$ScopeListenerList
instanceKlass com/sun/tools/javac/code/Scope$Entry
instanceKlass com/sun/tools/javac/comp/Annotate$AnnotationTypeMetadata
instanceKlass com/sun/tools/javac/api/Formattable
instanceKlass com/sun/tools/javac/code/Kinds$KindSelector
instanceKlass com/sun/tools/javac/code/MissingInfoHandler
instanceKlass com/sun/tools/javac/code/TypeMetadata
instanceKlass javax/lang/model/type/NullType
instanceKlass com/sun/tools/javac/code/Symtab
instanceKlass com/sun/tools/javac/comp/MatchBindingsComputer$MatchBindings
instanceKlass com/sun/source/util/SimpleTreeVisitor
instanceKlass com/sun/tools/javac/comp/Check$NestedCheckContext
instanceKlass javax/lang/model/type/UnionType
instanceKlass com/sun/tools/javac/comp/Resolve$MethodCheck
instanceKlass com/sun/tools/javac/comp/Attr$ResultInfo
instanceKlass com/sun/tools/javac/code/Types$DefaultTypeVisitor
instanceKlass javax/lang/model/type/IntersectionType
instanceKlass com/sun/tools/javac/comp/Annotate$2
instanceKlass com/sun/tools/javac/comp/Check$CheckContext
instanceKlass com/sun/tools/javac/code/TypeMetadata$Entry
instanceKlass javax/lang/model/element/AnnotationMirror
instanceKlass com/sun/tools/javac/comp/Annotate
instanceKlass com/sun/tools/javac/util/ByteBuffer
instanceKlass com/sun/tools/javac/code/Attribute
instanceKlass javax/lang/model/element/AnnotationValue
instanceKlass javax/lang/model/type/PrimitiveType
instanceKlass com/sun/tools/javac/comp/Annotate$AnnotationTypeCompleter
instanceKlass com/sun/tools/javac/jvm/ClassReader
instanceKlass com/sun/tools/javac/code/Scope
instanceKlass com/sun/tools/javac/code/ClassFinder
instanceKlass com/sun/tools/javac/util/Convert
instanceKlass com/sun/tools/javac/util/ArrayUtils
instanceKlass com/sun/tools/javac/util/Name
instanceKlass javax/lang/model/element/Name
instanceKlass com/sun/tools/javac/util/Name$Table
instanceKlass com/sun/tools/javac/util/Names
instanceKlass com/sun/tools/javac/code/Symbol$Completer$1
instanceKlass javax/lang/model/element/ModuleElement
instanceKlass javax/lang/model/element/PackageElement
instanceKlass com/sun/tools/javac/main/JavaCompiler
instanceKlass com/sun/tools/javac/code/Lint$AugmentVisitor
instanceKlass com/sun/tools/javac/code/Attribute$Visitor
instanceKlass javax/lang/model/element/TypeElement
instanceKlass javax/lang/model/element/QualifiedNameable
instanceKlass com/sun/source/tree/YieldTree
instanceKlass com/sun/source/tree/ErroneousTree
instanceKlass com/sun/source/tree/ExportsTree
instanceKlass com/sun/source/tree/ModifiersTree
instanceKlass com/sun/source/tree/UsesTree
instanceKlass com/sun/source/tree/RequiresTree
instanceKlass com/sun/source/tree/TypeParameterTree
instanceKlass com/sun/source/tree/ProvidesTree
instanceKlass com/sun/source/tree/OpensTree
instanceKlass com/sun/source/tree/DirectiveTree
instanceKlass com/sun/source/tree/AnnotatedTypeTree
instanceKlass com/sun/source/tree/TypeCastTree
instanceKlass com/sun/source/tree/BinaryTree
instanceKlass com/sun/source/tree/LiteralTree
instanceKlass com/sun/source/tree/UnaryTree
instanceKlass com/sun/source/tree/ReturnTree
instanceKlass com/sun/source/tree/ThrowTree
instanceKlass com/sun/source/tree/NewArrayTree
instanceKlass com/sun/source/tree/BreakTree
instanceKlass com/sun/source/tree/NewClassTree
instanceKlass com/sun/source/tree/AssertTree
instanceKlass com/sun/source/tree/ContinueTree
instanceKlass com/sun/source/tree/IfTree
instanceKlass com/sun/source/tree/SwitchTree
instanceKlass com/sun/source/tree/CatchTree
instanceKlass com/sun/source/tree/SynchronizedTree
instanceKlass com/sun/source/tree/ForLoopTree
instanceKlass com/sun/source/tree/TryTree
instanceKlass com/sun/source/tree/WhileLoopTree
instanceKlass com/sun/source/tree/CaseTree
instanceKlass com/sun/source/tree/ImportTree
instanceKlass com/sun/source/tree/BlockTree
instanceKlass com/sun/source/tree/BindingPatternTree
instanceKlass com/sun/source/tree/ParenthesizedPatternTree
instanceKlass com/sun/source/tree/DefaultCaseLabelTree
instanceKlass com/sun/source/tree/SwitchExpressionTree
instanceKlass com/sun/source/tree/PrimitiveTypeTree
instanceKlass com/sun/source/tree/ArrayAccessTree
instanceKlass com/sun/source/tree/GuardedPatternTree
instanceKlass com/sun/source/tree/PatternTree
instanceKlass com/sun/source/tree/ArrayTypeTree
instanceKlass com/sun/source/tree/UnionTypeTree
instanceKlass com/sun/source/tree/MemberSelectTree
instanceKlass com/sun/source/tree/ParameterizedTypeTree
instanceKlass com/sun/source/tree/IdentifierTree
instanceKlass com/sun/source/tree/MemberReferenceTree
instanceKlass com/sun/source/tree/InstanceOfTree
instanceKlass com/sun/source/tree/ParenthesizedTree
instanceKlass com/sun/source/tree/ConditionalExpressionTree
instanceKlass com/sun/source/tree/AssignmentTree
instanceKlass com/sun/source/tree/MethodInvocationTree
instanceKlass com/sun/source/tree/LambdaExpressionTree
instanceKlass com/sun/source/tree/CompoundAssignmentTree
instanceKlass com/sun/source/tree/ExpressionStatementTree
instanceKlass com/sun/source/tree/EnhancedForLoopTree
instanceKlass com/sun/source/tree/VariableTree
instanceKlass com/sun/source/tree/ClassTree
instanceKlass com/sun/source/tree/LabeledStatementTree
instanceKlass com/sun/source/tree/ModuleTree
instanceKlass com/sun/source/tree/PackageTree
instanceKlass com/sun/source/tree/EmptyStatementTree
instanceKlass com/sun/source/tree/DoWhileLoopTree
instanceKlass com/sun/source/tree/StatementTree
instanceKlass com/sun/source/tree/MethodTree
instanceKlass com/sun/source/tree/IntersectionTypeTree
instanceKlass com/sun/source/tree/AnnotationTree
instanceKlass com/sun/source/tree/WildcardTree
instanceKlass javax/annotation/processing/Messager
instanceKlass javax/annotation/processing/Filer
instanceKlass javax/annotation/processing/RoundEnvironment
instanceKlass com/sun/tools/javac/tree/JCTree$Visitor
instanceKlass com/sun/tools/javac/processing/JavacProcessingEnvironment
instanceKlass javax/annotation/processing/ProcessingEnvironment
instanceKlass com/sun/tools/javac/platform/PlatformDescription
instanceKlass com/sun/tools/javac/util/Log$1
instanceKlass com/sun/tools/javac/util/JCDiagnostic$1
instanceKlass com/sun/tools/javac/resources/CompilerProperties$Warnings
instanceKlass com/sun/tools/javac/code/Source$1
instanceKlass com/sun/tools/javac/util/Pair
instanceKlass com/sun/tools/javac/code/DeferredCompletionFailureHandler$FlipSymbolDescription
instanceKlass com/sun/tools/javac/code/DeferredCompletionFailureHandler$3
instanceKlass com/sun/tools/javac/code/DeferredCompletionFailureHandler$2
instanceKlass com/sun/tools/javac/code/Symbol$Completer
instanceKlass com/sun/tools/javac/code/DeferredCompletionFailureHandler$1
instanceKlass com/sun/tools/javac/code/DeferredCompletionFailureHandler$Handler
instanceKlass com/sun/tools/javac/code/DeferredCompletionFailureHandler
instanceKlass com/sun/tools/javac/parser/Parser
instanceKlass com/sun/tools/javac/api/JavacTaskImpl$Filter
instanceKlass com/sun/tools/javac/main/Arguments$ErrorReporter
instanceKlass sun/nio/fs/WindowsUriSupport
instanceKlass java/util/AbstractMap$SimpleEntry
instanceKlass jdk/internal/jimage/ImageBufferCache$2
instanceKlass jdk/internal/jimage/ImageBufferCache
instanceKlass java/nio/channels/AsynchronousFileChannel
instanceKlass java/nio/channels/AsynchronousChannel
instanceKlass java/nio/file/spi/FileSystemProvider$1
instanceKlass com/sun/tools/javac/util/StringUtils
instanceKlass com/sun/tools/javac/file/BaseFileManager$3
instanceKlass com/sun/tools/doclint/DocLint$1
instanceKlass com/sun/source/tree/CompilationUnitTree
instanceKlass com/sun/source/util/TreePath
instanceKlass javax/lang/model/util/Types
instanceKlass javax/lang/model/util/Elements
instanceKlass com/sun/source/util/Trees
instanceKlass com/sun/source/util/TreeScanner
instanceKlass com/sun/source/tree/TreeVisitor
instanceKlass com/sun/tools/doclint/DocLint
instanceKlass com/sun/source/util/Plugin
instanceKlass com/sun/tools/javac/util/ListBuffer$1
instanceKlass com/sun/tools/javac/main/Arguments
instanceKlass com/sun/tools/javac/api/ClientCodeWrapper$WrappedDiagnosticListener
instanceKlass com/sun/tools/javac/api/ClientCodeWrapper$Trusted
instanceKlass com/sun/source/util/TaskListener
instanceKlass com/sun/tools/javac/api/ClientCodeWrapper
instanceKlass com/sun/tools/javac/file/PathFileObject
instanceKlass com/sun/tools/javac/util/JCDiagnostic
instanceKlass javax/lang/model/element/ExecutableElement
instanceKlass javax/lang/model/element/Parameterizable
instanceKlass javax/lang/model/type/NoType
instanceKlass javax/lang/model/type/ArrayType
instanceKlass javax/lang/model/type/ExecutableType
instanceKlass javax/lang/model/type/TypeVariable
instanceKlass javax/lang/model/type/WildcardType
instanceKlass com/sun/tools/javac/jvm/PoolConstant$LoadableConstant
instanceKlass javax/lang/model/type/ErrorType
instanceKlass javax/lang/model/type/DeclaredType
instanceKlass javax/lang/model/type/ReferenceType
instanceKlass javax/lang/model/type/TypeMirror
instanceKlass javax/lang/model/element/VariableElement
instanceKlass com/sun/tools/javac/code/AnnoConstruct
instanceKlass javax/lang/model/element/Element
instanceKlass javax/lang/model/AnnotatedConstruct
instanceKlass com/sun/tools/javac/jvm/PoolConstant
instanceKlass com/sun/tools/javac/util/AbstractDiagnosticFormatter$SimpleConfiguration
instanceKlass com/sun/source/tree/ExpressionTree
instanceKlass com/sun/source/tree/CaseLabelTree
instanceKlass com/sun/tools/javac/tree/JCTree
instanceKlass com/sun/source/tree/Tree
instanceKlass com/sun/tools/javac/code/Printer
instanceKlass com/sun/tools/javac/code/Symbol$Visitor
instanceKlass com/sun/tools/javac/code/Type$Visitor
instanceKlass com/sun/tools/javac/api/DiagnosticFormatter$Configuration
instanceKlass com/sun/tools/javac/util/AbstractDiagnosticFormatter
instanceKlass com/sun/tools/javac/util/Options
instanceKlass java/util/ResourceBundle$3
instanceKlass com/sun/tools/javac/util/List$3
instanceKlass com/sun/tools/javac/util/JavacMessages$ResourceBundleHelper
instanceKlass com/sun/tools/javac/util/List$2
instanceKlass com/sun/tools/javac/util/JavacMessages
instanceKlass com/sun/tools/javac/api/Messages
instanceKlass com/sun/tools/javac/util/JCDiagnostic$DiagnosticInfo
instanceKlass com/sun/tools/javac/util/JCDiagnostic$Factory
instanceKlass java/util/JumboEnumSet$EnumSetIterator
instanceKlass com/sun/tools/javac/file/Locations$ModuleTable
instanceKlass javax/tools/StandardJavaFileManager$PathFactory
instanceKlass com/sun/tools/javac/file/Locations$LocationHandler
instanceKlass com/sun/tools/javac/file/Locations
instanceKlass com/sun/tools/javac/file/BaseFileManager$ByteBufferCache
instanceKlass com/sun/tools/javac/file/JavacFileManager$1
instanceKlass com/sun/tools/javac/code/Lint
instanceKlass com/sun/tools/javac/util/Assert
instanceKlass com/sun/tools/javac/file/RelativePath
instanceKlass javax/tools/JavaFileObject
instanceKlass javax/tools/JavaFileManager$Location
instanceKlass javax/tools/FileObject
instanceKlass com/sun/tools/javac/file/JavacFileManager$Container
instanceKlass com/sun/tools/javac/main/OptionHelper
instanceKlass com/sun/tools/javac/file/FSInfo
instanceKlass javax/tools/Diagnostic
instanceKlass com/sun/tools/javac/api/DiagnosticFormatter
instanceKlass com/sun/tools/javac/util/Log$DiagnosticHandler
instanceKlass com/sun/tools/javac/util/JCDiagnostic$DiagnosticPosition
instanceKlass com/sun/tools/javac/util/AbstractLog
instanceKlass com/sun/tools/javac/util/Context$Factory
instanceKlass com/sun/tools/javac/util/Context$Key
instanceKlass javax/tools/DiagnosticCollector
instanceKlass org/codehaus/plexus/compiler/javac/JavaxToolsCompiler$1
instanceKlass com/sun/tools/javac/file/BaseFileManager
instanceKlass com/sun/tools/javac/util/Context
instanceKlass javax/tools/StandardJavaFileManager
instanceKlass com/sun/source/util/JavacTask
instanceKlass javax/tools/JavaCompiler$CompilationTask
instanceKlass com/sun/tools/javac/api/JavacTool
instanceKlass javax/tools/JavaCompiler
instanceKlass javax/tools/Tool
instanceKlass javax/tools/JavaFileManager
instanceKlass javax/tools/OptionChecker
instanceKlass javax/tools/DiagnosticListener
instanceKlass org/codehaus/plexus/compiler/javac/JavaxToolsCompiler
instanceKlass org/codehaus/plexus/util/StringUtils
instanceKlass javax/tools/ToolProvider
instanceKlass org/apache/maven/shared/utils/io/SelectorUtils
instanceKlass org/apache/maven/shared/utils/io/MatchPattern
instanceKlass org/apache/maven/shared/utils/io/MatchPatterns
instanceKlass org/apache/maven/shared/utils/io/DirectoryScanner
instanceKlass org/apache/maven/shared/utils/io/FileUtils
instanceKlass org/apache/maven/monitor/event/EventDispatcher
instanceKlass org/apache/maven/artifact/repository/RepositoryCache
instanceKlass org/apache/maven/shared/incremental/IncrementalBuildHelperRequest
instanceKlass org/codehaus/plexus/util/SelectorUtils
instanceKlass org/codehaus/plexus/util/AbstractScanner
instanceKlass org/codehaus/plexus/util/Scanner
instanceKlass org/codehaus/plexus/compiler/util/scan/mapping/SuffixMapping
instanceKlass org/codehaus/plexus/compiler/util/scan/AbstractSourceInclusionScanner
instanceKlass org/apache/maven/shared/incremental/IncrementalBuildHelper
instanceKlass org/apache/maven/shared/utils/StringUtils
instanceKlass org/apache/maven/project/MavenProject$LoggingList$1
instanceKlass org/codehaus/plexus/compiler/javac/JavacCompiler$$FastClassByGuice$$230030580
instanceKlass org/codehaus/plexus/languages/java/jpms/AbstractBinaryModuleInfoParser
instanceKlass org/codehaus/plexus/compiler/manager/DefaultCompilerManager$$FastClassByGuice$$228627273
instanceKlass org/apache/maven/toolchain/DefaultToolchainManager$$FastClassByGuice$$228405951
instanceKlass org/apache/maven/plugin/compiler/CompilerMojo$$FastClassByGuice$$227126861
instanceKlass org/codehaus/plexus/languages/java/jpms/LocationManager$$FastClassByGuice$$225483075
instanceKlass org/codehaus/plexus/compiler/CompilerMessage
instanceKlass org/codehaus/plexus/util/cli/StreamConsumer
instanceKlass org/codehaus/plexus/compiler/CompilerOutputStyle
instanceKlass org/codehaus/plexus/languages/java/jpms/ResolvePathsRequest
instanceKlass org/codehaus/plexus/languages/java/jpms/SourceModuleInfoParser
instanceKlass org/codehaus/plexus/languages/java/jpms/ModuleInfoParser
instanceKlass org/sonatype/plexus/components/cipher/PBECipher
instanceKlass org/sonatype/plexus/components/sec/dispatcher/model/SettingsSecurity
instanceKlass org/codehaus/plexus/languages/java/jpms/JavaModuleDescriptor
instanceKlass org/codehaus/plexus/languages/java/jpms/ResolvePathsResult
instanceKlass org/codehaus/plexus/compiler/CompilerResult
instanceKlass org/codehaus/plexus/compiler/util/scan/SourceInclusionScanner
instanceKlass org/apache/maven/shared/utils/logging/MessageBuilder
instanceKlass org/codehaus/plexus/compiler/CompilerConfiguration
instanceKlass org/codehaus/plexus/compiler/util/scan/mapping/SourceMapping
instanceKlass org/codehaus/plexus/compiler/Compiler
instanceKlass org/codehaus/plexus/compiler/manager/CompilerManager
instanceKlass org/codehaus/plexus/languages/java/jpms/LocationManager
instanceKlass org/sonatype/plexus/components/cipher/PlexusCipher
instanceKlass org/sonatype/plexus/components/sec/dispatcher/SecDispatcher
instanceKlass org/apache/maven/utils/Os
instanceKlass org/codehaus/mojo/flatten/FlattenMojo$2
instanceKlass org/codehaus/mojo/flatten/cifriendly/CiModelInterpolator$InterpolateObjectAction$CacheField
instanceKlass org/codehaus/mojo/flatten/cifriendly/CiModelInterpolator$InterpolateObjectAction$CacheItem
instanceKlass org/codehaus/mojo/flatten/cifriendly/CiModelInterpolator$InterpolateObjectAction
instanceKlass org/codehaus/mojo/flatten/cifriendly/CiModelInterpolator$UrlNormalizingPostProcessor
instanceKlass org/codehaus/mojo/flatten/cifriendly/CiModelInterpolator$PathTranslatingPostProcessor
instanceKlass org/codehaus/plexus/interpolation/InterpolationPostProcessor
instanceKlass org/codehaus/mojo/flatten/cifriendly/CiModelInterpolator$ProblemDetectingValueSource
instanceKlass org/codehaus/plexus/interpolation/AbstractValueSource
instanceKlass org/codehaus/plexus/interpolation/PrefixedValueSourceWrapper
instanceKlass org/codehaus/plexus/interpolation/FeedbackEnabledValueSource
instanceKlass org/codehaus/plexus/interpolation/AbstractDelegatingValueSource
instanceKlass org/codehaus/plexus/interpolation/QueryEnabledValueSource
instanceKlass org/codehaus/mojo/flatten/LoggingModelProblemCollector
instanceKlass org/codehaus/mojo/flatten/FlattenMode$1
instanceKlass org/codehaus/mojo/flatten/Dependencies
instanceKlass org/codehaus/plexus/util/StringUtils
instanceKlass org/codehaus/mojo/flatten/model/resolution/ReactorModelPool$Coordinates
instanceKlass org/codehaus/mojo/flatten/model/resolution/ReactorModelPool
instanceKlass org/codehaus/mojo/flatten/model/resolution/FlattenModelResolver
instanceKlass org/codehaus/plexus/interpolation/PrefixAwareRecursionInterceptor
instanceKlass org/codehaus/mojo/flatten/cifriendly/CiInterpolatorImpl
instanceKlass org/codehaus/mojo/flatten/FlattenMojo$$FastClassByGuice$$225184656
instanceKlass org/sonatype/plexus/build/incremental/EmptyScanner
instanceKlass java/nio/file/attribute/PosixFileAttributes
instanceKlass sun/nio/fs/WindowsFileCopy
instanceKlass org/apache/maven/shared/filtering/FilteringUtils
instanceKlass org/apache/commons/io/FilenameUtils
instanceKlass org/codehaus/plexus/util/SelectorUtils
instanceKlass org/codehaus/plexus/util/MatchPatterns
instanceKlass org/codehaus/plexus/util/MatchPattern
instanceKlass org/codehaus/plexus/util/AbstractScanner
instanceKlass org/codehaus/plexus/interpolation/RecursionInterceptor
instanceKlass org/codehaus/plexus/interpolation/AbstractValueSource
instanceKlass org/apache/maven/plugins/resources/MavenBuildTimestamp
instanceKlass org/apache/maven/shared/filtering/FilterWrapper
instanceKlass java/lang/Character$Subset
instanceKlass org/apache/commons/lang3/StringUtils
instanceKlass org/sonatype/plexus/build/incremental/DefaultBuildContext$$FastClassByGuice$$223733550
instanceKlass org/apache/maven/plugins/resources/ResourcesMojo$$FastClassByGuice$$222626723
instanceKlass org/apache/maven/shared/filtering/DefaultMavenResourcesFiltering$$FastClassByGuice$$221355346
instanceKlass org/apache/maven/shared/filtering/DefaultMavenReaderFilter$$FastClassByGuice$$220282662
instanceKlass org/apache/maven/shared/filtering/DefaultMavenFileFilter$$FastClassByGuice$$219775644
instanceKlass org/codehaus/plexus/interpolation/Interpolator
instanceKlass org/codehaus/plexus/interpolation/BasicInterpolator
instanceKlass org/codehaus/plexus/interpolation/ValueSource
instanceKlass org/codehaus/plexus/util/Scanner
instanceKlass org/apache/maven/shared/filtering/AbstractMavenFilteringRequest
instanceKlass org/apache/maven/shared/filtering/DefaultMavenResourcesFiltering
instanceKlass org/apache/maven/shared/filtering/MavenResourcesFiltering
instanceKlass org/apache/maven/shared/filtering/MavenReaderFilter
instanceKlass org/apache/maven/shared/filtering/BaseFilter
instanceKlass org/apache/maven/shared/filtering/MavenFileFilter
instanceKlass org/apache/maven/shared/filtering/DefaultFilterInfo
instanceKlass org/sonatype/plexus/build/incremental/BuildContext
instanceKlass sun/nio/cs/Surrogate
instanceKlass sun/nio/cs/Surrogate$Parser
instanceKlass nu/studer/java/util/OrderedProperties
instanceKlass java/util/Comparators$NullComparator
instanceKlass nu/studer/java/util/OrderedProperties$OrderedPropertiesBuilder
instanceKlass java/nio/file/Path$1
instanceKlass pl/project13/core/PropertiesFileGenerator
instanceKlass pl/project13/maven/git/PropertiesReplacer
instanceKlass java/net/InetAddress$CachedLocalHost
instanceKlass java/net/InetAddress$CachedAddresses
instanceKlass sun/net/InetAddressCachePolicy$2
instanceKlass sun/net/InetAddressCachePolicy$1
instanceKlass sun/net/InetAddressCachePolicy
instanceKlass java/net/Inet6Address$Inet6AddressHolder
instanceKlass java/net/InetAddress$NameServiceAddresses
instanceKlass java/net/InetAddress$Addresses
instanceKlass java/util/concurrent/ConcurrentSkipListMap$Iter
instanceKlass java/net/InetAddress$PlatformNameService
instanceKlass java/net/InetAddress$NameService
instanceKlass java/net/Inet6AddressImpl
instanceKlass java/net/InetAddressImpl
instanceKlass java/net/InetAddressImplFactory
instanceKlass java/util/concurrent/ConcurrentSkipListMap$Node
instanceKlass java/util/concurrent/ConcurrentSkipListMap$Index
instanceKlass java/util/concurrent/ConcurrentNavigableMap
instanceKlass java/net/InetAddress$InetAddressHolder
instanceKlass java/net/InetAddress$1
instanceKlass jdk/internal/access/JavaNetInetAddressAccess
instanceKlass java/net/InetAddress
instanceKlass org/eclipse/jgit/lib/RepositoryCache$FileKey
instanceKlass java/util/concurrent/Executors$RunnableAdapter
instanceKlass java/util/concurrent/FutureTask$WaitNode
instanceKlass java/util/concurrent/FutureTask
instanceKlass org/eclipse/jgit/lib/internal/WorkQueue$2
instanceKlass java/util/concurrent/RunnableScheduledFuture
instanceKlass java/util/concurrent/ScheduledFuture
instanceKlass java/util/concurrent/Delayed
instanceKlass java/util/concurrent/RunnableFuture
instanceKlass java/util/concurrent/Executors$DefaultThreadFactory
instanceKlass org/eclipse/jgit/lib/internal/WorkQueue$1
instanceKlass java/util/concurrent/ScheduledExecutorService
instanceKlass org/eclipse/jgit/lib/internal/WorkQueue
instanceKlass org/eclipse/jgit/lib/RepositoryCacheConfig
instanceKlass org/eclipse/jgit/lib/RepositoryCache$Lock
instanceKlass org/eclipse/jgit/lib/RepositoryCache
instanceKlass org/eclipse/jgit/transport/RefSpec
instanceKlass org/eclipse/jgit/transport/URIish
instanceKlass org/eclipse/jgit/lib/ConfigSnapshot$SectionNames
instanceKlass org/eclipse/jgit/transport/RemoteConfig
instanceKlass org/eclipse/jgit/lib/BranchConfig
instanceKlass org/eclipse/jgit/lib/BranchTrackingStatus
instanceKlass pl/project13/core/AheadBehind
instanceKlass org/eclipse/jgit/revwalk/RevWalkUtils
instanceKlass org/eclipse/jgit/revwalk/MergeBaseGenerator$CarryStack
instanceKlass java/util/BitSet
instanceKlass java/net/URLEncoder
instanceKlass pl/project13/core/GitDataProvider$1
instanceKlass org/eclipse/jgit/lib/AbbreviatedObjectId
instanceKlass pl/project13/core/jgit/DescribeResult
instanceKlass pl/project13/core/util/Pair
instanceKlass org/eclipse/jgit/revwalk/RevWalk$3
instanceKlass org/eclipse/jgit/revwalk/DepthWalk
instanceKlass org/eclipse/jgit/api/Status
instanceKlass org/eclipse/jgit/submodule/SubmoduleWalk
instanceKlass org/eclipse/jgit/internal/storage/pack/BinaryDelta
instanceKlass org/eclipse/jgit/internal/storage/file/DeltaBaseCache$Entry
instanceKlass org/eclipse/jgit/internal/storage/file/DeltaBaseCache$Slot
instanceKlass org/eclipse/jgit/internal/storage/file/Pack$Delta
instanceKlass org/eclipse/jgit/ignore/internal/AbstractMatcher
instanceKlass org/eclipse/jgit/ignore/internal/Strings
instanceKlass org/eclipse/jgit/ignore/IMatcher$1
instanceKlass org/eclipse/jgit/ignore/IMatcher
instanceKlass org/eclipse/jgit/ignore/FastIgnoreRule
instanceKlass org/eclipse/jgit/attributes/FilterCommandRegistry
instanceKlass org/eclipse/jgit/internal/storage/file/FileRepository$AttributesNodeProviderImpl
instanceKlass org/eclipse/jgit/dircache/DirCacheTree
instanceKlass org/eclipse/jgit/dircache/DirCacheEntry
instanceKlass org/eclipse/jgit/dircache/DirCache
instanceKlass org/eclipse/jgit/lib/IndexDiff$WorkingTreeIteratorFactory
instanceKlass org/eclipse/jgit/lib/IndexDiff
instanceKlass org/eclipse/jgit/util/Paths
instanceKlass org/eclipse/jgit/treewalk/TreeWalk
instanceKlass org/eclipse/jgit/attributes/AttributesProvider
instanceKlass org/eclipse/jgit/lib/FileMode
instanceKlass org/eclipse/jgit/util/FS$Attributes
instanceKlass sun/nio/fs/BasicFileAttributesHolder
instanceKlass java/nio/file/Files$3
instanceKlass java/nio/file/FileTreeWalker$Event
instanceKlass sun/nio/fs/WindowsDirectoryStream$WindowsDirectoryIterator
instanceKlass java/nio/file/FileTreeWalker$DirectoryNode
instanceKlass sun/nio/fs/WindowsDirectoryStream
instanceKlass java/nio/file/DirectoryStream
instanceKlass java/nio/file/Files$AcceptAllFilter
instanceKlass java/nio/file/DirectoryStream$Filter
instanceKlass java/util/RegularEnumSet$EnumSetIterator
instanceKlass java/nio/file/FileTreeWalker
instanceKlass java/nio/file/SimpleFileVisitor
instanceKlass org/eclipse/jgit/treewalk/WorkingTreeIterator$IteratorState
instanceKlass org/eclipse/jgit/treewalk/InstantComparator
instanceKlass org/eclipse/jgit/treewalk/FileTreeIterator$DefaultFileModeStrategy
instanceKlass org/eclipse/jgit/lib/Config$ConfigEnum
instanceKlass org/eclipse/jgit/lib/Config$SectionParser
instanceKlass org/eclipse/jgit/treewalk/WorkingTreeOptions
instanceKlass org/eclipse/jgit/treewalk/FileTreeIterator$FileModeStrategy
instanceKlass org/eclipse/jgit/attributes/AttributesNode
instanceKlass org/eclipse/jgit/ignore/IgnoreNode
instanceKlass org/eclipse/jgit/treewalk/AbstractTreeIterator
instanceKlass org/joda/time/tz/CachedDateTimeZone$Info
instanceKlass org/joda/time/tz/DateTimeZoneBuilder
instanceKlass org/joda/time/tz/ZoneInfoProvider$1
instanceKlass org/joda/time/tz/ZoneInfoProvider
instanceKlass org/joda/time/chrono/BasicChronology$YearInfo
instanceKlass org/joda/time/chrono/AssembledChronology$Fields
instanceKlass org/joda/time/tz/Provider
instanceKlass org/joda/time/tz/NameProvider
instanceKlass org/joda/time/DateTimeZone
instanceKlass org/joda/time/DateTimeFieldType
instanceKlass org/joda/time/DurationFieldType
instanceKlass org/joda/time/DurationField
instanceKlass org/joda/time/DateTimeField
instanceKlass org/joda/time/DateTimeUtils$SystemMillisProvider
instanceKlass org/joda/time/ReadableInterval
instanceKlass org/joda/time/DateTimeUtils$MillisProvider
instanceKlass org/joda/time/DateTimeUtils
instanceKlass org/joda/time/convert/ConverterSet$Entry
instanceKlass org/joda/time/ReadablePeriod
instanceKlass org/joda/time/convert/IntervalConverter
instanceKlass org/joda/time/convert/PeriodConverter
instanceKlass org/joda/time/convert/DurationConverter
instanceKlass org/joda/time/convert/AbstractConverter
instanceKlass org/joda/time/convert/PartialConverter
instanceKlass org/joda/time/convert/InstantConverter
instanceKlass org/joda/time/convert/ConverterSet
instanceKlass org/joda/time/convert/Converter
instanceKlass org/joda/time/convert/ConverterManager
instanceKlass org/joda/time/Chronology
instanceKlass org/joda/time/base/AbstractInstant
instanceKlass org/joda/time/ReadableDateTime
instanceKlass pl/project13/core/jgit/dummy/DatedRevTag
instanceKlass org/eclipse/jgit/lib/PersonIdent
instanceKlass org/eclipse/jgit/util/Monitoring
instanceKlass org/eclipse/jgit/internal/storage/file/WindowCache$Entry
instanceKlass org/eclipse/jgit/revwalk/BlockRevQueue$Block
instanceKlass org/eclipse/jgit/revwalk/BlockRevQueue$BlockFreeList
instanceKlass org/eclipse/jgit/util/RefMap$Ent
instanceKlass org/eclipse/jgit/util/RefMap$SetIterator
instanceKlass org/eclipse/jgit/events/RefsChangedListener
instanceKlass java/util/ComparableTimSort
instanceKlass org/eclipse/jgit/internal/storage/file/LockFile
instanceKlass org/eclipse/jgit/internal/storage/file/RefDirectory$LooseScanner
instanceKlass org/eclipse/jgit/api/Git
instanceKlass org/eclipse/jgit/api/GitCommand
instanceKlass pl/project13/core/cibuild/BuildServerDataProvider
instanceKlass org/eclipse/jgit/revwalk/DateRevQueue$Entry
instanceKlass org/eclipse/jgit/internal/storage/file/UnpackedObject
instanceKlass org/eclipse/jgit/internal/storage/file/ObjectDirectory$AlternateHandle$Id
instanceKlass org/eclipse/jgit/internal/storage/file/PackIndexWriter
instanceKlass org/eclipse/jgit/internal/storage/file/PackIndex
instanceKlass org/eclipse/jgit/lib/ObjectLoader
instanceKlass sun/util/logging/PlatformLogger$ConfigurableBridge$LoggerConfiguration
instanceKlass jdk/internal/logger/LoggerFinderLoader
instanceKlass jdk/internal/logger/LazyLoggers$LazyLoggerFactories
instanceKlass jdk/internal/logger/LazyLoggers$1
instanceKlass jdk/internal/logger/LazyLoggers
instanceKlass jdk/internal/misc/ThreadTracker
instanceKlass jdk/internal/event/EventHelper$ThreadTrackHolder
instanceKlass java/util/ResourceBundle$Control$2
instanceKlass java/util/ResourceBundle$CacheKeyReference
instanceKlass java/util/ResourceBundle$CacheKey
instanceKlass java/util/stream/AbstractSpinedBuffer
instanceKlass java/util/ImmutableCollections$Access$1
instanceKlass jdk/internal/access/JavaUtilCollectionAccess
instanceKlass java/util/ImmutableCollections$Access
instanceKlass java/util/ServiceLoader$ProviderSpliterator
instanceKlass java/util/spi/ResourceBundleControlProvider
instanceKlass java/util/ResourceBundle$ResourceBundleControlProviderHolder
instanceKlass org/eclipse/jgit/nls/GlobalBundleCache
instanceKlass org/eclipse/jgit/nls/NLS
instanceKlass org/eclipse/jgit/nls/TranslationBundle
instanceKlass org/eclipse/jgit/lib/InflaterCache
instanceKlass sun/nio/cs/ThreadLocalCoders$Cache
instanceKlass sun/nio/cs/ThreadLocalCoders
instanceKlass org/eclipse/jgit/treewalk/filter/TreeFilter
instanceKlass org/eclipse/jgit/revwalk/filter/RevFilter
instanceKlass org/eclipse/jgit/lib/ObjectIdOwnerMap
instanceKlass org/eclipse/jgit/lib/ObjectIdSet
instanceKlass org/eclipse/jgit/revwalk/AsyncRevObjectQueue
instanceKlass org/eclipse/jgit/revwalk/Generator
instanceKlass org/eclipse/jgit/revwalk/RevWalk
instanceKlass org/eclipse/jgit/lib/RefComparator
instanceKlass org/eclipse/jgit/lib/SymbolicRef
instanceKlass org/eclipse/jgit/util/RefList$Builder
instanceKlass pl/project13/core/util/PropertyManager
instanceKlass pl/project13/core/GitDataProvider$SupplierEx
instanceKlass org/eclipse/jgit/internal/storage/file/DeltaBaseCache
instanceKlass java/util/concurrent/atomic/Striped64$1
instanceKlass org/eclipse/jgit/internal/storage/file/WindowCache$StatsRecorderImpl
instanceKlass org/eclipse/jgit/storage/file/WindowCacheStats
instanceKlass org/eclipse/jgit/internal/storage/file/WindowCache$Lock
instanceKlass org/eclipse/jgit/storage/file/WindowCacheConfig
instanceKlass org/eclipse/jgit/internal/storage/file/WindowCache$PageRef
instanceKlass org/eclipse/jgit/internal/storage/file/ByteWindow
instanceKlass org/eclipse/jgit/internal/storage/file/WindowCache$StatsRecorder
instanceKlass org/eclipse/jgit/internal/storage/file/WindowCache$CleanupQueue
instanceKlass org/eclipse/jgit/internal/storage/file/WindowCache
instanceKlass org/eclipse/jgit/lib/BitmapIndex
instanceKlass org/eclipse/jgit/lib/AsyncObjectSizeQueue
instanceKlass org/eclipse/jgit/revwalk/ObjectReachabilityChecker
instanceKlass org/eclipse/jgit/revwalk/ReachabilityChecker
instanceKlass org/eclipse/jgit/lib/AsyncObjectLoaderQueue
instanceKlass org/eclipse/jgit/lib/AsyncOperation
instanceKlass org/eclipse/jgit/util/SimpleLruCache$Entry
instanceKlass java/util/concurrent/ForkJoinTask$Aux
instanceKlass java/util/concurrent/ForkJoinTask
instanceKlass java/util/concurrent/CompletableFuture$AsynchronousCompletionTask
instanceKlass java/util/concurrent/CompletableFuture$AltResult
instanceKlass java/util/concurrent/CompletableFuture
instanceKlass java/util/concurrent/CompletionStage
instanceKlass sun/nio/fs/WindowsSecurity
instanceKlass sun/nio/fs/AbstractAclFileAttributeView
instanceKlass java/nio/file/attribute/AclFileAttributeView
instanceKlass java/nio/file/attribute/FileOwnerAttributeView
instanceKlass java/nio/file/FileStore
instanceKlass org/eclipse/jgit/internal/storage/file/Pack
instanceKlass org/eclipse/jgit/internal/storage/file/PackDirectory$PackList
instanceKlass org/eclipse/jgit/internal/storage/pack/StoredObjectRepresentation
instanceKlass org/eclipse/jgit/internal/storage/file/PackDirectory
instanceKlass org/eclipse/jgit/internal/storage/file/UnpackedObjectCache$Table
instanceKlass org/eclipse/jgit/internal/storage/file/UnpackedObjectCache
instanceKlass org/eclipse/jgit/internal/storage/file/LooseObjects
instanceKlass org/eclipse/jgit/internal/storage/file/ObjectDirectory$AlternateHandle
instanceKlass org/eclipse/jgit/lib/RepositoryCache$Key
instanceKlass org/eclipse/jgit/lib/ObjectInserter
instanceKlass org/eclipse/jgit/internal/storage/pack/ObjectReuseAsIs
instanceKlass org/eclipse/jgit/lib/ObjectReader
instanceKlass org/eclipse/jgit/lib/BatchRefUpdate
instanceKlass org/eclipse/jgit/lib/ObjectIdRef
instanceKlass org/eclipse/jgit/internal/storage/file/RefDirectory$LooseRef
instanceKlass org/eclipse/jgit/lib/RefUpdate
instanceKlass org/eclipse/jgit/lib/RefRename
instanceKlass org/eclipse/jgit/util/RefList
instanceKlass org/eclipse/jgit/lib/Ref
instanceKlass org/eclipse/jgit/events/ListenerHandle
instanceKlass org/eclipse/jgit/events/ConfigChangedListener
instanceKlass java/time/Instant$1
instanceKlass java/io/FileOutputStream$1
instanceKlass java/lang/ProcessImpl$2
instanceKlass java/util/concurrent/SynchronousQueue$TransferStack$SNode
instanceKlass java/util/concurrent/SynchronousQueue$Transferer
instanceKlass java/util/concurrent/Executors
instanceKlass jdk/internal/util/random/RandomSupport
instanceKlass java/lang/ProcessHandleImpl
instanceKlass java/lang/ProcessHandle
instanceKlass java/lang/Process
instanceKlass java/lang/ProcessBuilder
instanceKlass org/eclipse/jgit/util/FS$Holder
instanceKlass org/eclipse/jgit/util/StringUtils
instanceKlass org/eclipse/jgit/lib/ConfigSnapshot$LineComparator
instanceKlass org/eclipse/jgit/lib/ConfigLine
instanceKlass org/eclipse/jgit/lib/Config$StringReader
instanceKlass org/eclipse/jgit/util/References
instanceKlass org/eclipse/jgit/util/NB
instanceKlass org/eclipse/jgit/util/IO
instanceKlass java/nio/file/attribute/FileTime$1
instanceKlass org/eclipse/jgit/util/FileUtils
instanceKlass java/time/Clock
instanceKlass java/time/InstantSource
instanceKlass org/eclipse/jgit/util/SimpleLruCache
instanceKlass org/eclipse/jgit/util/FS$FileStoreAttributes
instanceKlass org/eclipse/jgit/internal/storage/file/FileSnapshot
instanceKlass org/eclipse/jgit/lib/ConfigSnapshot
instanceKlass org/eclipse/jgit/lib/DefaultTypedConfigGetter
instanceKlass org/eclipse/jgit/lib/TypedConfigGetter
instanceKlass java/nio/file/FileVisitor
instanceKlass org/eclipse/jgit/util/FS$FSFactory
instanceKlass org/eclipse/jgit/treewalk/WorkingTreeIterator$Entry
instanceKlass org/eclipse/jgit/util/FS
instanceKlass org/eclipse/jgit/events/RepositoryListener
instanceKlass org/eclipse/jgit/events/ListenerList
instanceKlass org/eclipse/jgit/lib/ProgressMonitor
instanceKlass org/eclipse/jgit/attributes/AttributesNodeProvider
instanceKlass org/eclipse/jgit/lib/ObjectDatabase
instanceKlass org/eclipse/jgit/events/RepositoryEvent
instanceKlass org/eclipse/jgit/lib/ReflogReader
instanceKlass org/eclipse/jgit/lib/RefDatabase
instanceKlass org/eclipse/jgit/util/MutableInteger
instanceKlass org/eclipse/jgit/util/RawParseUtils
instanceKlass org/eclipse/jgit/lib/Constants
instanceKlass org/eclipse/jgit/lib/ObjectChecker
instanceKlass org/eclipse/jgit/util/time/MonotonicClock
instanceKlass org/eclipse/jgit/util/SystemReader
instanceKlass org/eclipse/jgit/lib/Config
instanceKlass org/eclipse/jgit/lib/Repository
instanceKlass org/eclipse/jgit/lib/BaseRepositoryBuilder
instanceKlass org/joda/time/ReadableInstant
instanceKlass pl/project13/core/jgit/JGitCommon
instanceKlass org/eclipse/jgit/lib/AnyObjectId
instanceKlass sun/security/util/ManifestEntryVerifier$SunProviderHolder
instanceKlass java/util/Base64$Encoder
instanceKlass java/util/Base64$Decoder
instanceKlass java/util/Base64
instanceKlass javax/crypto/SecretKey
instanceKlass sun/security/util/Length
instanceKlass sun/security/util/KeyUtil
instanceKlass java/security/interfaces/XECKey
instanceKlass java/security/interfaces/ECKey
instanceKlass sun/security/util/JarConstraintsParameters
instanceKlass sun/security/util/ConstraintsParameters
instanceKlass java/security/Timestamp
instanceKlass sun/security/timestamp/TimestampToken
instanceKlass java/security/cert/CertPath
instanceKlass java/math/MutableBigInteger
instanceKlass sun/security/rsa/RSAPadding
instanceKlass sun/security/rsa/RSACore
instanceKlass java/security/interfaces/RSAPrivateCrtKey
instanceKlass sun/security/pkcs/PKCS8Key
instanceKlass java/security/interfaces/RSAPrivateKey
instanceKlass java/security/PrivateKey
instanceKlass javax/security/auth/Destroyable
instanceKlass sun/security/jca/ServiceId
instanceKlass java/security/Signature$1
instanceKlass jdk/internal/access/JavaSecuritySignatureAccess
instanceKlass java/security/SignatureSpi
instanceKlass jdk/internal/icu/util/CodePointTrie$Data
instanceKlass jdk/internal/icu/util/CodePointTrie$1
instanceKlass jdk/internal/icu/util/CodePointMap
instanceKlass jdk/internal/icu/util/VersionInfo
instanceKlass jdk/internal/icu/impl/ICUBinary$1
instanceKlass jdk/internal/icu/impl/ICUBinary
instanceKlass jdk/internal/icu/impl/NormalizerImpl$IsAcceptable
instanceKlass jdk/internal/icu/impl/ICUBinary$Authenticate
instanceKlass jdk/internal/icu/impl/NormalizerImpl
instanceKlass jdk/internal/icu/impl/Norm2AllModes$Norm2AllModesSingleton
instanceKlass jdk/internal/icu/impl/Norm2AllModes$NFKCSingleton
instanceKlass jdk/internal/icu/impl/Norm2AllModes
instanceKlass jdk/internal/icu/text/Normalizer2
instanceKlass jdk/internal/icu/text/NormalizerBase$ModeImpl
instanceKlass jdk/internal/icu/text/NormalizerBase$NFKDModeImpl
instanceKlass jdk/internal/icu/text/NormalizerBase$1
instanceKlass jdk/internal/icu/text/NormalizerBase$Mode
instanceKlass jdk/internal/icu/text/NormalizerBase
instanceKlass java/text/Normalizer
instanceKlass sun/security/x509/AVAKeyword
instanceKlass sun/security/util/SignatureUtil
instanceKlass java/lang/constant/DynamicConstantDesc
instanceKlass java/lang/constant/DirectMethodHandleDesc$1
instanceKlass java/lang/constant/DirectMethodHandleDescImpl$1
instanceKlass java/lang/constant/DirectMethodHandleDescImpl
instanceKlass java/lang/constant/DirectMethodHandleDesc
instanceKlass java/lang/constant/MethodHandleDesc$1
instanceKlass java/lang/constant/MethodHandleDesc
instanceKlass java/lang/constant/MethodTypeDescImpl
instanceKlass java/lang/constant/MethodTypeDesc
instanceKlass java/lang/constant/ReferenceClassDescImpl
instanceKlass java/lang/constant/ConstantUtils
instanceKlass java/lang/constant/ClassDesc
instanceKlass java/lang/constant/ConstantDescs
instanceKlass java/lang/invoke/VarHandle$2
instanceKlass java/lang/invoke/VarHandle$TypesAndInvokers
instanceKlass java/lang/invoke/VarHandleByteArrayBase
instanceKlass sun/security/provider/ByteArrayAccess$BE
instanceKlass sun/security/provider/ByteArrayAccess
instanceKlass sun/security/util/MessageDigestSpi2
instanceKlass java/security/MessageDigestSpi
instanceKlass java/lang/Byte$ByteCache
instanceKlass sun/security/pkcs/PKCS9Attribute
instanceKlass sun/security/pkcs/PKCS9Attributes
instanceKlass java/time/Instant
instanceKlass java/time/ZonedDateTime
instanceKlass java/time/chrono/ChronoZonedDateTime
instanceKlass sun/security/util/DisabledAlgorithmConstraints$Constraints$Holder
instanceKlass sun/security/util/DisabledAlgorithmConstraints$1
instanceKlass sun/security/util/DisabledAlgorithmConstraints$Constraint
instanceKlass java/security/spec/ECFieldF2m
instanceKlass java/security/spec/ECParameterSpec
instanceKlass java/security/spec/ECPoint
instanceKlass java/security/spec/EllipticCurve
instanceKlass java/security/spec/ECFieldFp
instanceKlass java/security/spec/ECField
instanceKlass sun/security/util/CurveDB
instanceKlass sun/security/util/DisabledAlgorithmConstraints$Constraints
instanceKlass sun/security/util/AbstractAlgorithmConstraints$1
instanceKlass sun/security/util/AlgorithmDecomposer
instanceKlass sun/security/util/DisabledAlgorithmConstraints$JarHolder
instanceKlass sun/security/util/AbstractAlgorithmConstraints
instanceKlass java/security/AlgorithmConstraints
instanceKlass sun/security/pkcs/SignerInfo
instanceKlass java/security/cert/PolicyQualifierInfo
instanceKlass sun/security/x509/CertificatePolicyId
instanceKlass sun/security/x509/PolicyInformation
instanceKlass sun/security/x509/DistributionPoint
instanceKlass sun/security/x509/DNSName
instanceKlass sun/security/x509/URIName
instanceKlass sun/security/x509/GeneralName
instanceKlass sun/security/x509/AccessDescription
instanceKlass jdk/internal/event/EventHelper
instanceKlass sun/security/jca/JCAUtil
instanceKlass sun/security/util/MemoryCache$CacheEntry
instanceKlass sun/security/x509/X509AttributeName
instanceKlass sun/security/x509/GeneralNames
instanceKlass sun/security/x509/KeyIdentifier
instanceKlass sun/security/x509/OIDMap$OIDInfo
instanceKlass sun/security/x509/PKIXExtensions
instanceKlass sun/security/x509/OIDMap
instanceKlass sun/security/x509/Extension
instanceKlass java/security/cert/Extension
instanceKlass sun/security/x509/CertificateExtensions
instanceKlass sun/security/rsa/RSAUtil
instanceKlass sun/security/util/IOUtils
instanceKlass java/security/interfaces/RSAPublicKey
instanceKlass java/security/interfaces/RSAKey
instanceKlass java/security/spec/PSSParameterSpec
instanceKlass java/security/spec/RSAPrivateKeySpec
instanceKlass java/security/spec/RSAPublicKeySpec
instanceKlass java/security/KeyFactorySpi
instanceKlass sun/security/rsa/SunRsaSignEntries
instanceKlass sun/security/jca/ProviderList$ServiceList$1
instanceKlass java/security/KeyFactory
instanceKlass java/security/spec/EncodedKeySpec$1
instanceKlass jdk/internal/access/JavaSecuritySpecAccess
instanceKlass java/security/spec/EncodedKeySpec
instanceKlass java/security/spec/KeySpec
instanceKlass sun/security/util/BitArray
instanceKlass sun/security/x509/X509Key
instanceKlass java/security/PublicKey
instanceKlass sun/security/x509/CertificateX509Key
instanceKlass sun/security/x509/CertificateValidity
instanceKlass sun/security/x509/AVA
instanceKlass sun/security/x509/RDN
instanceKlass javax/security/auth/x500/X500Principal
instanceKlass sun/security/x509/X500Name$1
instanceKlass sun/security/x509/X500Name
instanceKlass sun/security/x509/GeneralNameInterface
instanceKlass sun/security/x509/CertificateAlgorithmId
instanceKlass sun/security/x509/SerialNumber
instanceKlass sun/security/x509/CertificateSerialNumber
instanceKlass sun/security/x509/CertificateVersion
instanceKlass sun/security/x509/X509CertInfo
instanceKlass sun/security/x509/CertAttrSet
instanceKlass sun/security/util/Cache$EqualByteArray
instanceKlass java/security/cert/X509Extension
instanceKlass sun/security/jca/GetInstance$Instance
instanceKlass sun/security/util/Cache
instanceKlass sun/security/jca/GetInstance
instanceKlass java/security/cert/CertificateFactorySpi
instanceKlass java/security/cert/CertificateFactory
instanceKlass sun/security/x509/AlgorithmId
instanceKlass sun/security/util/ByteArrayTagOrder
instanceKlass sun/security/util/ByteArrayLexOrder
instanceKlass sun/security/util/DerEncoder
instanceKlass sun/security/util/DerValue
instanceKlass sun/security/util/ObjectIdentifier
instanceKlass sun/security/pkcs/ContentInfo
instanceKlass sun/security/util/DerInputStream
instanceKlass sun/security/pkcs/PKCS7
instanceKlass sun/security/util/ManifestDigester$Section
instanceKlass sun/security/util/ManifestDigester$Entry
instanceKlass sun/security/util/ManifestDigester$Position
instanceKlass sun/security/util/ManifestDigester
instanceKlass sun/security/util/ManifestEntryVerifier
instanceKlass pl/project13/core/GitDataProvider
instanceKlass pl/project13/core/GitProvider
instanceKlass pl/project13/maven/git/GitDirLocator
instanceKlass org/eclipse/sisu/plexus/TypeArguments
instanceKlass org/sonatype/plexus/build/incremental/DefaultBuildContext$$FastClassByGuice$$218824818
instanceKlass pl/project13/maven/log/MavenLoggerBridge
instanceKlass pl/project13/maven/git/GitCommitIdMojo$$FastClassByGuice$$217179665
instanceKlass org/sonatype/plexus/components/sec/dispatcher/model/SettingsSecurity
instanceKlass org/sonatype/plexus/components/cipher/PBECipher
instanceKlass org/codehaus/plexus/util/Scanner
instanceKlass javax/annotation/Nullable
instanceKlass javax/annotation/meta/TypeQualifier
instanceKlass javax/annotation/Nonnull
instanceKlass pl/project13/core/PropertiesFilterer
instanceKlass pl/project13/core/git/GitDescribeConfig
instanceKlass pl/project13/core/log/LoggerBridge
instanceKlass org/sonatype/plexus/build/incremental/BuildContext
instanceKlass org/sonatype/plexus/components/cipher/PlexusCipher
instanceKlass org/sonatype/plexus/components/sec/dispatcher/SecDispatcher
instanceKlass org/eclipse/sisu/plexus/ComponentDescriptorBeanModule$ComponentMetadata
instanceKlass org/apache/maven/artifact/versioning/ComparableVersion$LongItem
instanceKlass org/apache/maven/model/merge/ModelMerger$1
instanceKlass org/codehaus/mojo/flatten/CleanMojo$$FastClassByGuice$$216640043
instanceKlass org/codehaus/mojo/flatten/ModelBuilderThreadSafetyWorkaround$$FastClassByGuice$$215539746
instanceKlass org/codehaus/mojo/flatten/cifriendly/CiModelInterpolator$$FastClassByGuice$$214768962
instanceKlass org/codehaus/mojo/flatten/DirectDependenciesInheritanceAssembler$$FastClassByGuice$$212922035
instanceKlass org/codehaus/plexus/interpolation/ValueSource
instanceKlass org/codehaus/plexus/interpolation/RecursionInterceptor
instanceKlass org/codehaus/plexus/interpolation/Interpolator
instanceKlass org/codehaus/plexus/interpolation/BasicInterpolator
instanceKlass org/codehaus/mojo/flatten/PomProperty
instanceKlass org/codehaus/mojo/flatten/KeepCommentsInPom
instanceKlass org/codehaus/mojo/flatten/FlattenDescriptor
instanceKlass org/codehaus/mojo/flatten/ModelBuilderThreadSafetyWorkaround
instanceKlass org/codehaus/mojo/flatten/cifriendly/CiModelInterpolator
instanceKlass org/codehaus/mojo/flatten/cifriendly/CiInterpolator
instanceKlass org/apache/maven/plugins/clean/Cleaner$Result
instanceKlass org/apache/maven/plugins/clean/Cleaner$Logger
instanceKlass org/apache/maven/shared/utils/Os
instanceKlass org/apache/maven/plugins/clean/Cleaner
instanceKlass org/apache/maven/plugins/clean/CleanMojo$$FastClassByGuice$$212339175
instanceKlass org/apache/maven/plugins/clean/Fileset
instanceKlass org/apache/maven/plugins/clean/Selector
instanceKlass java/util/Collections$UnmodifiableList$1
instanceKlass org/eclipse/aether/util/version/UnionVersionRange
instanceKlass org/eclipse/aether/version/VersionRange$Bound
instanceKlass org/eclipse/aether/util/version/GenericVersionRange
instanceKlass org/eclipse/aether/collection/DependencyManagement
instanceKlass org/apache/maven/artifact/resolver/filter/ExclusionArtifactFilter
instanceKlass org/codehaus/plexus/component/repository/ComponentRequirement
instanceKlass sun/nio/fs/WindowsChannelFactory$2
instanceKlass org/codehaus/plexus/util/xml/Xpp3DomWriter
instanceKlass org/codehaus/plexus/util/xml/SerializerXMLWriter
instanceKlass org/apache/maven/model/io/xpp3/MavenXpp3Writer
instanceKlass com/sun/org/apache/xerces/internal/impl/Constants$ArrayEnumeration
instanceKlass com/sun/org/apache/xerces/internal/impl/Constants
instanceKlass com/sun/org/apache/xerces/internal/parsers/AbstractSAXParser$LocatorProxy
instanceKlass org/xml/sax/ext/Locator2
instanceKlass org/xml/sax/Locator
instanceKlass com/sun/org/apache/xerces/internal/util/XMLSymbols
instanceKlass com/sun/org/apache/xerces/internal/util/XMLChar
instanceKlass com/sun/xml/internal/stream/Entity
instanceKlass com/sun/xml/internal/stream/util/BufferAllocator
instanceKlass com/sun/xml/internal/stream/util/ThreadLocalBufferAllocator
instanceKlass com/sun/org/apache/xerces/internal/impl/XMLEntityManager$EncodingInfo
instanceKlass com/sun/org/apache/xerces/internal/util/URI
instanceKlass com/sun/org/apache/xerces/internal/utils/XMLLimitAnalyzer
instanceKlass com/sun/org/apache/xerces/internal/xni/parser/XMLInputSource
instanceKlass com/sun/org/apache/xerces/internal/util/ErrorHandlerWrapper
instanceKlass com/sun/org/apache/xerces/internal/xni/parser/XMLErrorHandler
instanceKlass com/sun/org/apache/xerces/internal/util/EntityResolver2Wrapper
instanceKlass com/sun/org/apache/xerces/internal/impl/ExternalSubsetResolver
instanceKlass org/xml/sax/InputSource
instanceKlass com/sun/org/apache/xerces/internal/parsers/AbstractSAXParser$AttributesProxy
instanceKlass org/xml/sax/ext/Attributes2
instanceKlass org/xml/sax/Attributes
instanceKlass org/xml/sax/AttributeList
instanceKlass com/sun/org/apache/xerces/internal/util/FeatureState
instanceKlass com/sun/org/apache/xerces/internal/util/PropertyState
instanceKlass com/sun/org/apache/xerces/internal/impl/msg/XMLMessageFormatter
instanceKlass com/sun/org/apache/xerces/internal/util/MessageFormatter
instanceKlass com/sun/org/apache/xerces/internal/impl/XMLVersionDetector
instanceKlass com/sun/org/apache/xerces/internal/impl/validation/ValidationManager
instanceKlass com/sun/org/apache/xerces/internal/impl/dv/dtd/NMTOKENDatatypeValidator
instanceKlass com/sun/org/apache/xerces/internal/impl/dv/dtd/NOTATIONDatatypeValidator
instanceKlass com/sun/org/apache/xerces/internal/impl/dv/dtd/ENTITYDatatypeValidator
instanceKlass com/sun/org/apache/xerces/internal/impl/dv/dtd/ListDatatypeValidator
instanceKlass com/sun/org/apache/xerces/internal/impl/dv/dtd/IDREFDatatypeValidator
instanceKlass com/sun/org/apache/xerces/internal/impl/dv/dtd/IDDatatypeValidator
instanceKlass com/sun/org/apache/xerces/internal/impl/dv/dtd/StringDatatypeValidator
instanceKlass com/sun/org/apache/xerces/internal/impl/dv/DatatypeValidator
instanceKlass com/sun/org/apache/xerces/internal/impl/dv/DTDDVFactory
instanceKlass com/sun/org/apache/xerces/internal/impl/dtd/DTDGrammarBucket
instanceKlass com/sun/org/apache/xerces/internal/impl/dtd/XMLAttributeDecl
instanceKlass com/sun/org/apache/xerces/internal/impl/dtd/XMLSimpleType
instanceKlass com/sun/org/apache/xerces/internal/impl/dtd/XMLElementDecl
instanceKlass com/sun/org/apache/xerces/internal/impl/validation/ValidationState
instanceKlass com/sun/org/apache/xerces/internal/impl/dv/ValidationContext
instanceKlass com/sun/org/apache/xerces/internal/impl/dtd/XMLDTDValidator
instanceKlass com/sun/org/apache/xerces/internal/impl/RevalidationHandler
instanceKlass com/sun/org/apache/xerces/internal/impl/dtd/XMLDTDValidatorFilter
instanceKlass com/sun/org/apache/xerces/internal/xni/parser/XMLDocumentFilter
instanceKlass com/sun/org/apache/xerces/internal/impl/dtd/XMLEntityDecl
instanceKlass com/sun/org/apache/xerces/internal/impl/dtd/XMLDTDProcessor
instanceKlass com/sun/org/apache/xerces/internal/xni/parser/XMLDTDContentModelFilter
instanceKlass com/sun/org/apache/xerces/internal/xni/parser/XMLDTDFilter
instanceKlass com/sun/org/apache/xerces/internal/xni/parser/XMLDTDScanner
instanceKlass com/sun/org/apache/xerces/internal/xni/parser/XMLDTDContentModelSource
instanceKlass com/sun/org/apache/xerces/internal/xni/parser/XMLDTDSource
instanceKlass com/sun/org/apache/xerces/internal/xni/grammars/XMLDTDDescription
instanceKlass com/sun/org/apache/xerces/internal/xni/grammars/XMLGrammarDescription
instanceKlass com/sun/org/apache/xerces/internal/impl/XMLDocumentScannerImpl$TrailingMiscDriver
instanceKlass com/sun/org/apache/xerces/internal/impl/XMLDocumentScannerImpl$PrologDriver
instanceKlass com/sun/org/apache/xerces/internal/impl/XMLDocumentScannerImpl$XMLDeclDriver
instanceKlass com/sun/org/apache/xerces/internal/util/NamespaceSupport
instanceKlass com/sun/org/apache/xerces/internal/xni/NamespaceContext
instanceKlass com/sun/org/apache/xerces/internal/util/XMLAttributesImpl$Attribute
instanceKlass com/sun/org/apache/xerces/internal/util/XMLAttributesImpl
instanceKlass com/sun/org/apache/xerces/internal/xni/XMLAttributes
instanceKlass com/sun/org/apache/xerces/internal/impl/XMLDocumentFragmentScannerImpl$FragmentContentDriver
instanceKlass com/sun/org/apache/xerces/internal/impl/XMLDocumentFragmentScannerImpl$Driver
instanceKlass com/sun/org/apache/xerces/internal/impl/XMLDocumentFragmentScannerImpl$ElementStack2
instanceKlass com/sun/org/apache/xerces/internal/xni/QName
instanceKlass com/sun/org/apache/xerces/internal/impl/XMLDocumentFragmentScannerImpl$ElementStack
instanceKlass com/sun/org/apache/xerces/internal/xni/XMLString
instanceKlass com/sun/org/apache/xerces/internal/impl/XMLScanner
instanceKlass com/sun/xml/internal/stream/XMLBufferListener
instanceKlass com/sun/org/apache/xerces/internal/impl/XMLEntityHandler
instanceKlass com/sun/org/apache/xerces/internal/xni/parser/XMLDocumentScanner
instanceKlass com/sun/org/apache/xerces/internal/xni/parser/XMLDocumentSource
instanceKlass com/sun/org/apache/xerces/internal/impl/XMLErrorReporter
instanceKlass com/sun/org/apache/xerces/internal/impl/XMLEntityScanner
instanceKlass com/sun/org/apache/xerces/internal/xni/XMLLocator
instanceKlass com/sun/xml/internal/stream/XMLEntityStorage
instanceKlass com/sun/org/apache/xerces/internal/util/AugmentationsImpl$AugmentationsItemsContainer
instanceKlass com/sun/org/apache/xerces/internal/util/AugmentationsImpl
instanceKlass com/sun/org/apache/xerces/internal/xni/Augmentations
instanceKlass com/sun/org/apache/xerces/internal/util/XMLResourceIdentifierImpl
instanceKlass com/sun/org/apache/xerces/internal/xni/XMLResourceIdentifier
instanceKlass com/sun/org/apache/xerces/internal/impl/XMLEntityManager
instanceKlass com/sun/org/apache/xerces/internal/xni/parser/XMLEntityResolver
instanceKlass com/sun/org/apache/xerces/internal/xni/parser/XMLComponent
instanceKlass com/sun/org/apache/xerces/internal/util/SymbolTable$Entry
instanceKlass com/sun/org/apache/xerces/internal/util/SymbolTable
instanceKlass jdk/xml/internal/JdkConstants
instanceKlass jdk/xml/internal/JdkXmlUtils
instanceKlass com/sun/org/apache/xerces/internal/util/ParserConfigurationSettings
instanceKlass com/sun/org/apache/xerces/internal/parsers/XML11Configurable
instanceKlass com/sun/org/apache/xerces/internal/xni/parser/XMLPullParserConfiguration
instanceKlass com/sun/org/apache/xerces/internal/xni/parser/XMLParserConfiguration
instanceKlass com/sun/org/apache/xerces/internal/xni/parser/XMLComponentManager
instanceKlass com/sun/org/apache/xerces/internal/parsers/XMLParser
instanceKlass com/sun/org/apache/xerces/internal/xni/XMLDTDContentModelHandler
instanceKlass com/sun/org/apache/xerces/internal/xni/XMLDTDHandler
instanceKlass com/sun/org/apache/xerces/internal/xni/XMLDocumentHandler
instanceKlass org/xml/sax/XMLReader
instanceKlass org/xml/sax/Parser
instanceKlass com/sun/org/apache/xerces/internal/utils/XMLSecurityPropertyManager
instanceKlass com/sun/org/apache/xerces/internal/utils/XMLSecurityManager
instanceKlass javax/xml/parsers/SAXParser
instanceKlass com/sun/org/apache/xerces/internal/xs/PSVIProvider
instanceKlass com/sun/org/apache/xerces/internal/jaxp/JAXPConstants
instanceKlass javax/xml/parsers/FactoryFinder$1
instanceKlass java/lang/invoke/LambdaFormEditor$1
instanceKlass java/lang/invoke/MethodHandles$1
instanceKlass jdk/xml/internal/SecuritySupport
instanceKlass javax/xml/parsers/FactoryFinder
instanceKlass javax/xml/parsers/SAXParserFactory
instanceKlass org/codehaus/mojo/flatten/FlattenMojo$2
instanceKlass org/codehaus/mojo/flatten/cifriendly/CiModelInterpolator$InterpolateObjectAction$CacheField
instanceKlass org/codehaus/mojo/flatten/cifriendly/CiModelInterpolator$InterpolateObjectAction$CacheItem
instanceKlass org/codehaus/mojo/flatten/cifriendly/CiModelInterpolator$InterpolateObjectAction
instanceKlass org/codehaus/mojo/flatten/cifriendly/CiModelInterpolator$UrlNormalizingPostProcessor
instanceKlass org/codehaus/mojo/flatten/cifriendly/CiModelInterpolator$PathTranslatingPostProcessor
instanceKlass org/codehaus/plexus/interpolation/InterpolationPostProcessor
instanceKlass org/codehaus/mojo/flatten/cifriendly/CiModelInterpolator$ProblemDetectingValueSource
instanceKlass org/codehaus/plexus/interpolation/AbstractValueSource
instanceKlass org/codehaus/plexus/interpolation/PrefixedValueSourceWrapper
instanceKlass org/codehaus/plexus/interpolation/FeedbackEnabledValueSource
instanceKlass org/codehaus/plexus/interpolation/AbstractDelegatingValueSource
instanceKlass org/codehaus/plexus/interpolation/QueryEnabledValueSource
instanceKlass org/codehaus/mojo/flatten/LoggingModelProblemCollector
instanceKlass org/codehaus/mojo/flatten/FlattenMode$1
instanceKlass org/codehaus/mojo/flatten/Dependencies
instanceKlass org/codehaus/plexus/util/StringUtils
instanceKlass org/apache/maven/model/building/DefaultModelBuilderFactory$StubLifecycleBindingsInjector
instanceKlass org/apache/maven/model/building/DefaultModelBuilderFactory
instanceKlass org/codehaus/mojo/flatten/model/resolution/ReactorModelPool$Coordinates
instanceKlass org/codehaus/mojo/flatten/model/resolution/ReactorModelPool
instanceKlass org/codehaus/mojo/flatten/model/resolution/FlattenModelResolver
instanceKlass org/codehaus/plexus/interpolation/PrefixAwareRecursionInterceptor
instanceKlass org/codehaus/mojo/flatten/cifriendly/CiInterpolatorImpl
instanceKlass org/codehaus/mojo/flatten/FlattenMojo$$FastClassByGuice$$211724907
instanceKlass org/apache/maven/artifact/resolver/filter/AbstractScopeArtifactFilter
instanceKlass org/codehaus/mojo/flatten/CleanMojo$$FastClassByGuice$$210005926
instanceKlass org/codehaus/mojo/flatten/ModelBuilderThreadSafetyWorkaround$$FastClassByGuice$$208728425
instanceKlass org/codehaus/mojo/flatten/cifriendly/CiModelInterpolator$$FastClassByGuice$$208482876
instanceKlass org/codehaus/mojo/flatten/DirectDependenciesInheritanceAssembler$$FastClassByGuice$$206966540
instanceKlass org/codehaus/plexus/interpolation/ValueSource
instanceKlass org/codehaus/plexus/interpolation/RecursionInterceptor
instanceKlass org/codehaus/plexus/interpolation/Interpolator
instanceKlass org/codehaus/plexus/interpolation/BasicInterpolator
instanceKlass org/codehaus/mojo/flatten/PomProperty
instanceKlass org/codehaus/mojo/flatten/KeepCommentsInPom
instanceKlass org/codehaus/mojo/flatten/FlattenDescriptor
instanceKlass org/xml/sax/ext/EntityResolver2
instanceKlass org/xml/sax/ext/DeclHandler
instanceKlass org/xml/sax/ext/LexicalHandler
instanceKlass org/xml/sax/helpers/DefaultHandler
instanceKlass org/xml/sax/ErrorHandler
instanceKlass org/xml/sax/ContentHandler
instanceKlass org/xml/sax/DTDHandler
instanceKlass org/xml/sax/EntityResolver
instanceKlass org/codehaus/mojo/flatten/ModelBuilderThreadSafetyWorkaround
instanceKlass org/codehaus/mojo/flatten/cifriendly/CiModelInterpolator
instanceKlass org/codehaus/mojo/flatten/cifriendly/CiInterpolator
instanceKlass org/apache/maven/plugins/clean/Cleaner$Logger
instanceKlass org/apache/maven/shared/utils/Os
instanceKlass org/apache/maven/plugins/clean/Cleaner
instanceKlass org/eclipse/sisu/plexus/CompositeBeanHelper$1
instanceKlass org/codehaus/plexus/util/introspection/MethodMap
instanceKlass org/codehaus/plexus/util/introspection/ClassMap$CacheMiss
instanceKlass org/codehaus/plexus/util/introspection/ClassMap
instanceKlass org/codehaus/plexus/util/introspection/ReflectionValueExtractor$Tokenizer
instanceKlass org/codehaus/plexus/util/introspection/ReflectionValueExtractor
instanceKlass org/eclipse/sisu/plexus/CompositeBeanHelper
instanceKlass org/apache/maven/plugin/internal/ValidatingConfigurationListener
instanceKlass org/apache/maven/plugin/DebugConfigurationListener
instanceKlass org/eclipse/sisu/inject/MildKeys
instanceKlass java/time/LocalTime
instanceKlass java/time/LocalDate
instanceKlass java/time/chrono/ChronoLocalDate
instanceKlass java/time/zone/ZoneOffsetTransition
instanceKlass java/time/LocalDateTime
instanceKlass java/time/chrono/ChronoLocalDateTime
instanceKlass java/time/temporal/TemporalAdjuster
instanceKlass java/time/zone/ZoneOffsetTransitionRule
instanceKlass java/time/zone/ZoneRules
instanceKlass java/time/zone/Ser
instanceKlass java/io/Externalizable
instanceKlass java/time/zone/ZoneRulesProvider$1
instanceKlass java/time/zone/ZoneRulesProvider
instanceKlass java/time/Period
instanceKlass java/time/chrono/ChronoPeriod
instanceKlass java/time/format/DateTimeFormatterBuilder$TextPrinterParser
instanceKlass java/time/format/DateTimeTextProvider$1
instanceKlass java/time/format/DateTimeTextProvider
instanceKlass java/time/format/DateTimeTextProvider$LocaleStore
instanceKlass java/time/format/DateTimeFormatterBuilder$InstantPrinterParser
instanceKlass java/time/format/DateTimeFormatterBuilder$StringLiteralPrinterParser
instanceKlass java/time/format/DateTimeFormatterBuilder$ZoneIdPrinterParser
instanceKlass java/time/format/DateTimeFormatterBuilder$OffsetIdPrinterParser
instanceKlass java/time/format/DecimalStyle
instanceKlass java/time/format/DateTimeFormatterBuilder$CompositePrinterParser
instanceKlass java/time/chrono/AbstractChronology
instanceKlass java/time/chrono/Chronology
instanceKlass java/time/format/DateTimeFormatterBuilder$CharLiteralPrinterParser
instanceKlass java/time/format/DateTimeFormatterBuilder$NumberPrinterParser
instanceKlass java/time/format/DateTimeFormatterBuilder$DateTimePrinterParser
instanceKlass java/time/temporal/JulianFields
instanceKlass java/time/temporal/IsoFields
instanceKlass java/time/temporal/ValueRange
instanceKlass java/time/temporal/TemporalField
instanceKlass java/time/ZoneId
instanceKlass java/time/temporal/TemporalQuery
instanceKlass java/time/format/DateTimeFormatterBuilder
instanceKlass java/time/format/DateTimeFormatter
instanceKlass java/time/temporal/Temporal
instanceKlass java/time/temporal/TemporalAccessor
instanceKlass org/codehaus/plexus/component/configurator/converters/ParameterizedConfigurationConverter
instanceKlass org/codehaus/plexus/component/configurator/converters/AbstractConfigurationConverter
instanceKlass org/codehaus/plexus/component/configurator/converters/ConfigurationConverter
instanceKlass org/codehaus/plexus/component/configurator/converters/lookup/DefaultConverterLookup
instanceKlass org/codehaus/plexus/component/configurator/expression/DefaultExpressionEvaluator
instanceKlass org/apache/maven/plugin/PluginParameterExpressionEvaluator
instanceKlass org/codehaus/plexus/component/configurator/expression/TypeAwareExpressionEvaluator
instanceKlass org/apache/maven/monitor/logging/DefaultLog
instanceKlass org/apache/maven/plugins/clean/CleanMojo$$FastClassByGuice$$206293240
instanceKlass org/w3c/dom/Element
instanceKlass org/w3c/dom/Document
instanceKlass org/w3c/dom/Node
instanceKlass org/apache/maven/plugins/clean/Fileset
instanceKlass org/apache/maven/plugins/clean/Selector
instanceKlass org/eclipse/sisu/plexus/ComponentDescriptorBeanModule$PlexusDescriptorBeanSource
instanceKlass org/eclipse/sisu/plexus/ComponentDescriptorBeanModule
instanceKlass org/apache/maven/plugin/DefaultPluginRealmCache$CacheKey
instanceKlass java/lang/Character$CharacterCache
instanceKlass org/apache/maven/lifecycle/internal/MojoExecutor$ProjectLock
instanceKlass org/apache/maven/artifact/handler/DefaultArtifactHandler$__sisu12$$FastClassByGuice$$204918687
instanceKlass org/apache/maven/project/DefaultDependencyResolutionRequest
instanceKlass org/apache/maven/lifecycle/internal/LifecycleDependencyResolver$ReactorDependencyFilter
instanceKlass org/apache/maven/project/artifact/DefaultProjectArtifactsCache$CacheKey
instanceKlass org/apache/maven/lifecycle/internal/MojoExecutor$1
instanceKlass org/apache/maven/lifecycle/internal/ExecutionPlanItem
instanceKlass org/apache/maven/lifecycle/internal/DefaultMojoExecutionConfigurator$$FastClassByGuice$$204102029
instanceKlass org/apache/maven/lifecycle/internal/GoalTask
instanceKlass org/apache/maven/execution/ProjectExecutionEvent
instanceKlass org/apache/maven/lifecycle/internal/CompoundProjectExecutionListener
instanceKlass org/apache/maven/lifecycle/internal/DefaultLifecycleMappingDelegate$$FastClassByGuice$$202613069
instanceKlass org/apache/maven/lifecycle/internal/DefaultLifecycleExecutionPlanCalculator$$FastClassByGuice$$201521584
instanceKlass org/apache/maven/project/artifact/DefaultProjectArtifactsCache$$FastClassByGuice$$201251951
instanceKlass org/apache/maven/lifecycle/internal/builder/singlethreaded/SingleThreadedBuilder$$FastClassByGuice$$199328884
instanceKlass org/apache/maven/graph/DefaultProjectDependencyGraph$MavenProjectComparator
instanceKlass org/apache/maven/graph/FilteredProjectDependencyGraph$Key
instanceKlass org/apache/maven/lifecycle/internal/LifecycleTask
instanceKlass org/slf4j/helpers/FormattingTuple
instanceKlass org/slf4j/helpers/MessageFormatter
instanceKlass org/apache/maven/graph/FilteredProjectDependencyGraph
instanceKlass kr/motd/maven/os/RepositorySessionInjector
instanceKlass org/apache/maven/plugin/AbstractMojo
instanceKlass org/apache/maven/plugin/ContextEnabled
instanceKlass org/apache/maven/plugin/Mojo
instanceKlass kr/motd/maven/os/Detector$SimpleFileOperations
instanceKlass kr/motd/maven/os/Detector$SimpleSystemPropertyOperations
instanceKlass kr/motd/maven/os/SystemPropertyOperationProvider
instanceKlass kr/motd/maven/os/FileOperationProvider
instanceKlass kr/motd/maven/os/DetectExtension$$FastClassByGuice$$198896780
instanceKlass org/apache/maven/internal/aether/MavenChainedWorkspaceReader
instanceKlass org/codehaus/plexus/util/dag/TopologicalSorter
instanceKlass org/codehaus/plexus/util/dag/CycleDetector
instanceKlass org/codehaus/plexus/util/dag/Vertex
instanceKlass org/codehaus/plexus/util/dag/DAG
instanceKlass org/apache/maven/project/ProjectSorter
instanceKlass org/apache/maven/graph/DefaultProjectDependencyGraph
instanceKlass org/apache/maven/project/DefaultProjectBuildingResult
instanceKlass org/apache/maven/lifecycle/mapping/DefaultLifecycleMapping$__sisu1$$FastClassByGuice$$198133229
instanceKlass org/apache/maven/project/DefaultProjectRealmCache$CacheKey
instanceKlass com/google/inject/internal/Messages$Converter
instanceKlass com/google/inject/internal/Messages
instanceKlass kr/motd/maven/os/Detector
instanceKlass java/security/CodeSigner
instanceKlass java/util/jar/JarVerifier
instanceKlass org/eclipse/sisu/space/FileEntryIterator
instanceKlass org/eclipse/sisu/space/ResourceEnumeration
instanceKlass org/apache/maven/classrealm/ArtifactClassRealmConstituent
instanceKlass org/apache/maven/plugin/DefaultExtensionRealmCache$CacheKey
instanceKlass org/eclipse/aether/util/graph/visitor/TreeDependencyVisitor
instanceKlass org/eclipse/aether/util/graph/visitor/FilteringDependencyVisitor
instanceKlass org/eclipse/aether/internal/impl/ArtifactRequestBuilder
instanceKlass org/eclipse/aether/util/graph/transformer/ConflictResolver$NodeInfo
instanceKlass org/eclipse/aether/util/artifact/ArtifactIdUtils
instanceKlass org/eclipse/aether/util/graph/transformer/NearestVersionSelector$ConflictGroup
instanceKlass org/eclipse/aether/util/graph/transformer/ConflictResolver$ConflictItem
instanceKlass org/eclipse/aether/util/graph/transformer/ConflictResolver$ScopeContext
instanceKlass org/eclipse/aether/util/graph/transformer/ConflictResolver$ConflictContext
instanceKlass org/eclipse/aether/util/graph/transformer/ConflictResolver$State
instanceKlass org/eclipse/aether/util/graph/transformer/ConflictIdSorter$RootQueue
instanceKlass org/eclipse/aether/util/graph/transformer/ConflictIdSorter$ConflictId
instanceKlass org/eclipse/aether/util/graph/transformer/ConflictMarker$ConflictGroup
instanceKlass org/eclipse/aether/util/graph/transformer/ConflictMarker$Key
instanceKlass org/eclipse/aether/util/graph/transformer/ConflictMarker
instanceKlass org/eclipse/aether/util/graph/transformer/ConflictIdSorter
instanceKlass org/eclipse/aether/util/graph/transformer/TransformationContextKeys
instanceKlass org/eclipse/aether/internal/impl/collect/DefaultDependencyGraphTransformationContext
instanceKlass org/eclipse/aether/util/graph/selector/ExclusionDependencySelector$ExclusionComparator
instanceKlass org/eclipse/aether/graph/Dependency$Exclusions$1
instanceKlass org/eclipse/aether/internal/impl/collect/DataPool$GraphKey
instanceKlass org/eclipse/aether/internal/impl/collect/DefaultDependencyCycle
instanceKlass org/eclipse/aether/internal/impl/collect/DataPool$Descriptor
instanceKlass org/apache/maven/model/merge/ModelMerger$NotifierKeyComputer
instanceKlass org/apache/maven/model/Notifier
instanceKlass org/apache/maven/model/Site
instanceKlass org/eclipse/aether/internal/impl/collect/DataPool$DescriptorKey
instanceKlass org/eclipse/aether/internal/impl/collect/DataPool$Constraint$VersionRepo
instanceKlass org/eclipse/aether/internal/impl/collect/DataPool$Constraint
instanceKlass org/eclipse/aether/internal/impl/collect/DataPool$ConstraintKey
instanceKlass org/eclipse/aether/util/graph/manager/ClassicDependencyManager$Key
instanceKlass org/eclipse/aether/internal/impl/collect/CollectStepDataImpl
instanceKlass org/eclipse/aether/collection/CollectStepData
instanceKlass org/eclipse/aether/internal/impl/collect/df/NodeStack
instanceKlass org/eclipse/aether/graph/DependencyCycle
instanceKlass org/eclipse/aether/internal/impl/collect/DataPool$HardInternPool
instanceKlass org/eclipse/aether/internal/impl/collect/DataPool$WeakInternPool
instanceKlass org/eclipse/aether/internal/impl/collect/DataPool$InternPool
instanceKlass org/eclipse/aether/internal/impl/collect/CachingArtifactTypeRegistry
instanceKlass org/apache/maven/plugin/internal/WagonExcluder
instanceKlass org/eclipse/aether/util/filter/AndDependencyFilter
instanceKlass org/eclipse/aether/util/filter/ScopeDependencyFilter
instanceKlass org/apache/maven/plugin/CacheUtils
instanceKlass org/apache/maven/plugin/DefaultPluginArtifactsCache$CacheKey
instanceKlass org/apache/maven/plugin/MavenPluginValidator
instanceKlass java/io/RandomAccessFile$1
instanceKlass org/codehaus/plexus/component/repository/ComponentDependency
instanceKlass org/codehaus/plexus/configuration/DefaultPlexusConfiguration
instanceKlass java/util/stream/MatchOps$BooleanTerminalSink
instanceKlass java/util/stream/MatchOps$MatchOp
instanceKlass java/util/stream/MatchOps
instanceKlass org/eclipse/aether/util/version/GenericVersion$Item
instanceKlass org/eclipse/aether/util/version/GenericVersion$Tokenizer
instanceKlass org/eclipse/aether/util/version/GenericVersion
instanceKlass org/eclipse/aether/util/version/GenericVersionConstraint
instanceKlass org/eclipse/aether/version/VersionConstraint
instanceKlass org/eclipse/aether/version/VersionRange
instanceKlass org/eclipse/aether/util/version/GenericVersionScheme
instanceKlass org/apache/maven/model/io/xpp3/MavenXpp3Reader$1
instanceKlass org/apache/maven/model/io/xpp3/MavenXpp3Reader$ContentTransformer
instanceKlass org/apache/maven/model/io/xpp3/MavenXpp3Reader
instanceKlass org/apache/maven/repository/internal/DefaultModelResolver
instanceKlass org/apache/maven/plugin/DefaultPluginDescriptorCache$CacheKey
instanceKlass org/apache/maven/artifact/repository/metadata/io/xpp3/MetadataXpp3Reader$1
instanceKlass org/apache/maven/artifact/repository/metadata/io/xpp3/MetadataXpp3Reader$ContentTransformer
instanceKlass org/apache/maven/artifact/repository/metadata/io/xpp3/MetadataXpp3Reader
instanceKlass org/eclipse/aether/repository/AuthenticationDigest
instanceKlass java/util/Formattable
instanceKlass java/util/Formatter$Flags
instanceKlass java/util/Formatter$FormatSpecifier
instanceKlass java/util/Formatter$Conversion
instanceKlass java/util/Formatter$FixedString
instanceKlass java/util/Formatter$FormatString
instanceKlass java/util/Formatter
instanceKlass org/eclipse/aether/internal/impl/Utils
instanceKlass org/eclipse/aether/repository/LocalMetadataResult
instanceKlass org/eclipse/aether/repository/LocalMetadataRequest
instanceKlass org/eclipse/aether/resolution/MetadataResult
instanceKlass org/eclipse/aether/resolution/MetadataRequest
instanceKlass org/eclipse/aether/metadata/AbstractMetadata
instanceKlass org/apache/maven/plugin/version/DefaultPluginVersionRequest
instanceKlass java/util/AbstractMap$2$1
instanceKlass java/nio/channels/spi/AbstractInterruptibleChannel$1
instanceKlass sun/nio/ch/Interruptible
instanceKlass sun/nio/ch/FileKey
instanceKlass sun/nio/ch/FileLockTable
instanceKlass sun/nio/fs/WindowsFileSystemProvider$1
instanceKlass org/eclipse/aether/repository/LocalArtifactRequest
instanceKlass org/apache/maven/repository/internal/DefaultVersionResolver$Key
instanceKlass org/eclipse/aether/internal/impl/DefaultRepositoryEventDispatcher$1
instanceKlass org/eclipse/aether/RepositoryEvent$Builder
instanceKlass org/eclipse/aether/internal/impl/filter/RemoteRepositoryFilterSourceSupport$SimpleResult
instanceKlass org/eclipse/aether/named/support/Retry$DoNotRetry
instanceKlass org/eclipse/aether/internal/impl/synccontext/named/NamedLockFactoryAdapter$AdaptedLockSyncContext
instanceKlass org/eclipse/aether/internal/impl/synccontext/named/GAVNameMapper
instanceKlass org/eclipse/aether/internal/impl/synccontext/named/NameMappers
instanceKlass org/eclipse/sisu/wire/NamedIterableAdapter$NamedEntry
instanceKlass org/eclipse/sisu/wire/NamedIterableAdapter$NamedIterator
instanceKlass org/eclipse/aether/artifact/AbstractArtifact
instanceKlass org/apache/maven/lifecycle/Lifecycle$__sisu7$$FastClassByGuice$$196267343
instanceKlass org/apache/maven/lifecycle/Lifecycle$__sisu8$$FastClassByGuice$$195883925
instanceKlass org/apache/maven/lifecycle/mapping/LifecycleMojo
instanceKlass org/apache/maven/lifecycle/mapping/DefaultLifecycleMapping$$FastClassByGuice$$194984370
instanceKlass org/apache/maven/lifecycle/mapping/Lifecycle
instanceKlass org/apache/maven/model/building/DefaultModelBuildingEvent
instanceKlass org/apache/maven/model/building/ModelBuildingEventCatapult$1
instanceKlass org/apache/maven/project/ReactorModelPool$CacheKey
instanceKlass org/apache/maven/artifact/versioning/ComparableVersion$StringItem
instanceKlass org/apache/maven/artifact/handler/DefaultArtifactHandler$__sisu9$$FastClassByGuice$$193908819
instanceKlass org/apache/maven/repository/internal/DefaultModelCache$Key
instanceKlass org/apache/maven/model/building/ModelCacheTag$2
instanceKlass org/apache/maven/model/building/ModelCacheTag$1
instanceKlass org/apache/maven/project/DefaultProjectBuilder$InterimResult
instanceKlass org/apache/maven/artifact/handler/DefaultArtifactHandler$__sisu13$$FastClassByGuice$$192144286
instanceKlass org/apache/maven/artifact/versioning/Restriction
instanceKlass org/apache/maven/artifact/ArtifactUtils
instanceKlass org/apache/maven/artifact/DefaultArtifact
instanceKlass org/apache/maven/artifact/handler/DefaultArtifactHandler$$FastClassByGuice$$191678438
instanceKlass org/apache/maven/artifact/versioning/ComparableVersion$IntItem
instanceKlass org/apache/maven/artifact/versioning/ComparableVersion$Item
instanceKlass org/apache/maven/artifact/versioning/ComparableVersion
instanceKlass org/apache/maven/artifact/versioning/DefaultArtifactVersion
instanceKlass org/apache/maven/repository/internal/ArtifactDescriptorUtils
instanceKlass java/util/stream/Streams$RangeIntSpliterator
instanceKlass org/apache/maven/model/Extension
instanceKlass org/codehaus/plexus/interpolation/util/StringUtils
instanceKlass org/apache/maven/model/IssueManagement
instanceKlass org/apache/maven/model/Organization
instanceKlass org/apache/maven/model/CiManagement
instanceKlass org/apache/maven/model/Prerequisites
instanceKlass org/apache/maven/model/MailingList
instanceKlass org/apache/maven/model/Parent
instanceKlass org/codehaus/plexus/interpolation/reflection/MethodMap
instanceKlass org/codehaus/plexus/interpolation/reflection/ClassMap$CacheMiss
instanceKlass org/codehaus/plexus/interpolation/reflection/ClassMap
instanceKlass org/codehaus/plexus/interpolation/reflection/ReflectionValueExtractor$Tokenizer
instanceKlass org/codehaus/plexus/interpolation/reflection/ReflectionValueExtractor
instanceKlass org/codehaus/plexus/interpolation/util/ValueSourceUtils
instanceKlass org/apache/maven/model/interpolation/StringVisitorModelInterpolator$ModelVisitor
instanceKlass org/apache/maven/model/interpolation/StringVisitorModelInterpolator$1
instanceKlass org/codehaus/plexus/interpolation/PrefixAwareRecursionInterceptor
instanceKlass org/apache/maven/model/interpolation/UrlNormalizingPostProcessor
instanceKlass org/apache/maven/model/interpolation/PathTranslatingPostProcessor
instanceKlass java/text/DontCareFieldPosition$1
instanceKlass java/text/Format$FieldDelegate
instanceKlass sun/util/resources/Bundles$2
instanceKlass sun/util/resources/LocaleData$LocaleDataResourceBundleProvider
instanceKlass java/util/spi/ResourceBundleProvider
instanceKlass org/apache/maven/model/interpolation/MavenBuildTimestamp
instanceKlass org/apache/maven/model/interpolation/ProblemDetectingValueSource
instanceKlass org/codehaus/plexus/interpolation/PrefixedValueSourceWrapper
instanceKlass org/codehaus/plexus/interpolation/FeedbackEnabledValueSource
instanceKlass org/codehaus/plexus/interpolation/AbstractDelegatingValueSource
instanceKlass org/codehaus/plexus/interpolation/QueryEnabledValueSource
instanceKlass org/apache/maven/model/merge/ModelMerger$ExtensionKeyComputer
instanceKlass org/apache/maven/model/merge/ModelMerger$ResourceKeyComputer
instanceKlass org/apache/maven/model/merge/ModelMerger$SourceDominant
instanceKlass org/apache/maven/model/merge/ModelMerger$DependencyKeyComputer
instanceKlass org/apache/maven/model/building/DefaultModelBuilder$InterpolateString
instanceKlass org/apache/maven/model/building/DefaultModelBuilder$1Interpolation
instanceKlass java/lang/invoke/MethodHandle$1
instanceKlass java/util/Spliterators$IteratorSpliterator
instanceKlass org/apache/maven/model/building/ModelProblemUtils
instanceKlass org/apache/maven/model/io/xpp3/MavenXpp3ReaderEx$Xpp3DomBuilderInputLocationBuilder
instanceKlass org/apache/maven/model/Exclusion
instanceKlass org/apache/maven/model/DependencyManagement
instanceKlass org/apache/maven/model/DistributionManagement
instanceKlass org/apache/maven/model/Scm
instanceKlass org/apache/maven/model/License
instanceKlass org/apache/maven/model/io/xpp3/MavenXpp3ReaderEx$1
instanceKlass org/codehaus/plexus/util/xml/Xpp3DomBuilder$InputLocationBuilder
instanceKlass org/apache/maven/model/io/xpp3/MavenXpp3ReaderEx$ContentTransformer
instanceKlass org/apache/maven/model/io/xpp3/MavenXpp3ReaderEx
instanceKlass org/apache/maven/model/building/ModelSource2
instanceKlass org/apache/maven/model/building/DefaultModelBuildingResult
instanceKlass org/apache/maven/model/building/AbstractModelBuildingListener
instanceKlass org/apache/maven/project/ProjectModelResolver
instanceKlass org/apache/maven/model/building/DefaultModelBuildingRequest
instanceKlass org/apache/maven/artifact/repository/LegacyLocalRepositoryManager
instanceKlass org/apache/maven/repository/internal/DefaultModelCache
instanceKlass org/apache/maven/project/DefaultProjectBuildingRequest
instanceKlass org/apache/maven/shared/utils/logging/AnsiMessageBuilder
instanceKlass org/apache/maven/lifecycle/internal/DefaultExecutionEventCatapult$1
instanceKlass org/apache/maven/lifecycle/internal/DefaultExecutionEvent
instanceKlass org/apache/maven/AbstractMavenLifecycleParticipant
instanceKlass java/util/concurrent/atomic/AtomicReference
instanceKlass org/apache/maven/session/scope/internal/SessionScope$CachingProvider
instanceKlass org/apache/maven/settings/RuntimeInfo
instanceKlass org/eclipse/aether/internal/impl/LocalPathPrefixComposerFactorySupport$LocalPathPrefixComposerSupport
instanceKlass org/eclipse/aether/internal/impl/SimpleLocalRepositoryManager
instanceKlass java/util/ArrayList$SubList$1
instanceKlass org/eclipse/aether/internal/impl/PrioritizedComponent
instanceKlass org/eclipse/sisu/wire/EntrySetAdapter$ValueIterator
instanceKlass org/eclipse/aether/internal/impl/PrioritizedComponents
instanceKlass org/eclipse/aether/repository/RemoteRepository$Builder
instanceKlass java/net/spi/URLStreamHandlerProvider
instanceKlass java/net/URL$1
instanceKlass java/net/URL$2
instanceKlass org/eclipse/aether/util/ConfigUtils
instanceKlass org/eclipse/aether/AbstractRepositoryListener
instanceKlass org/eclipse/aether/util/repository/DefaultAuthenticationSelector
instanceKlass org/eclipse/aether/util/repository/DefaultProxySelector
instanceKlass org/eclipse/aether/util/repository/DefaultMirrorSelector$MirrorDef
instanceKlass org/eclipse/aether/util/repository/DefaultMirrorSelector
instanceKlass org/apache/maven/settings/crypto/DefaultSettingsDecryptionResult
instanceKlass org/apache/maven/settings/crypto/DefaultSettingsDecryptionRequest
instanceKlass org/apache/maven/RepositoryUtils$MavenArtifactTypeRegistry
instanceKlass org/apache/maven/RepositoryUtils
instanceKlass org/eclipse/aether/util/repository/SimpleResolutionErrorPolicy
instanceKlass org/eclipse/aether/util/repository/SimpleArtifactDescriptorPolicy
instanceKlass org/eclipse/aether/artifact/DefaultArtifactType
instanceKlass org/eclipse/aether/util/artifact/SimpleArtifactTypeRegistry
instanceKlass org/eclipse/aether/util/graph/transformer/JavaDependencyContextRefiner
instanceKlass org/eclipse/aether/util/graph/transformer/ChainedDependencyGraphTransformer
instanceKlass org/eclipse/aether/util/graph/transformer/ConflictResolver
instanceKlass org/eclipse/aether/graph/Exclusion
instanceKlass org/eclipse/aether/util/graph/selector/ExclusionDependencySelector
instanceKlass org/eclipse/aether/util/graph/selector/OptionalDependencySelector
instanceKlass org/eclipse/aether/util/graph/selector/ScopeDependencySelector
instanceKlass org/eclipse/aether/util/graph/selector/AndDependencySelector
instanceKlass org/eclipse/aether/util/graph/manager/ClassicDependencyManager
instanceKlass org/eclipse/aether/util/graph/traverser/FatArtifactTraverser
instanceKlass org/eclipse/aether/DefaultSessionData
instanceKlass org/eclipse/aether/DefaultRepositorySystemSession$NullFileTransformerManager
instanceKlass org/eclipse/aether/transform/FileTransformerManager
instanceKlass org/eclipse/aether/DefaultRepositorySystemSession$NullArtifactTypeRegistry
instanceKlass org/eclipse/aether/DefaultRepositorySystemSession$NullAuthenticationSelector
instanceKlass org/eclipse/aether/DefaultRepositorySystemSession$NullProxySelector
instanceKlass org/eclipse/aether/DefaultRepositorySystemSession$NullMirrorSelector
instanceKlass org/eclipse/aether/SessionData
instanceKlass org/eclipse/aether/artifact/ArtifactTypeRegistry
instanceKlass org/eclipse/aether/collection/DependencyGraphTransformer
instanceKlass org/eclipse/aether/util/graph/transformer/ConflictResolver$VersionSelector
instanceKlass org/eclipse/aether/util/graph/transformer/ConflictResolver$ScopeSelector
instanceKlass org/eclipse/aether/util/graph/transformer/ConflictResolver$OptionalitySelector
instanceKlass org/eclipse/aether/util/graph/transformer/ConflictResolver$ScopeDeriver
instanceKlass org/apache/maven/repository/internal/MavenRepositorySystemUtils
instanceKlass org/apache/maven/execution/DefaultMavenExecutionResult
instanceKlass org/apache/maven/artifact/repository/MavenArtifactRepository
instanceKlass org/apache/maven/artifact/repository/layout/ArtifactRepositoryLayout2
instanceKlass org/apache/maven/artifact/repository/layout/DefaultRepositoryLayout$$FastClassByGuice$$190449167
instanceKlass java/util/concurrent/ForkJoinPool$WorkQueue
instanceKlass java/util/concurrent/ForkJoinPool$DefaultCommonPoolForkJoinWorkerThreadFactory
instanceKlass java/util/concurrent/ForkJoinPool$1
instanceKlass java/util/concurrent/ForkJoinPool$DefaultForkJoinWorkerThreadFactory
instanceKlass java/util/concurrent/ForkJoinPool$ForkJoinWorkerThreadFactory
instanceKlass org/apache/maven/execution/AbstractExecutionListener
instanceKlass java/util/concurrent/locks/AbstractQueuedSynchronizer$Node
instanceKlass java/util/concurrent/ForkJoinPool$ManagedBlocker
instanceKlass org/apache/maven/cli/transfer/SimplexTransferListener$Exchange
instanceKlass org/eclipse/aether/transfer/AbstractTransferListener
instanceKlass org/apache/maven/toolchain/building/DefaultToolchainsBuildingResult
instanceKlass org/apache/maven/toolchain/building/DefaultToolchainsBuilder$1
instanceKlass org/apache/maven/toolchain/model/io/xpp3/MavenToolchainsXpp3Writer
instanceKlass org/apache/maven/toolchain/model/io/xpp3/MavenToolchainsXpp3Reader$1
instanceKlass org/apache/maven/toolchain/model/io/xpp3/MavenToolchainsXpp3Reader$ContentTransformer
instanceKlass org/apache/maven/toolchain/model/io/xpp3/MavenToolchainsXpp3Reader
instanceKlass org/apache/maven/building/DefaultProblemCollector
instanceKlass org/apache/maven/building/ProblemCollectorFactory
instanceKlass org/apache/maven/toolchain/building/DefaultToolchainsBuildingRequest
instanceKlass org/apache/maven/settings/building/DefaultSettingsBuildingResult
instanceKlass org/apache/maven/settings/building/DefaultSettingsBuilder$1
instanceKlass org/codehaus/plexus/interpolation/os/OperatingSystemUtils$DefaultEnvVarSource
instanceKlass org/codehaus/plexus/interpolation/os/OperatingSystemUtils$EnvVarSource
instanceKlass org/codehaus/plexus/interpolation/os/OperatingSystemUtils
instanceKlass org/codehaus/plexus/util/xml/pull/MXSerializer
instanceKlass org/codehaus/plexus/util/xml/pull/XmlSerializer
instanceKlass org/apache/maven/settings/io/xpp3/SettingsXpp3Writer
instanceKlass org/codehaus/plexus/util/xml/pull/EntityReplacementMap
instanceKlass org/apache/maven/settings/io/xpp3/SettingsXpp3Reader$1
instanceKlass org/apache/maven/settings/io/xpp3/SettingsXpp3Reader$ContentTransformer
instanceKlass org/apache/maven/settings/io/xpp3/SettingsXpp3Reader
instanceKlass org/apache/maven/building/FileSource
instanceKlass org/apache/maven/settings/building/DefaultSettingsBuildingRequest
instanceKlass org/apache/maven/graph/DefaultGraphBuilder$$FastClassByGuice$$189172304
instanceKlass jdk/internal/math/FDBigInteger
instanceKlass org/apache/maven/plugin/prefix/internal/DefaultPluginPrefixResolver$$FastClassByGuice$$188134505
instanceKlass org/apache/maven/plugin/CompoundMojoExecutionListener
instanceKlass org/apache/maven/plugin/DefaultBuildPluginManager$$FastClassByGuice$$187358525
instanceKlass org/apache/maven/lifecycle/internal/DefaultLifecycleTaskSegmentCalculator$$FastClassByGuice$$186019872
instanceKlass org/apache/maven/lifecycle/internal/DefaultExecutionEventCatapult$$FastClassByGuice$$184694625
instanceKlass org/apache/maven/project/DefaultProjectDependenciesResolver$$FastClassByGuice$$183865914
instanceKlass org/apache/maven/project/RepositorySessionDecorator
instanceKlass org/apache/maven/plugin/DefaultPluginArtifactsCache$$FastClassByGuice$$182622514
instanceKlass com/google/inject/internal/DelegatingInvocationHandler
instanceKlass org/apache/maven/artifact/repository/metadata/io/DefaultMetadataReader$$FastClassByGuice$$181615586
instanceKlass org/apache/maven/plugin/version/internal/DefaultPluginVersionResolver$$FastClassByGuice$$181189535
instanceKlass org/apache/maven/plugin/DefaultExtensionRealmCache$$FastClassByGuice$$180011162
instanceKlass org/apache/maven/rtinfo/internal/DefaultRuntimeInformation$$FastClassByGuice$$179295053
instanceKlass org/apache/maven/plugin/DefaultPluginRealmCache$$FastClassByGuice$$177331473
instanceKlass org/apache/maven/plugin/DefaultPluginDescriptorCache$$FastClassByGuice$$177150463
instanceKlass org/apache/maven/plugin/internal/DefaultMavenPluginManager$$FastClassByGuice$$175678968
instanceKlass sun/security/provider/EntropySource
instanceKlass sun/security/provider/AbstractDrbg
instanceKlass java/security/DrbgParameters$Instantiation
instanceKlass java/security/DrbgParameters
instanceKlass sun/security/provider/MoreDrbgParameters
instanceKlass java/security/SecureRandomSpi
instanceKlass jdk/internal/event/Event
instanceKlass sun/security/util/SecurityProviderConstants
instanceKlass java/security/Provider$UString
instanceKlass java/security/Provider$Service
instanceKlass sun/security/provider/NativePRNG$NonBlocking
instanceKlass sun/security/provider/NativePRNG$Blocking
instanceKlass sun/security/provider/NativePRNG
instanceKlass sun/security/provider/SunEntries$1
instanceKlass sun/security/provider/SunEntries
instanceKlass sun/security/util/SecurityConstants
instanceKlass sun/security/jca/ProviderList$2
instanceKlass jdk/internal/math/FloatingDecimal$ASCIIToBinaryBuffer
instanceKlass jdk/internal/math/FloatingDecimal$PreparedASCIIToBinaryBuffer
instanceKlass jdk/internal/math/FloatingDecimal$ASCIIToBinaryConverter
instanceKlass jdk/internal/math/FloatingDecimal$BinaryToASCIIBuffer
instanceKlass jdk/internal/math/FloatingDecimal$ExceptionalBinaryToASCIIBuffer
instanceKlass jdk/internal/math/FloatingDecimal$BinaryToASCIIConverter
instanceKlass jdk/internal/math/FloatingDecimal
instanceKlass javax/security/auth/login/Configuration$Parameters
instanceKlass java/security/Policy$Parameters
instanceKlass java/security/cert/CertStoreParameters
instanceKlass java/security/SecureRandomParameters
instanceKlass java/security/Provider$EngineDescription
instanceKlass java/security/Provider$ServiceKey
instanceKlass sun/security/jca/ProviderConfig
instanceKlass sun/security/jca/ProviderList
instanceKlass sun/security/jca/Providers
instanceKlass java/security/Key
instanceKlass java/security/spec/AlgorithmParameterSpec
instanceKlass org/apache/maven/repository/DefaultMirrorSelector$$FastClassByGuice$$174841524
instanceKlass org/apache/maven/repository/legacy/repository/DefaultArtifactRepositoryFactory$$FastClassByGuice$$173962293
instanceKlass org/eclipse/aether/artifact/ArtifactType
instanceKlass org/eclipse/sisu/wire/NamedIterableAdapter
instanceKlass org/eclipse/aether/internal/impl/DefaultUpdateCheckManager$1
instanceKlass org/apache/maven/project/artifact/DefaultMavenMetadataCache$$FastClassByGuice$$172576326
instanceKlass org/apache/maven/repository/legacy/DefaultUpdateCheckManager$$FastClassByGuice$$171537111
instanceKlass org/apache/maven/repository/legacy/DefaultWagonManager$$FastClassByGuice$$170589794
instanceKlass org/apache/maven/artifact/repository/metadata/DefaultRepositoryMetadataManager$$FastClassByGuice$$169473637
instanceKlass org/apache/maven/project/artifact/DefaultMetadataSource$$FastClassByGuice$$168387762
instanceKlass org/apache/maven/artifact/resolver/DefaultResolutionErrorHandler$$FastClassByGuice$$167404019
instanceKlass org/apache/maven/plugin/internal/DefaultLegacySupport$$FastClassByGuice$$166436634
instanceKlass org/apache/maven/repository/legacy/resolver/conflict/NearestConflictResolver$$FastClassByGuice$$165470982
instanceKlass org/apache/maven/artifact/resolver/DefaultArtifactCollector$$FastClassByGuice$$164536054
instanceKlass org/apache/maven/artifact/resolver/DefaultArtifactResolver$DaemonThreadCreator
instanceKlass java/util/concurrent/ThreadPoolExecutor$AbortPolicy
instanceKlass java/util/concurrent/RejectedExecutionHandler
instanceKlass java/util/concurrent/AbstractExecutorService
instanceKlass java/util/concurrent/ExecutorService
instanceKlass org/apache/maven/artifact/resolver/DefaultArtifactResolver$$FastClassByGuice$$163246798
instanceKlass org/apache/maven/artifact/handler/manager/DefaultArtifactHandlerManager$$FastClassByGuice$$162015195
instanceKlass org/apache/maven/artifact/factory/DefaultArtifactFactory$$FastClassByGuice$$161204732
instanceKlass org/apache/maven/repository/legacy/LegacyRepositorySystem$$FastClassByGuice$$160248652
instanceKlass org/apache/maven/project/DefaultProjectRealmCache$$FastClassByGuice$$158832071
instanceKlass org/codehaus/plexus/classworlds/realm/Entry
instanceKlass java/util/Random
instanceKlass java/util/random/RandomGenerator
instanceKlass org/eclipse/sisu/inject/Guice4$2
instanceKlass org/apache/maven/project/DefaultProjectBuildingHelper$$FastClassByGuice$$157390244
instanceKlass org/apache/maven/lifecycle/internal/DefaultLifecyclePluginAnalyzer$$FastClassByGuice$$156585718
instanceKlass org/apache/maven/model/plugin/DefaultLifecycleBindingsInjector$$FastClassByGuice$$156174944
instanceKlass org/apache/maven/model/Contributor
instanceKlass org/apache/maven/model/PatternSet
instanceKlass org/apache/maven/model/merge/ModelMerger$KeyComputer
instanceKlass org/apache/maven/model/merge/ModelMerger$Remapping
instanceKlass org/apache/maven/project/DefaultProjectBuilder$$FastClassByGuice$$154943404
instanceKlass org/apache/maven/DefaultMaven$$FastClassByGuice$$153164786
instanceKlass org/apache/maven/cli/event/DefaultEventSpyContext
instanceKlass org/eclipse/sisu/wire/EntryListAdapter$ValueIterator
instanceKlass org/apache/maven/cli/logging/Slf4jLogger
instanceKlass org/eclipse/sisu/inject/LazyBeanEntry$JsrNamed
instanceKlass org/eclipse/sisu/inject/LazyBeanEntry
instanceKlass javax/annotation/Priority
instanceKlass org/eclipse/sisu/inject/Implementations
instanceKlass org/eclipse/sisu/plexus/LazyPlexusBean
instanceKlass org/eclipse/sisu/inject/RankedSequence$Itr
instanceKlass org/eclipse/sisu/inject/RankedBindings$Itr
instanceKlass org/eclipse/sisu/inject/LocatedBeans$Itr
instanceKlass org/eclipse/sisu/plexus/RealmFilteredBeans$FilteredItr
instanceKlass org/eclipse/sisu/plexus/DefaultPlexusBeans$Itr
instanceKlass org/eclipse/sisu/plexus/DefaultPlexusBeans
instanceKlass org/eclipse/sisu/plexus/RealmFilteredBeans
instanceKlass org/eclipse/sisu/inject/BeanCache
instanceKlass org/eclipse/sisu/inject/LocatedBeans
instanceKlass org/eclipse/sisu/inject/MildElements$Indexable
instanceKlass com/google/inject/internal/ProviderInternalFactory$1
instanceKlass com/google/inject/internal/ConstructorInjector$1
instanceKlass org/eclipse/sisu/inject/WatchedBeans
instanceKlass org/eclipse/sisu/inject/MildValues$ValueItr
instanceKlass org/eclipse/sisu/inject/InjectorBindings
instanceKlass com/google/inject/spi/ProvisionListener$ProvisionInvocation
instanceKlass com/google/inject/internal/MembersInjectorImpl$1
instanceKlass com/google/inject/internal/InternalContext
instanceKlass com/google/inject/internal/Initializer$1
instanceKlass com/google/common/collect/AbstractMapBasedMultimap$AsMap$AsMapIterator
instanceKlass org/codehaus/plexus/DefaultPlexusContainer$$FastClassByGuice$$152990502
instanceKlass org/eclipse/sisu/wire/TypeConverterCache$$FastClassByGuice$$151025224
instanceKlass com/google/inject/internal/SingleMethodInjector$1
instanceKlass org/eclipse/sisu/inject/DefaultBeanLocator$$FastClassByGuice$$150768227
instanceKlass com/google/inject/internal/InjectorImpl$MethodInvoker
instanceKlass com/google/inject/internal/SingleMethodInjector
instanceKlass org/eclipse/sisu/plexus/PlexusXmlBeanConverter$$FastClassByGuice$$149050295
instanceKlass org/sonatype/plexus/components/sec/dispatcher/DefaultSecDispatcher$$FastClassByGuice$$148253243
instanceKlass org/sonatype/plexus/components/cipher/DefaultPlexusCipher$$FastClassByGuice$$147546545
instanceKlass org/codehaus/plexus/component/configurator/MapOrientedComponentConfigurator$$FastClassByGuice$$146086499
instanceKlass org/codehaus/plexus/component/configurator/BasicComponentConfigurator$$FastClassByGuice$$145410891
instanceKlass org/apache/maven/settings/validation/DefaultSettingsValidator$$FastClassByGuice$$143677020
instanceKlass org/apache/maven/settings/io/DefaultSettingsWriter$$FastClassByGuice$$143576514
instanceKlass org/apache/maven/settings/io/DefaultSettingsReader$$FastClassByGuice$$142307177
instanceKlass org/apache/maven/settings/crypto/DefaultSettingsDecrypter$$FastClassByGuice$$141440553
instanceKlass org/apache/maven/settings/building/DefaultSettingsBuilder$$FastClassByGuice$$139755449
instanceKlass org/eclipse/aether/transport/wagon/WagonTransporterFactory$$FastClassByGuice$$138570237
instanceKlass org/eclipse/aether/internal/transport/wagon/PlexusWagonProvider$$FastClassByGuice$$137610129
instanceKlass org/eclipse/aether/internal/transport/wagon/PlexusWagonConfigurator$$FastClassByGuice$$136866395
instanceKlass org/eclipse/aether/transport/http/XChecksumChecksumExtractor$$FastClassByGuice$$135394817
instanceKlass org/eclipse/aether/transport/http/Nexus2ChecksumExtractor$$FastClassByGuice$$134773292
instanceKlass org/eclipse/aether/transport/http/HttpTransporterFactory$$FastClassByGuice$$133400288
instanceKlass org/eclipse/aether/transport/file/FileTransporterFactory$$FastClassByGuice$$132339677
instanceKlass org/apache/maven/repository/internal/VersionsMetadataGeneratorFactory$$FastClassByGuice$$131606306
instanceKlass org/apache/maven/repository/internal/SnapshotMetadataGeneratorFactory$$FastClassByGuice$$130850711
instanceKlass org/apache/maven/repository/internal/PluginsMetadataGeneratorFactory$$FastClassByGuice$$129077438
instanceKlass org/apache/maven/repository/internal/DefaultVersionResolver$$FastClassByGuice$$128143208
instanceKlass org/apache/maven/repository/internal/DefaultVersionRangeResolver$$FastClassByGuice$$127778370
instanceKlass org/apache/maven/repository/internal/DefaultModelCacheFactory$$FastClassByGuice$$126769687
instanceKlass org/apache/maven/repository/internal/DefaultArtifactDescriptorReader$$FastClassByGuice$$125316419
instanceKlass org/eclipse/aether/named/providers/NoopNamedLockFactory$$FastClassByGuice$$124757622
instanceKlass org/eclipse/aether/named/providers/LocalSemaphoreNamedLockFactory$$FastClassByGuice$$123151385
instanceKlass org/eclipse/aether/named/providers/LocalReadWriteLockNamedLockFactory$$FastClassByGuice$$121679053
instanceKlass org/eclipse/aether/named/providers/FileLockNamedLockFactory$$FastClassByGuice$$120699989
instanceKlass org/eclipse/aether/internal/impl/synccontext/named/providers/StaticNameMapperProvider$$FastClassByGuice$$119814819
instanceKlass org/eclipse/aether/internal/impl/synccontext/named/providers/GAVNameMapperProvider$$FastClassByGuice$$119044384
instanceKlass org/eclipse/aether/internal/impl/synccontext/named/providers/FileStaticNameMapperProvider$$FastClassByGuice$$118481198
instanceKlass org/eclipse/aether/internal/impl/synccontext/named/providers/FileHashingGAVNameMapperProvider$$FastClassByGuice$$116766887
instanceKlass org/eclipse/aether/internal/impl/synccontext/named/providers/FileGAVNameMapperProvider$$FastClassByGuice$$115529695
instanceKlass org/eclipse/aether/internal/impl/synccontext/named/providers/DiscriminatingNameMapperProvider$$FastClassByGuice$$114705234
instanceKlass org/eclipse/aether/internal/impl/synccontext/named/NamedLockFactoryAdapterFactoryImpl$$FastClassByGuice$$113248576
instanceKlass org/eclipse/aether/internal/impl/synccontext/legacy/DefaultSyncContextFactory$$FastClassByGuice$$113183198
instanceKlass org/eclipse/aether/internal/impl/synccontext/DefaultSyncContextFactory$$FastClassByGuice$$111565226
instanceKlass org/eclipse/aether/internal/impl/slf4j/Slf4jLoggerFactory$$FastClassByGuice$$110314746
instanceKlass org/eclipse/aether/internal/impl/resolution/TrustedChecksumsArtifactResolverPostProcessor$$FastClassByGuice$$110086686
instanceKlass org/eclipse/aether/internal/impl/filter/PrefixesRemoteRepositoryFilterSource$$FastClassByGuice$$108735068
instanceKlass org/eclipse/aether/internal/impl/filter/GroupIdRemoteRepositoryFilterSource$$FastClassByGuice$$107073226
instanceKlass org/eclipse/aether/internal/impl/filter/DefaultRemoteRepositoryFilterManager$$FastClassByGuice$$106236035
instanceKlass org/eclipse/aether/internal/impl/collect/df/DfDependencyCollector$$FastClassByGuice$$105232265
instanceKlass org/eclipse/aether/internal/impl/collect/bf/BfDependencyCollector$$FastClassByGuice$$104724268
instanceKlass org/eclipse/aether/internal/impl/collect/DefaultDependencyCollector$$FastClassByGuice$$103751689
instanceKlass org/eclipse/aether/internal/impl/checksum/TrustedToProvidedChecksumsSourceAdapter$$FastClassByGuice$$102739072
instanceKlass org/eclipse/aether/internal/impl/checksum/SummaryFileTrustedChecksumsSource$$FastClassByGuice$$101290602
instanceKlass org/eclipse/aether/internal/impl/checksum/SparseDirectoryTrustedChecksumsSource$$FastClassByGuice$$100484323
instanceKlass org/eclipse/aether/internal/impl/checksum/Sha512ChecksumAlgorithmFactory$$FastClassByGuice$$99165819
instanceKlass org/eclipse/aether/internal/impl/checksum/Sha256ChecksumAlgorithmFactory$$FastClassByGuice$$98365051
instanceKlass org/eclipse/aether/internal/impl/checksum/Sha1ChecksumAlgorithmFactory$$FastClassByGuice$$96997351
instanceKlass org/eclipse/aether/internal/impl/checksum/Md5ChecksumAlgorithmFactory$$FastClassByGuice$$96052798
instanceKlass org/eclipse/aether/internal/impl/checksum/DefaultChecksumAlgorithmFactorySelector$$FastClassByGuice$$95419338
instanceKlass org/eclipse/aether/internal/impl/SimpleLocalRepositoryManagerFactory$$FastClassByGuice$$94090155
instanceKlass org/eclipse/aether/internal/impl/Maven2RepositoryLayoutFactory$$FastClassByGuice$$92697373
instanceKlass org/eclipse/aether/internal/impl/LoggerFactoryProvider$$FastClassByGuice$$91984162
instanceKlass org/eclipse/aether/internal/impl/EnhancedLocalRepositoryManagerFactory$$FastClassByGuice$$91102046
instanceKlass org/eclipse/aether/internal/impl/DefaultUpdatePolicyAnalyzer$$FastClassByGuice$$89318411
instanceKlass org/eclipse/aether/internal/impl/DefaultUpdateCheckManager$$FastClassByGuice$$88887457
instanceKlass org/eclipse/aether/internal/impl/DefaultTransporterProvider$$FastClassByGuice$$87960988
instanceKlass org/eclipse/aether/internal/impl/DefaultTrackingFileManager$$FastClassByGuice$$86795469
instanceKlass org/eclipse/aether/internal/impl/DefaultRepositorySystemLifecycle$$FastClassByGuice$$85172667
instanceKlass org/eclipse/aether/internal/impl/DefaultRepositorySystem$$FastClassByGuice$$84096146
instanceKlass org/eclipse/aether/internal/impl/DefaultRepositoryLayoutProvider$$FastClassByGuice$$82910047
instanceKlass org/eclipse/aether/internal/impl/DefaultRepositoryEventDispatcher$$FastClassByGuice$$81801306
instanceKlass org/eclipse/aether/internal/impl/DefaultRepositoryConnectorProvider$$FastClassByGuice$$81727938
instanceKlass org/eclipse/aether/internal/impl/DefaultRemoteRepositoryManager$$FastClassByGuice$$79921473
instanceKlass org/eclipse/aether/internal/impl/DefaultOfflineController$$FastClassByGuice$$79151563
instanceKlass org/eclipse/aether/internal/impl/DefaultMetadataResolver$$FastClassByGuice$$78011620
instanceKlass org/eclipse/aether/internal/impl/DefaultLocalRepositoryProvider$$FastClassByGuice$$76725305
instanceKlass org/eclipse/aether/internal/impl/DefaultLocalPathPrefixComposerFactory$$FastClassByGuice$$76380656
instanceKlass org/eclipse/aether/internal/impl/DefaultLocalPathComposer$$FastClassByGuice$$75004996
instanceKlass org/eclipse/aether/internal/impl/DefaultInstaller$$FastClassByGuice$$74041207
instanceKlass org/eclipse/aether/internal/impl/DefaultFileProcessor$$FastClassByGuice$$73372849
instanceKlass org/eclipse/aether/internal/impl/DefaultDeployer$$FastClassByGuice$$71763259
instanceKlass org/eclipse/aether/internal/impl/DefaultChecksumPolicyProvider$$FastClassByGuice$$70647190
instanceKlass org/eclipse/aether/internal/impl/DefaultArtifactResolver$$FastClassByGuice$$69813653
instanceKlass org/eclipse/aether/connector/basic/BasicRepositoryConnectorFactory$$FastClassByGuice$$69174075
instanceKlass org/apache/maven/model/validation/DefaultModelValidator$$FastClassByGuice$$67922628
instanceKlass org/apache/maven/model/superpom/DefaultSuperPomProvider$$FastClassByGuice$$66665133
instanceKlass org/apache/maven/model/profile/activation/PropertyProfileActivator$$FastClassByGuice$$65439606
instanceKlass org/apache/maven/model/profile/activation/OperatingSystemProfileActivator$$FastClassByGuice$$64255089
instanceKlass org/apache/maven/model/profile/activation/JdkVersionProfileActivator$$FastClassByGuice$$62980080
instanceKlass org/apache/maven/model/profile/activation/FileProfileActivator$$FastClassByGuice$$62766473
instanceKlass org/apache/maven/model/profile/DefaultProfileSelector$$FastClassByGuice$$60981193
instanceKlass org/apache/maven/model/profile/DefaultProfileInjector$$FastClassByGuice$$60539224
instanceKlass org/apache/maven/model/plugin/DefaultReportingConverter$$FastClassByGuice$$58901256
instanceKlass org/apache/maven/model/plugin/DefaultReportConfigurationExpander$$FastClassByGuice$$57698712
instanceKlass org/apache/maven/model/plugin/DefaultPluginConfigurationExpander$$FastClassByGuice$$57586803
instanceKlass org/apache/maven/model/path/ProfileActivationFilePathInterpolator$$FastClassByGuice$$55644214
instanceKlass org/apache/maven/model/path/DefaultUrlNormalizer$$FastClassByGuice$$54713757
instanceKlass org/apache/maven/model/path/DefaultPathTranslator$$FastClassByGuice$$54082565
instanceKlass org/apache/maven/model/path/DefaultModelUrlNormalizer$$FastClassByGuice$$52605604
instanceKlass org/apache/maven/model/path/DefaultModelPathTranslator$$FastClassByGuice$$52285974
instanceKlass org/apache/maven/model/normalization/DefaultModelNormalizer$$FastClassByGuice$$50411142
instanceKlass org/apache/maven/model/management/DefaultPluginManagementInjector$$FastClassByGuice$$49514690
instanceKlass org/apache/maven/model/management/DefaultDependencyManagementInjector$$FastClassByGuice$$49111070
instanceKlass org/apache/maven/model/locator/DefaultModelLocator$$FastClassByGuice$$47242228
instanceKlass org/apache/maven/model/io/DefaultModelWriter$$FastClassByGuice$$46331742
instanceKlass org/apache/maven/model/io/DefaultModelReader$$FastClassByGuice$$45144886
instanceKlass org/apache/maven/model/interpolation/StringVisitorModelInterpolator$$FastClassByGuice$$44253629
instanceKlass org/apache/maven/model/interpolation/DefaultModelVersionProcessor$$FastClassByGuice$$43520420
instanceKlass org/apache/maven/model/inheritance/DefaultInheritanceAssembler$$FastClassByGuice$$42544938
instanceKlass org/apache/maven/model/composition/DefaultDependencyManagementImporter$$FastClassByGuice$$41389653
instanceKlass org/apache/maven/model/building/DefaultModelProcessor$$FastClassByGuice$$40435614
instanceKlass org/apache/maven/model/building/DefaultModelBuilder$$FastClassByGuice$$39013232
instanceKlass org/apache/maven/cli/internal/BootstrapCoreExtensionManager$$FastClassByGuice$$38264836
instanceKlass org/apache/maven/cli/configuration/SettingsXmlConfigurationProcessor$$FastClassByGuice$$37399867
instanceKlass org/apache/maven/toolchain/io/DefaultToolchainsWriter$$FastClassByGuice$$36062732
instanceKlass org/apache/maven/toolchain/io/DefaultToolchainsReader$$FastClassByGuice$$34785534
instanceKlass org/apache/maven/toolchain/building/DefaultToolchainsBuilder$$FastClassByGuice$$34214812
instanceKlass org/apache/maven/plugin/internal/ReadOnlyPluginParametersValidator$$FastClassByGuice$$33505163
instanceKlass org/apache/maven/plugin/internal/PlexusContainerDefaultDependenciesValidator$$FastClassByGuice$$32093383
instanceKlass org/apache/maven/plugin/internal/MavenScopeDependenciesValidator$$FastClassByGuice$$30718029
instanceKlass org/apache/maven/plugin/internal/MavenMixedDependenciesValidator$$FastClassByGuice$$30131101
instanceKlass org/apache/maven/plugin/internal/Maven3CompatDependenciesValidator$$FastClassByGuice$$28976828
instanceKlass org/apache/maven/plugin/internal/Maven2DependenciesValidator$$FastClassByGuice$$27666194
instanceKlass org/apache/maven/plugin/internal/DeprecatedPluginValidator$$FastClassByGuice$$26414767
instanceKlass org/apache/maven/plugin/internal/DeprecatedCoreExpressionValidator$$FastClassByGuice$$25222773
instanceKlass org/apache/maven/plugin/internal/DefaultPluginValidationManager$$FastClassByGuice$$25112913
instanceKlass org/apache/maven/plugin/DefaultMojosExecutionStrategy$$FastClassByGuice$$24000886
instanceKlass org/apache/maven/lifecycle/internal/LifecycleDependencyResolver$$FastClassByGuice$$22242219
instanceKlass org/apache/maven/lifecycle/internal/DefaultProjectArtifactFactory$$FastClassByGuice$$21396089
instanceKlass org/apache/maven/internal/aether/ResolverLifecycle$$FastClassByGuice$$20164736
instanceKlass com/google/inject/internal/InjectorImpl$SyntheticProviderBindingImpl$1
instanceKlass com/google/inject/internal/InjectorImpl$1
instanceKlass org/apache/maven/internal/aether/DefaultRepositorySystemSessionFactory$$FastClassByGuice$$18969842
instanceKlass com/google/inject/internal/SingleFieldInjector
instanceKlass org/apache/maven/extension/internal/CoreExportsProvider$$FastClassByGuice$$18839066
instanceKlass org/apache/maven/execution/DefaultMavenExecutionRequestPopulator$$FastClassByGuice$$17501789
instanceKlass org/apache/maven/classrealm/DefaultClassRealmManager$$FastClassByGuice$$16706708
instanceKlass org/apache/maven/ReactorReader$$FastClassByGuice$$15471227
instanceKlass org/apache/maven/DefaultArtifactFilterManager$$FastClassByGuice$$14143297
instanceKlass com/google/inject/internal/SingleParameterInjector
instanceKlass org/apache/maven/lifecycle/DefaultLifecycles$$FastClassByGuice$$12902591
instanceKlass org/apache/maven/lifecycle/internal/LifecycleModuleBuilder$$FastClassByGuice$$11539466
instanceKlass org/apache/maven/lifecycle/internal/MojoDescriptorCreator$$FastClassByGuice$$10784864
instanceKlass org/apache/maven/eventspy/internal/EventSpyDispatcher$$FastClassByGuice$$10090271
instanceKlass org/eclipse/sisu/bean/BeanPropertySetter
instanceKlass org/eclipse/sisu/PreDestroy
instanceKlass org/eclipse/sisu/PostConstruct
instanceKlass org/apache/maven/lifecycle/internal/MojoExecutor$$FastClassByGuice$$8935399
instanceKlass org/apache/maven/lifecycle/internal/BuildListCalculator$$FastClassByGuice$$8093923
instanceKlass org/apache/maven/lifecycle/internal/builder/BuilderCommon$$FastClassByGuice$$6928978
instanceKlass org/apache/maven/bridge/MavenRepositorySystem$$FastClassByGuice$$6271830
instanceKlass org/apache/maven/lifecycle/internal/LifecycleDebugLogger$$FastClassByGuice$$4391963
instanceKlass org/apache/maven/lifecycle/Lifecycle$$FastClassByGuice$$4081456
instanceKlass org/eclipse/sisu/plexus/PlexusConfigurations$ConfigurationProvider
instanceKlass org/apache/maven/lifecycle/internal/LifecyclePluginResolver$$FastClassByGuice$$3045105
instanceKlass org/apache/maven/lifecycle/internal/LifecycleStarter$$FastClassByGuice$$1367504
instanceKlass com/google/inject/internal/ProxyFactory
instanceKlass com/google/common/collect/TransformedIterator
instanceKlass com/google/inject/spi/InterceptorBinding
instanceKlass com/google/inject/internal/MethodAspect
instanceKlass com/google/inject/internal/MembersInjectorImpl
instanceKlass org/eclipse/sisu/bean/BeanInjector
instanceKlass org/eclipse/sisu/plexus/PlexusLifecycleManager$2
instanceKlass org/eclipse/sisu/bean/PropertyBinder$1
instanceKlass org/eclipse/sisu/plexus/ProvidedPropertyBinding
instanceKlass org/eclipse/sisu/plexus/PlexusRequirements$AbstractRequirementProvider
instanceKlass org/eclipse/sisu/bean/BeanPropertyField
instanceKlass org/eclipse/sisu/bean/DeclaredMembers$MemberIterator
instanceKlass org/eclipse/sisu/bean/BeanPropertyIterator
instanceKlass org/eclipse/sisu/bean/DeclaredMembers
instanceKlass org/eclipse/sisu/bean/IgnoreSetters
instanceKlass org/eclipse/sisu/bean/BeanProperties
instanceKlass org/eclipse/sisu/plexus/PlexusRequirements
instanceKlass org/eclipse/sisu/plexus/PlexusConfigurations
instanceKlass org/eclipse/sisu/plexus/PlexusPropertyBinder
instanceKlass org/eclipse/sisu/bean/BeanLifecycle
instanceKlass com/google/inject/internal/EncounterImpl
instanceKlass org/apache/maven/execution/scope/internal/MojoExecutionScope$2
instanceKlass com/google/inject/internal/ProviderInternalFactory
instanceKlass com/google/inject/internal/InternalProviderInstanceBindingImpl$Factory
instanceKlass com/google/inject/internal/FactoryProxy
instanceKlass com/google/inject/internal/InternalFactoryToProviderAdapter
instanceKlass com/google/inject/internal/ConstructionContext
instanceKlass com/google/inject/internal/SingletonScope$1
instanceKlass com/google/inject/internal/ProviderToInternalFactoryAdapter
instanceKlass com/google/inject/internal/CycleDetectingLock$CycleDetectingLockFactory$ReentrantCycleDetectingLock
instanceKlass com/google/inject/internal/Initializer$InjectableReference
instanceKlass com/google/inject/internal/ProvisionListenerStackCallback
instanceKlass com/google/common/cache/LocalCache$AbstractReferenceEntry
instanceKlass com/google/inject/internal/ProvisionListenerCallbackStore$KeyBinding
instanceKlass com/google/inject/internal/util/Classes
instanceKlass com/google/inject/spi/ExposedBinding
instanceKlass com/google/inject/internal/CreationListener
instanceKlass com/google/inject/internal/InjectorShell$LoggerFactory
instanceKlass com/google/inject/internal/InjectorShell$InjectorFactory
instanceKlass com/google/inject/internal/Initializables$1
instanceKlass com/google/inject/internal/Initializables
instanceKlass com/google/inject/internal/ConstantFactory
instanceKlass com/google/inject/internal/InjectorShell
instanceKlass com/google/inject/internal/ProvisionListenerCallbackStore
instanceKlass com/google/inject/internal/SingleMemberInjector
instanceKlass com/google/inject/spi/TypeEncounter
instanceKlass com/google/inject/internal/MembersInjectorStore
instanceKlass com/google/inject/internal/TypeConverterBindingProcessor$4
instanceKlass com/google/inject/internal/TypeConverterBindingProcessor$2
instanceKlass com/google/inject/internal/TypeConverterBindingProcessor$1
instanceKlass com/google/inject/internal/TypeConverterBindingProcessor$5
instanceKlass com/google/inject/internal/FailableCache
instanceKlass com/google/inject/internal/ConstructorInjectorStore
instanceKlass com/google/inject/internal/DeferredLookups
instanceKlass com/google/inject/spi/ProviderBinding
instanceKlass com/google/inject/spi/ConvertedConstantBinding
instanceKlass com/google/inject/internal/InjectorImpl
instanceKlass com/google/inject/internal/Lookups
instanceKlass com/google/inject/internal/InjectorImpl$InjectorOptions
instanceKlass org/eclipse/sisu/wire/BeanProviders$3
instanceKlass org/sonatype/inject/BeanEntry
instanceKlass org/eclipse/sisu/BeanEntry
instanceKlass com/google/inject/internal/ProvisionListenerStackCallback$ProvisionCallback
instanceKlass com/google/inject/internal/ConstructorInjector
instanceKlass com/google/inject/internal/DefaultConstructionProxyFactory$FastClassProxy
instanceKlass com/google/inject/internal/aop/ImmutableStringTrie
instanceKlass java/util/function/ToIntFunction
instanceKlass org/apache/maven/plugin/internal/DefaultPluginDependenciesResolver$$FastClassByGuice$$62423
instanceKlass com/google/inject/internal/aop/GeneratedClassDefiner
instanceKlass com/google/inject/internal/aop/UnsafeClassDefiner$ClassLoaderDefineClassHolder
instanceKlass com/google/inject/internal/aop/BytecodeTasks
instanceKlass org/objectweb/asm/Handle
instanceKlass org/objectweb/asm/Label
instanceKlass com/google/inject/internal/aop/AbstractGlueGenerator
instanceKlass org/objectweb/asm/Type
instanceKlass jdk/internal/vm/annotation/ForceInline
instanceKlass com/google/inject/internal/aop/HiddenClassDefiner
instanceKlass jdk/internal/reflect/UnsafeFieldAccessorFactory
instanceKlass sun/misc/Unsafe
instanceKlass com/google/inject/internal/aop/AnonymousClassDefiner
instanceKlass com/google/inject/internal/aop/UnsafeClassDefiner
instanceKlass com/google/inject/internal/aop/ClassDefining$ClassDefinerHolder
instanceKlass com/google/inject/internal/aop/ClassDefiner
instanceKlass com/google/inject/internal/aop/ClassDefining
instanceKlass com/google/inject/internal/BytecodeGen$EnhancerBuilder
instanceKlass com/google/inject/internal/aop/ClassBuilding
instanceKlass com/google/common/collect/MapMakerInternalMap$StrongValueEntry
instanceKlass com/google/common/collect/MapMakerInternalMap$WeakKeyStrongValueEntry$Helper
instanceKlass com/google/common/collect/MapMakerInternalMap$InternalEntry
instanceKlass com/google/common/collect/MapMakerInternalMap$1
instanceKlass com/google/common/collect/MapMakerInternalMap$InternalEntryHelper
instanceKlass com/google/common/collect/MapMakerInternalMap$WeakValueReference
instanceKlass com/google/common/collect/MapMaker
instanceKlass com/google/inject/internal/BytecodeGen
instanceKlass com/google/inject/internal/ConstructionProxy
instanceKlass com/google/inject/internal/DefaultConstructionProxyFactory
instanceKlass com/google/inject/internal/ConstructionProxyFactory
instanceKlass com/google/inject/internal/ConstructorBindingImpl$Factory
instanceKlass org/eclipse/sisu/inject/TypeArguments$Implicit
instanceKlass org/eclipse/sisu/wire/PlaceholderBeanProvider
instanceKlass org/eclipse/sisu/wire/BeanProviders$4
instanceKlass org/eclipse/sisu/wire/BeanProviders$6
instanceKlass org/eclipse/sisu/wire/BeanProviders$7
instanceKlass org/eclipse/sisu/wire/BeanProviders$1
instanceKlass com/google/inject/spi/ProviderLookup$1
instanceKlass com/google/inject/spi/ProviderWithDependencies
instanceKlass com/google/inject/spi/ProviderLookup
instanceKlass org/eclipse/sisu/wire/BeanProviders
instanceKlass org/eclipse/sisu/inject/HiddenSource
instanceKlass org/eclipse/sisu/wire/LocatorWiring
instanceKlass com/google/inject/ProvidedBy
instanceKlass com/google/inject/ImplementedBy
instanceKlass org/sonatype/plexus/components/cipher/PBECipher
instanceKlass org/codehaus/classworlds/ClassRealm
instanceKlass org/apache/maven/settings/crypto/SettingsDecryptionResult
instanceKlass org/apache/maven/settings/building/DefaultSettingsProblemCollector
instanceKlass org/apache/maven/settings/merge/MavenSettingsMerger
instanceKlass org/apache/maven/settings/building/SettingsBuildingResult
instanceKlass org/apache/maven/settings/building/SettingsProblemCollector
instanceKlass org/eclipse/aether/impl/MetadataGenerator
instanceKlass org/apache/maven/model/Relocation
instanceKlass org/apache/maven/repository/internal/ArtifactDescriptorReaderDelegate
instanceKlass org/eclipse/aether/named/support/AdaptedSemaphoreNamedLock$AdaptedSemaphore
instanceKlass org/eclipse/aether/named/support/NamedLockFactorySupport$NamedLockHolder
instanceKlass org/eclipse/aether/named/support/NamedLockSupport
instanceKlass org/eclipse/aether/named/NamedLock
instanceKlass org/eclipse/aether/internal/impl/synccontext/named/NamedLockFactoryAdapter
instanceKlass org/eclipse/aether/spi/log/Logger
instanceKlass org/eclipse/aether/internal/impl/filter/PrefixesRemoteRepositoryFilterSource$Node
instanceKlass org/eclipse/aether/spi/connector/filter/RemoteRepositoryFilter$Result
instanceKlass org/eclipse/aether/spi/connector/filter/RemoteRepositoryFilter
instanceKlass org/eclipse/aether/collection/DependencyTraverser
instanceKlass org/eclipse/aether/collection/DependencyManager
instanceKlass org/eclipse/aether/internal/impl/collect/df/DfDependencyCollector$Args
instanceKlass org/eclipse/aether/internal/impl/collect/bf/BfDependencyCollector$DescriptorResolutionResult
instanceKlass org/eclipse/aether/internal/impl/collect/bf/BfDependencyCollector$Args
instanceKlass org/eclipse/aether/internal/impl/collect/bf/DependencyProcessingContext
instanceKlass org/eclipse/aether/internal/impl/collect/bf/DependencyResolutionSkipper
instanceKlass org/eclipse/aether/graph/DefaultDependencyNode
instanceKlass org/eclipse/aether/version/Version
instanceKlass org/eclipse/aether/internal/impl/collect/PremanagedDependency
instanceKlass org/eclipse/aether/internal/impl/collect/DependencyCollectorDelegate$Results
instanceKlass org/eclipse/aether/internal/impl/collect/DefaultDependencyCollectionContext
instanceKlass org/eclipse/aether/collection/DependencyCollectionContext
instanceKlass org/eclipse/aether/internal/impl/collect/DataPool
instanceKlass org/eclipse/aether/internal/impl/collect/DefaultVersionFilterContext
instanceKlass org/eclipse/aether/collection/VersionFilter
instanceKlass org/eclipse/aether/collection/VersionFilter$VersionFilterContext
instanceKlass org/eclipse/aether/collection/DependencyGraphTransformationContext
instanceKlass org/eclipse/aether/spi/connector/Transfer
instanceKlass org/eclipse/aether/internal/impl/checksum/SummaryFileTrustedChecksumsSource$SummaryFileWriter
instanceKlass org/eclipse/aether/internal/impl/checksum/SparseDirectoryTrustedChecksumsSource$SparseDirectoryWriter
instanceKlass org/eclipse/aether/spi/checksums/TrustedChecksumsSource$Writer
instanceKlass org/eclipse/aether/spi/connector/checksum/ChecksumAlgorithm
instanceKlass org/eclipse/aether/impl/UpdateCheck
instanceKlass org/eclipse/aether/spi/connector/transport/Transporter
instanceKlass java/nio/channels/FileLock
instanceKlass org/eclipse/aether/collection/CollectResult
instanceKlass org/eclipse/aether/collection/CollectRequest
instanceKlass org/eclipse/aether/resolution/DependencyResult
instanceKlass org/eclipse/aether/resolution/DependencyRequest
instanceKlass org/eclipse/aether/resolution/VersionRangeResult
instanceKlass org/eclipse/aether/resolution/VersionRangeRequest
instanceKlass org/eclipse/aether/resolution/ArtifactDescriptorRequest
instanceKlass org/eclipse/aether/resolution/VersionRequest
instanceKlass java/util/concurrent/atomic/AtomicBoolean
instanceKlass org/eclipse/aether/spi/connector/layout/RepositoryLayout
instanceKlass org/eclipse/aether/RepositoryEvent
instanceKlass org/eclipse/aether/repository/LocalRepository
instanceKlass org/eclipse/aether/internal/impl/LocalPathPrefixComposer
instanceKlass org/eclipse/aether/transform/FileTransformer
instanceKlass org/eclipse/aether/installation/InstallResult
instanceKlass org/eclipse/aether/installation/InstallRequest
instanceKlass org/eclipse/aether/spi/io/FileProcessor$ProgressListener
instanceKlass org/eclipse/aether/deployment/DeployResult
instanceKlass org/eclipse/aether/internal/impl/DefaultDeployer$EventCatapult
instanceKlass org/eclipse/aether/repository/RepositoryPolicy
instanceKlass org/eclipse/aether/deployment/DeployRequest
instanceKlass org/eclipse/aether/transfer/TransferResource
instanceKlass org/eclipse/aether/spi/connector/checksum/ChecksumPolicy
instanceKlass org/eclipse/aether/resolution/ArtifactRequest
instanceKlass org/eclipse/aether/resolution/VersionResult
instanceKlass org/eclipse/aether/repository/LocalArtifactResult
instanceKlass org/eclipse/aether/internal/impl/DefaultArtifactResolver$ResolutionGroup
instanceKlass org/eclipse/aether/SyncContext
instanceKlass org/eclipse/aether/spi/locator/ServiceLocator
instanceKlass org/eclipse/aether/repository/RemoteRepository
instanceKlass org/eclipse/aether/spi/connector/RepositoryConnector
instanceKlass org/apache/maven/model/validation/DefaultModelValidator$1ActivationFrame
instanceKlass org/apache/maven/model/profile/activation/JdkVersionProfileActivator$RangeValue
instanceKlass org/apache/maven/model/InputLocation
instanceKlass org/apache/maven/model/InputSource
instanceKlass org/apache/maven/model/interpolation/StringVisitorModelInterpolator$InnerInterpolator
instanceKlass org/apache/maven/model/ActivationProperty
instanceKlass org/apache/maven/model/Activation
instanceKlass org/apache/maven/model/ActivationFile
instanceKlass org/apache/maven/model/ActivationOS
instanceKlass org/codehaus/plexus/interpolation/RegexBasedInterpolator
instanceKlass org/apache/maven/model/profile/DefaultProfileActivationContext
instanceKlass org/apache/maven/model/building/ModelBuildingEventCatapult
instanceKlass org/apache/maven/model/building/ModelData
instanceKlass org/apache/maven/model/building/DefaultModelProblemCollector
instanceKlass org/apache/maven/model/building/ModelCacheTag
instanceKlass org/apache/maven/model/building/ModelBuildingEvent
instanceKlass org/apache/maven/model/building/ModelProblemCollectorExt
instanceKlass org/apache/maven/model/profile/ProfileActivationContext
instanceKlass org/apache/maven/cli/internal/extension/model/CoreExtension
instanceKlass org/apache/maven/building/ProblemCollector
instanceKlass org/apache/maven/toolchain/merge/MavenToolchainMerger
instanceKlass org/apache/maven/toolchain/building/ToolchainsBuildingResult
instanceKlass org/codehaus/plexus/interpolation/InterpolationPostProcessor
instanceKlass org/eclipse/aether/graph/Dependency
instanceKlass org/eclipse/aether/resolution/ArtifactDescriptorResult
instanceKlass org/apache/maven/plugin/internal/DefaultPluginValidationManager$PluginValidationIssues
instanceKlass com/google/inject/util/Types
instanceKlass org/eclipse/sisu/Nullable
instanceKlass org/eclipse/aether/repository/AuthenticationSelector
instanceKlass org/eclipse/aether/repository/ProxySelector
instanceKlass org/eclipse/aether/repository/MirrorSelector
instanceKlass org/eclipse/aether/resolution/ResolutionErrorPolicy
instanceKlass org/eclipse/aether/repository/LocalRepositoryManager
instanceKlass org/apache/maven/classrealm/ClassRealmManagerDelegate
instanceKlass org/apache/maven/classrealm/ClassRealmConstituent
instanceKlass org/apache/maven/classrealm/ClassRealmRequest
instanceKlass org/eclipse/aether/repository/WorkspaceRepository
instanceKlass org/apache/maven/ArtifactFilterManagerDelegate
instanceKlass org/apache/maven/repository/legacy/resolver/conflict/NewestConflictResolver
instanceKlass org/apache/maven/plugin/PluginDescriptorCache$PluginDescriptorSupplier
instanceKlass org/apache/maven/plugin/PluginDescriptorCache$Key
instanceKlass org/apache/maven/plugin/DefaultPluginDescriptorCache
instanceKlass org/apache/maven/settings/building/SettingsBuildingRequest
instanceKlass org/apache/maven/plugin/PluginArtifactsCache$CacheRecord
instanceKlass org/apache/maven/plugin/PluginArtifactsCache$Key
instanceKlass org/apache/maven/plugin/DefaultPluginArtifactsCache
instanceKlass org/apache/maven/project/DefaultProjectBuildingHelper
instanceKlass org/apache/maven/execution/ProjectExecutionListener
instanceKlass org/apache/maven/artifact/repository/DefaultArtifactRepositoryFactory
instanceKlass org/apache/maven/rtinfo/internal/DefaultRuntimeInformation
instanceKlass org/eclipse/aether/DefaultRepositorySystemSession
instanceKlass org/apache/maven/execution/MavenExecutionResult
instanceKlass org/apache/maven/DefaultMaven
instanceKlass org/apache/maven/plugin/version/internal/DefaultPluginVersionResult
instanceKlass org/apache/maven/plugin/version/internal/DefaultPluginVersionResolver$Versions
instanceKlass org/apache/maven/plugin/version/internal/DefaultPluginVersionResolver$Key
instanceKlass org/apache/maven/plugin/version/PluginVersionResult
instanceKlass org/eclipse/aether/version/VersionScheme
instanceKlass org/apache/maven/plugin/version/internal/DefaultPluginVersionResolver
instanceKlass org/apache/maven/profiles/ProfilesRoot
instanceKlass org/apache/maven/toolchain/DefaultToolchainsBuilder
instanceKlass org/apache/maven/lifecycle/internal/ProjectSegment
instanceKlass org/apache/maven/lifecycle/internal/builder/multithreaded/ThreadOutputMuxer
instanceKlass org/apache/maven/lifecycle/internal/builder/multithreaded/ConcurrencyDependencyGraph
instanceKlass java/util/concurrent/CompletionService
instanceKlass org/apache/maven/lifecycle/internal/builder/multithreaded/MultiThreadedBuilder
instanceKlass org/apache/maven/repository/legacy/repository/DefaultArtifactRepositoryFactory
instanceKlass org/apache/maven/repository/legacy/resolver/conflict/DefaultConflictResolverFactory
instanceKlass org/apache/maven/lifecycle/internal/DefaultLifecycleTaskSegmentCalculator
instanceKlass org/eclipse/aether/RepositoryListener
instanceKlass org/apache/maven/repository/legacy/resolver/conflict/FarthestConflictResolver
instanceKlass org/apache/maven/exception/ExceptionSummary
instanceKlass org/apache/maven/exception/DefaultExceptionHandler
instanceKlass org/apache/maven/artifact/repository/layout/FlatRepositoryLayout
instanceKlass org/apache/maven/model/Reporting
instanceKlass org/apache/maven/model/PluginContainer
instanceKlass org/apache/maven/project/inheritance/DefaultModelInheritanceAssembler
instanceKlass org/apache/maven/plugin/ExtensionRealmCache$Key
instanceKlass org/apache/maven/plugin/DefaultExtensionRealmCache
instanceKlass org/apache/maven/plugin/PluginRealmCache$PluginRealmSupplier
instanceKlass org/apache/maven/plugin/PluginRealmCache$Key
instanceKlass org/apache/maven/plugin/DefaultPluginRealmCache
instanceKlass org/apache/maven/repository/DefaultMirrorSelector
instanceKlass org/apache/maven/lifecycle/internal/PhaseRecorder
instanceKlass org/apache/maven/lifecycle/internal/DependencyContext
instanceKlass org/apache/maven/lifecycle/internal/ProjectIndex
instanceKlass org/apache/maven/plugin/MojoExecutionRunner
instanceKlass org/apache/maven/lifecycle/mapping/LifecyclePhase
instanceKlass org/apache/maven/lifecycle/internal/DefaultLifecyclePluginAnalyzer$GoalSpec
instanceKlass org/apache/maven/lifecycle/internal/DefaultLifecyclePluginAnalyzer
instanceKlass org/apache/maven/project/artifact/DefaultMavenMetadataCache$CacheKey
instanceKlass org/apache/maven/project/artifact/DefaultMavenMetadataCache
instanceKlass org/apache/maven/lifecycle/internal/TaskSegment
instanceKlass org/apache/maven/execution/BuildSummary
instanceKlass org/apache/maven/configuration/BeanConfigurationRequest
instanceKlass org/codehaus/plexus/component/configurator/converters/lookup/ConverterLookup
instanceKlass org/apache/maven/configuration/internal/DefaultBeanConfigurator
instanceKlass org/apache/maven/project/ReactorModelPool
instanceKlass org/apache/maven/model/building/ModelBuildingResult
instanceKlass org/apache/maven/project/DefaultProjectBuilder$InternalConfig
instanceKlass org/apache/maven/model/resolution/ModelResolver
instanceKlass org/apache/maven/project/ProjectBuildingResult
instanceKlass org/apache/maven/model/building/ModelBuildingListener
instanceKlass org/apache/maven/model/building/ModelCache
instanceKlass org/apache/maven/project/DefaultProjectBuilder
instanceKlass org/apache/maven/lifecycle/DefaultLifecycleExecutor
instanceKlass org/apache/maven/profiles/ProfileManager
instanceKlass org/apache/maven/project/DefaultMavenProjectBuilder
instanceKlass org/apache/maven/project/path/DefaultPathTranslator
instanceKlass org/apache/maven/lifecycle/internal/ReactorBuildStatus
instanceKlass org/apache/maven/lifecycle/internal/ReactorContext
instanceKlass org/apache/maven/lifecycle/internal/builder/singlethreaded/SingleThreadedBuilder
instanceKlass org/sonatype/plexus/components/sec/dispatcher/PasswordDecryptor
instanceKlass sun/reflect/generics/tree/MethodTypeSignature
instanceKlass sun/reflect/generics/tree/VoidDescriptor
instanceKlass org/sonatype/plexus/components/sec/dispatcher/model/SettingsSecurity
instanceKlass org/apache/maven/project/ProjectRealmCache$CacheRecord
instanceKlass org/apache/maven/project/ProjectRealmCache$Key
instanceKlass org/apache/maven/project/DefaultProjectRealmCache
instanceKlass org/apache/maven/plugin/internal/DefaultPluginManager
instanceKlass org/apache/maven/artifact/handler/manager/DefaultArtifactHandlerManager
instanceKlass org/apache/maven/plugin/PluginRealmCache$CacheRecord
instanceKlass org/eclipse/aether/util/graph/visitor/AbstractDepthFirstNodeListGenerator
instanceKlass org/apache/maven/plugin/ExtensionRealmCache$CacheRecord
instanceKlass org/apache/maven/plugin/descriptor/PluginDescriptorBuilder
instanceKlass org/codehaus/plexus/component/configurator/expression/ExpressionEvaluator
instanceKlass org/codehaus/plexus/configuration/PlexusConfiguration
instanceKlass org/apache/maven/plugin/logging/Log
instanceKlass org/codehaus/plexus/component/configurator/ConfigurationListener
instanceKlass org/apache/maven/plugin/internal/DefaultMavenPluginManager
instanceKlass org/apache/maven/model/building/Result
instanceKlass org/apache/maven/model/building/ModelSource
instanceKlass org/apache/maven/execution/ProjectDependencyGraph
instanceKlass org/apache/maven/graph/DefaultGraphBuilder
instanceKlass org/apache/maven/repository/metadata/ClasspathContainer
instanceKlass org/apache/maven/repository/metadata/DefaultClasspathTransformation
instanceKlass org/apache/maven/artifact/repository/metadata/io/DefaultMetadataReader
instanceKlass org/apache/maven/artifact/repository/metadata/Versioning
instanceKlass org/apache/maven/repository/legacy/resolver/conflict/NearestConflictResolver
instanceKlass org/apache/http/config/Registry
instanceKlass org/apache/http/impl/conn/PoolingHttpClientConnectionManager
instanceKlass org/apache/http/pool/ConnPoolControl
instanceKlass org/apache/http/client/methods/CloseableHttpResponse
instanceKlass org/apache/http/HttpResponse
instanceKlass org/apache/maven/wagon/shared/http/BasicAuthScope
instanceKlass org/apache/maven/wagon/shared/http/HttpConfiguration
instanceKlass org/apache/http/impl/client/CloseableHttpClient
instanceKlass org/apache/http/client/HttpClient
instanceKlass org/apache/http/conn/ssl/TrustStrategy
instanceKlass org/apache/http/ssl/TrustStrategy
instanceKlass org/apache/http/client/RedirectStrategy
instanceKlass org/apache/http/config/Lookup
instanceKlass org/apache/http/client/HttpRequestRetryHandler
instanceKlass org/apache/http/auth/Credentials
instanceKlass org/apache/http/client/AuthCache
instanceKlass org/apache/http/client/CredentialsProvider
instanceKlass org/apache/http/Header
instanceKlass org/apache/http/NameValuePair
instanceKlass org/apache/http/client/ServiceUnavailableRetryStrategy
instanceKlass org/apache/http/protocol/HttpContext
instanceKlass org/apache/http/client/methods/HttpUriRequest
instanceKlass org/apache/http/HttpRequest
instanceKlass org/apache/http/HttpMessage
instanceKlass org/apache/http/auth/AuthScheme
instanceKlass org/apache/http/HttpEntity
instanceKlass org/apache/http/conn/HttpClientConnectionManager
instanceKlass org/apache/maven/repository/legacy/resolver/transform/DefaultArtifactTransformationManager
instanceKlass org/apache/maven/settings/RepositoryBase
instanceKlass org/apache/maven/settings/RepositoryPolicy
instanceKlass org/apache/maven/repository/metadata/DefaultGraphConflictResolutionPolicy
instanceKlass org/apache/maven/project/DefaultDependencyResolutionResult
instanceKlass org/apache/maven/project/DependencyResolutionRequest
instanceKlass org/apache/maven/project/DependencyResolutionResult
instanceKlass org/apache/maven/project/DefaultProjectDependenciesResolver
instanceKlass org/apache/maven/project/artifact/ProjectArtifactsCache$CacheRecord
instanceKlass org/apache/maven/project/artifact/ProjectArtifactsCache$Key
instanceKlass org/apache/maven/project/artifact/DefaultProjectArtifactsCache
instanceKlass org/apache/maven/lifecycle/internal/DefaultLifecycleExecutionPlanCalculator
instanceKlass org/apache/maven/artifact/repository/layout/DefaultRepositoryLayout
instanceKlass org/apache/maven/project/ProjectBuilderConfiguration
instanceKlass org/apache/maven/artifact/resolver/DefaultArtifactResolver
instanceKlass org/codehaus/plexus/component/repository/ComponentSetDescriptor
instanceKlass org/apache/maven/plugin/DefaultBuildPluginManager
instanceKlass org/apache/maven/artifact/resolver/DefaultResolutionErrorHandler
instanceKlass org/apache/maven/toolchain/DefaultToolchainManager
instanceKlass org/eclipse/aether/RequestTrace
instanceKlass org/apache/maven/plugin/prefix/PluginPrefixRequest
instanceKlass org/eclipse/aether/repository/ArtifactRepository
instanceKlass org/apache/maven/plugin/prefix/PluginPrefixResult
instanceKlass org/eclipse/aether/metadata/Metadata
instanceKlass org/apache/maven/plugin/prefix/internal/DefaultPluginPrefixResolver
instanceKlass org/apache/maven/toolchain/model/TrackableBase
instanceKlass org/apache/maven/toolchain/DefaultToolchain
instanceKlass org/apache/maven/toolchain/ToolchainPrivate
instanceKlass org/apache/maven/toolchain/java/JavaToolchain
instanceKlass org/apache/maven/toolchain/Toolchain
instanceKlass org/apache/maven/toolchain/java/JavaToolchainFactory
instanceKlass org/apache/maven/lifecycle/MavenExecutionPlan
instanceKlass org/apache/maven/lifecycle/internal/ProjectBuildList
instanceKlass org/apache/maven/model/building/ModelProblem
instanceKlass org/apache/maven/project/artifact/MavenMetadataSource$ProjectRelocation
instanceKlass org/apache/maven/artifact/repository/metadata/Metadata
instanceKlass org/apache/maven/repository/legacy/metadata/ResolutionGroup
instanceKlass org/apache/maven/project/artifact/MavenMetadataSource
instanceKlass org/apache/maven/artifact/repository/metadata/RepositoryMetadata
instanceKlass org/codehaus/plexus/logging/AbstractLogEnabled
instanceKlass org/apache/maven/lifecycle/internal/DefaultLifecycleMappingDelegate
instanceKlass org/apache/maven/repository/legacy/resolver/conflict/OldestConflictResolver
instanceKlass org/apache/maven/plugin/descriptor/Parameter
instanceKlass org/apache/maven/lifecycle/internal/DefaultMojoExecutionConfigurator
instanceKlass org/apache/maven/plugin/version/PluginVersionRequest
instanceKlass org/apache/maven/model/RepositoryBase
instanceKlass org/apache/maven/model/Dependency
instanceKlass org/apache/maven/repository/Proxy
instanceKlass org/apache/maven/settings/TrackableBase
instanceKlass org/apache/maven/artifact/repository/Authentication
instanceKlass org/apache/maven/repository/ArtifactTransferListener
instanceKlass org/apache/maven/artifact/repository/ArtifactRepositoryPolicy
instanceKlass org/apache/maven/model/RepositoryPolicy
instanceKlass org/apache/maven/settings/crypto/SettingsDecryptionRequest
instanceKlass org/apache/maven/repository/legacy/LegacyRepositorySystem
instanceKlass org/apache/maven/plugin/internal/DefaultLegacySupport
instanceKlass org/apache/maven/repository/metadata/MetadataGraphEdge
instanceKlass org/apache/maven/repository/metadata/MetadataGraph
instanceKlass org/apache/maven/repository/metadata/MetadataGraphVertex
instanceKlass org/apache/maven/repository/metadata/DefaultGraphConflictResolver
instanceKlass org/apache/maven/artifact/handler/DefaultArtifactHandler
instanceKlass org/apache/maven/project/validation/ModelValidationResult
instanceKlass org/apache/maven/project/validation/DefaultModelValidator
instanceKlass org/apache/maven/wagon/InputData
instanceKlass org/apache/maven/wagon/OutputData
instanceKlass java/util/EventObject
instanceKlass org/apache/maven/wagon/events/SessionListener
instanceKlass org/apache/maven/wagon/resource/Resource
instanceKlass org/apache/maven/wagon/repository/RepositoryPermissions
instanceKlass org/apache/maven/wagon/events/TransferEventSupport
instanceKlass org/apache/maven/wagon/events/SessionEventSupport
instanceKlass org/apache/maven/wagon/proxy/ProxyInfoProvider
instanceKlass org/apache/maven/wagon/AbstractWagon
instanceKlass org/apache/maven/wagon/StreamingWagon
instanceKlass org/apache/maven/execution/ExecutionEvent
instanceKlass org/apache/maven/lifecycle/internal/DefaultExecutionEventCatapult
instanceKlass org/apache/maven/model/building/ModelProblemCollector
instanceKlass org/apache/maven/model/building/ModelBuildingRequest
instanceKlass org/apache/maven/model/ModelBase
instanceKlass org/apache/maven/model/merge/ModelMerger
instanceKlass org/apache/maven/model/plugin/DefaultLifecycleBindingsInjector
instanceKlass org/eclipse/aether/resolution/ArtifactResult
instanceKlass org/eclipse/aether/graph/DependencyNode
instanceKlass org/apache/maven/model/ConfigurationContainer
instanceKlass org/apache/maven/model/InputLocationTracker
instanceKlass org/eclipse/aether/graph/DependencyVisitor
instanceKlass org/eclipse/aether/collection/DependencySelector
instanceKlass org/eclipse/aether/graph/DependencyFilter
instanceKlass org/eclipse/aether/artifact/Artifact
instanceKlass org/eclipse/aether/RepositorySystemSession
instanceKlass org/eclipse/aether/resolution/ArtifactDescriptorPolicy
instanceKlass org/apache/maven/plugin/internal/DefaultPluginDependenciesResolver
instanceKlass org/apache/maven/wagon/observers/ChecksumObserver
instanceKlass org/apache/maven/wagon/authentication/AuthenticationInfo
instanceKlass org/apache/maven/wagon/proxy/ProxyInfo
instanceKlass org/apache/maven/wagon/repository/Repository
instanceKlass org/apache/maven/artifact/metadata/ArtifactMetadata
instanceKlass org/apache/maven/repository/legacy/metadata/ArtifactMetadata
instanceKlass org/apache/maven/wagon/events/TransferListener
instanceKlass org/apache/maven/repository/legacy/DefaultWagonManager
instanceKlass org/apache/maven/artifact/versioning/ArtifactVersion
instanceKlass org/apache/maven/execution/DefaultRuntimeInformation
instanceKlass org/apache/maven/artifact/factory/DefaultArtifactFactory
instanceKlass org/apache/maven/DefaultProjectDependenciesResolver
instanceKlass org/apache/maven/lifecycle/mapping/DefaultLifecycleMapping
instanceKlass org/objectweb/asm/Handler
instanceKlass org/objectweb/asm/Frame
instanceKlass org/objectweb/asm/ByteVector
instanceKlass org/objectweb/asm/Symbol
instanceKlass org/objectweb/asm/SymbolTable
instanceKlass org/objectweb/asm/FieldVisitor
instanceKlass org/objectweb/asm/MethodVisitor
instanceKlass org/objectweb/asm/ModuleVisitor
instanceKlass org/objectweb/asm/RecordComponentVisitor
instanceKlass org/apache/maven/artifact/versioning/VersionRange
instanceKlass org/apache/maven/artifact/resolver/ResolutionNode
instanceKlass org/apache/maven/artifact/repository/ArtifactRepository
instanceKlass org/apache/maven/artifact/resolver/ArtifactResolutionResult
instanceKlass org/apache/maven/artifact/resolver/ArtifactResolutionRequest
instanceKlass org/apache/maven/artifact/Artifact
instanceKlass org/apache/maven/artifact/resolver/filter/ArtifactFilter
instanceKlass org/apache/maven/repository/legacy/metadata/MetadataResolutionRequest
instanceKlass org/apache/maven/artifact/repository/RepositoryRequest
instanceKlass org/apache/maven/repository/legacy/resolver/DefaultLegacyArtifactCollector
instanceKlass com/google/inject/spi/ProviderWithExtensionVisitor
instanceKlass com/google/common/collect/Iterables
instanceKlass java/util/stream/ForEachOps$ForEachOp
instanceKlass java/util/stream/ForEachOps
instanceKlass org/eclipse/sisu/plexus/PlexusBean
instanceKlass org/codehaus/plexus/component/repository/ComponentDescriptor
instanceKlass com/google/inject/spi/ProvidesMethodBinding
instanceKlass org/eclipse/sisu/inject/Guice4
instanceKlass com/google/inject/internal/GuiceInternal
instanceKlass org/sonatype/inject/Parameters
instanceKlass org/eclipse/sisu/plexus/PlexusXmlBeanConverter
instanceKlass org/eclipse/sisu/plexus/PlexusBeanConverter
instanceKlass com/google/inject/spi/TypeConverterBinding
instanceKlass java/lang/reflect/AnnotatedParameterizedType
instanceKlass sun/reflect/generics/tree/Wildcard
instanceKlass sun/reflect/generics/tree/BottomSignature
instanceKlass org/eclipse/sisu/inject/DefaultRankingFunction
instanceKlass com/google/inject/spi/ProvisionListenerBinding
instanceKlass com/google/inject/spi/TypeListenerBinding
instanceKlass org/eclipse/sisu/bean/BeanListener
instanceKlass com/google/inject/matcher/Matchers
instanceKlass org/eclipse/sisu/bean/PropertyBinder
instanceKlass org/eclipse/sisu/plexus/PlexusBeanBinder
instanceKlass com/google/inject/spi/InjectionListener
instanceKlass org/sonatype/plexus/components/sec/dispatcher/DefaultSecDispatcher
instanceKlass org/sonatype/plexus/components/cipher/DefaultPlexusCipher
instanceKlass org/sonatype/plexus/components/cipher/PlexusCipher
instanceKlass org/codehaus/plexus/component/configurator/AbstractComponentConfigurator
instanceKlass org/codehaus/plexus/component/configurator/ComponentConfigurator
instanceKlass org/apache/maven/settings/validation/DefaultSettingsValidator
instanceKlass org/apache/maven/settings/validation/SettingsValidator
instanceKlass org/apache/maven/settings/io/DefaultSettingsWriter
instanceKlass org/apache/maven/settings/io/SettingsWriter
instanceKlass org/apache/maven/settings/io/DefaultSettingsReader
instanceKlass org/apache/maven/settings/io/SettingsReader
instanceKlass org/apache/maven/settings/crypto/DefaultSettingsDecrypter
instanceKlass org/apache/maven/settings/crypto/SettingsDecrypter
instanceKlass org/apache/maven/settings/building/DefaultSettingsBuilder
instanceKlass org/apache/maven/settings/building/SettingsBuilder
instanceKlass org/eclipse/aether/transport/wagon/WagonTransporterFactory
instanceKlass org/eclipse/aether/internal/transport/wagon/PlexusWagonProvider
instanceKlass org/eclipse/aether/transport/wagon/WagonProvider
instanceKlass org/eclipse/aether/internal/transport/wagon/PlexusWagonConfigurator
instanceKlass org/eclipse/aether/transport/wagon/WagonConfigurator
instanceKlass org/eclipse/aether/transport/http/ChecksumExtractor
instanceKlass org/eclipse/aether/transport/http/HttpTransporterFactory
instanceKlass org/eclipse/aether/transport/file/FileTransporterFactory
instanceKlass org/eclipse/aether/spi/connector/transport/TransporterFactory
instanceKlass org/apache/maven/repository/internal/VersionsMetadataGeneratorFactory
instanceKlass org/apache/maven/repository/internal/SnapshotMetadataGeneratorFactory
instanceKlass org/apache/maven/repository/internal/PluginsMetadataGeneratorFactory
instanceKlass org/eclipse/aether/impl/MetadataGeneratorFactory
instanceKlass org/apache/maven/repository/internal/DefaultVersionResolver
instanceKlass org/eclipse/aether/impl/VersionResolver
instanceKlass org/apache/maven/repository/internal/DefaultVersionRangeResolver
instanceKlass org/eclipse/aether/impl/VersionRangeResolver
instanceKlass org/apache/maven/repository/internal/DefaultModelCacheFactory
instanceKlass org/apache/maven/repository/internal/ModelCacheFactory
instanceKlass org/apache/maven/repository/internal/DefaultArtifactDescriptorReader
instanceKlass org/eclipse/aether/impl/ArtifactDescriptorReader
instanceKlass org/eclipse/aether/named/support/NamedLockFactorySupport
instanceKlass org/eclipse/aether/named/NamedLockFactory
instanceKlass org/eclipse/aether/internal/impl/synccontext/named/providers/StaticNameMapperProvider
instanceKlass org/eclipse/aether/internal/impl/synccontext/named/providers/GAVNameMapperProvider
instanceKlass org/eclipse/aether/internal/impl/synccontext/named/providers/FileStaticNameMapperProvider
instanceKlass org/eclipse/aether/internal/impl/synccontext/named/providers/FileHashingGAVNameMapperProvider
instanceKlass org/eclipse/aether/internal/impl/synccontext/named/providers/FileGAVNameMapperProvider
instanceKlass org/eclipse/aether/internal/impl/synccontext/named/NameMapper
instanceKlass org/eclipse/aether/internal/impl/synccontext/named/providers/DiscriminatingNameMapperProvider
instanceKlass org/eclipse/aether/internal/impl/synccontext/named/NamedLockFactoryAdapterFactoryImpl
instanceKlass org/eclipse/aether/internal/impl/synccontext/named/NamedLockFactoryAdapterFactory
instanceKlass org/eclipse/aether/internal/impl/synccontext/legacy/DefaultSyncContextFactory
instanceKlass org/eclipse/aether/impl/SyncContextFactory
instanceKlass org/eclipse/aether/internal/impl/synccontext/DefaultSyncContextFactory
instanceKlass org/eclipse/aether/spi/synccontext/SyncContextFactory
instanceKlass java/lang/Deprecated
instanceKlass org/eclipse/aether/internal/impl/slf4j/Slf4jLoggerFactory
instanceKlass org/eclipse/aether/internal/impl/resolution/ArtifactResolverPostProcessorSupport
instanceKlass org/eclipse/aether/internal/impl/filter/RemoteRepositoryFilterSourceSupport
instanceKlass org/eclipse/aether/spi/connector/filter/RemoteRepositoryFilterSource
instanceKlass org/eclipse/aether/spi/resolution/ArtifactResolverPostProcessor
instanceKlass org/eclipse/aether/internal/impl/filter/DefaultRemoteRepositoryFilterManager
instanceKlass org/eclipse/aether/impl/RemoteRepositoryFilterManager
instanceKlass org/eclipse/aether/internal/impl/collect/DependencyCollectorDelegate
instanceKlass org/eclipse/aether/internal/impl/collect/DefaultDependencyCollector
instanceKlass org/eclipse/aether/impl/DependencyCollector
instanceKlass org/eclipse/aether/internal/impl/checksum/TrustedToProvidedChecksumsSourceAdapter
instanceKlass org/eclipse/aether/spi/checksums/ProvidedChecksumsSource
instanceKlass org/eclipse/aether/internal/impl/checksum/FileTrustedChecksumsSourceSupport
instanceKlass org/eclipse/aether/spi/checksums/TrustedChecksumsSource
instanceKlass org/eclipse/aether/spi/connector/checksum/ChecksumAlgorithmFactorySupport
instanceKlass org/eclipse/aether/spi/connector/checksum/ChecksumAlgorithmFactory
instanceKlass org/eclipse/aether/internal/impl/checksum/DefaultChecksumAlgorithmFactorySelector
instanceKlass org/eclipse/aether/spi/connector/checksum/ChecksumAlgorithmFactorySelector
instanceKlass org/eclipse/aether/internal/impl/SimpleLocalRepositoryManagerFactory
instanceKlass org/eclipse/aether/internal/impl/Maven2RepositoryLayoutFactory
instanceKlass org/eclipse/aether/spi/connector/layout/RepositoryLayoutFactory
instanceKlass org/eclipse/aether/spi/log/LoggerFactory
instanceKlass org/eclipse/aether/internal/impl/LoggerFactoryProvider
instanceKlass org/eclipse/aether/internal/impl/EnhancedLocalRepositoryManagerFactory
instanceKlass org/eclipse/aether/spi/localrepo/LocalRepositoryManagerFactory
instanceKlass org/eclipse/aether/internal/impl/DefaultUpdatePolicyAnalyzer
instanceKlass org/eclipse/aether/impl/UpdatePolicyAnalyzer
instanceKlass org/eclipse/aether/internal/impl/DefaultUpdateCheckManager
instanceKlass org/eclipse/aether/impl/UpdateCheckManager
instanceKlass java/lang/Long$LongCache
instanceKlass org/eclipse/aether/internal/impl/DefaultTransporterProvider
instanceKlass org/eclipse/aether/spi/connector/transport/TransporterProvider
instanceKlass org/eclipse/aether/internal/impl/DefaultTrackingFileManager
instanceKlass org/eclipse/aether/internal/impl/TrackingFileManager
instanceKlass org/eclipse/aether/internal/impl/DefaultRepositorySystemLifecycle
instanceKlass org/eclipse/aether/impl/RepositorySystemLifecycle
instanceKlass org/eclipse/aether/internal/impl/DefaultRepositorySystem
instanceKlass org/eclipse/aether/RepositorySystem
instanceKlass org/eclipse/aether/internal/impl/DefaultRepositoryLayoutProvider
instanceKlass org/eclipse/aether/spi/connector/layout/RepositoryLayoutProvider
instanceKlass org/eclipse/aether/internal/impl/DefaultRepositoryEventDispatcher
instanceKlass org/eclipse/aether/impl/RepositoryEventDispatcher
instanceKlass org/eclipse/aether/internal/impl/DefaultRepositoryConnectorProvider
instanceKlass org/eclipse/aether/impl/RepositoryConnectorProvider
instanceKlass org/eclipse/aether/internal/impl/DefaultRemoteRepositoryManager
instanceKlass org/eclipse/aether/impl/RemoteRepositoryManager
instanceKlass org/eclipse/aether/internal/impl/DefaultOfflineController
instanceKlass org/eclipse/aether/impl/OfflineController
instanceKlass org/eclipse/aether/internal/impl/DefaultMetadataResolver
instanceKlass org/eclipse/aether/impl/MetadataResolver
instanceKlass org/eclipse/aether/internal/impl/DefaultLocalRepositoryProvider
instanceKlass org/eclipse/aether/impl/LocalRepositoryProvider
instanceKlass org/eclipse/aether/internal/impl/LocalPathPrefixComposerFactorySupport
instanceKlass org/eclipse/aether/internal/impl/LocalPathPrefixComposerFactory
instanceKlass org/eclipse/aether/internal/impl/DefaultLocalPathComposer
instanceKlass org/eclipse/aether/internal/impl/LocalPathComposer
instanceKlass org/eclipse/aether/internal/impl/DefaultInstaller
instanceKlass org/eclipse/aether/impl/Installer
instanceKlass org/eclipse/aether/internal/impl/DefaultFileProcessor
instanceKlass org/eclipse/aether/spi/io/FileProcessor
instanceKlass org/eclipse/aether/internal/impl/DefaultDeployer
instanceKlass org/eclipse/aether/impl/Deployer
instanceKlass org/eclipse/aether/internal/impl/DefaultChecksumPolicyProvider
instanceKlass org/eclipse/aether/spi/connector/checksum/ChecksumPolicyProvider
instanceKlass org/eclipse/aether/internal/impl/DefaultArtifactResolver
instanceKlass org/eclipse/aether/impl/ArtifactResolver
instanceKlass org/eclipse/aether/connector/basic/BasicRepositoryConnectorFactory
instanceKlass org/eclipse/aether/spi/locator/Service
instanceKlass org/eclipse/aether/spi/connector/RepositoryConnectorFactory
instanceKlass org/apache/maven/model/validation/DefaultModelValidator
instanceKlass org/apache/maven/model/validation/ModelValidator
instanceKlass org/apache/maven/model/superpom/DefaultSuperPomProvider
instanceKlass org/apache/maven/model/superpom/SuperPomProvider
instanceKlass org/apache/maven/model/profile/activation/PropertyProfileActivator
instanceKlass org/apache/maven/model/profile/activation/OperatingSystemProfileActivator
instanceKlass org/apache/maven/model/profile/activation/JdkVersionProfileActivator
instanceKlass org/apache/maven/model/profile/activation/FileProfileActivator
instanceKlass org/apache/maven/model/profile/activation/ProfileActivator
instanceKlass org/apache/maven/model/profile/DefaultProfileSelector
instanceKlass org/apache/maven/model/profile/ProfileSelector
instanceKlass org/apache/maven/model/profile/DefaultProfileInjector
instanceKlass org/apache/maven/model/profile/ProfileInjector
instanceKlass org/apache/maven/model/plugin/DefaultReportingConverter
instanceKlass org/apache/maven/model/plugin/ReportingConverter
instanceKlass org/apache/maven/model/plugin/DefaultReportConfigurationExpander
instanceKlass org/apache/maven/model/plugin/ReportConfigurationExpander
instanceKlass org/apache/maven/model/plugin/DefaultPluginConfigurationExpander
instanceKlass org/apache/maven/model/plugin/PluginConfigurationExpander
instanceKlass org/apache/maven/model/path/ProfileActivationFilePathInterpolator
instanceKlass org/apache/maven/model/path/DefaultUrlNormalizer
instanceKlass org/apache/maven/model/path/UrlNormalizer
instanceKlass org/apache/maven/model/path/DefaultPathTranslator
instanceKlass org/apache/maven/model/path/PathTranslator
instanceKlass org/apache/maven/model/path/DefaultModelUrlNormalizer
instanceKlass org/apache/maven/model/path/ModelUrlNormalizer
instanceKlass org/apache/maven/model/path/DefaultModelPathTranslator
instanceKlass org/apache/maven/model/path/ModelPathTranslator
instanceKlass org/apache/maven/model/normalization/DefaultModelNormalizer
instanceKlass org/apache/maven/model/normalization/ModelNormalizer
instanceKlass org/apache/maven/model/management/DefaultPluginManagementInjector
instanceKlass org/apache/maven/model/management/PluginManagementInjector
instanceKlass org/apache/maven/model/management/DefaultDependencyManagementInjector
instanceKlass org/apache/maven/model/management/DependencyManagementInjector
instanceKlass org/apache/maven/model/locator/DefaultModelLocator
instanceKlass org/apache/maven/model/io/DefaultModelWriter
instanceKlass org/apache/maven/model/io/ModelWriter
instanceKlass org/apache/maven/model/io/DefaultModelReader
instanceKlass org/apache/maven/model/interpolation/AbstractStringBasedModelInterpolator
instanceKlass org/apache/maven/model/interpolation/ModelInterpolator
instanceKlass org/apache/maven/model/interpolation/DefaultModelVersionProcessor
instanceKlass org/apache/maven/model/interpolation/ModelVersionProcessor
instanceKlass org/apache/maven/model/inheritance/DefaultInheritanceAssembler
instanceKlass org/apache/maven/model/inheritance/InheritanceAssembler
instanceKlass org/apache/maven/model/composition/DefaultDependencyManagementImporter
instanceKlass org/apache/maven/model/composition/DependencyManagementImporter
instanceKlass org/apache/maven/model/building/DefaultModelProcessor
instanceKlass org/apache/maven/model/building/ModelProcessor
instanceKlass org/apache/maven/model/io/ModelReader
instanceKlass org/apache/maven/model/locator/ModelLocator
instanceKlass org/apache/maven/model/building/DefaultModelBuilder
instanceKlass org/apache/maven/model/building/ModelBuilder
instanceKlass org/apache/maven/cli/internal/BootstrapCoreExtensionManager
instanceKlass org/apache/maven/cli/configuration/SettingsXmlConfigurationProcessor
instanceKlass org/apache/maven/cli/configuration/ConfigurationProcessor
instanceKlass org/apache/maven/toolchain/io/DefaultToolchainsWriter
instanceKlass org/apache/maven/toolchain/io/ToolchainsWriter
instanceKlass org/apache/maven/toolchain/io/DefaultToolchainsReader
instanceKlass org/apache/maven/toolchain/io/ToolchainsReader
instanceKlass org/apache/maven/toolchain/building/DefaultToolchainsBuilder
instanceKlass org/apache/maven/toolchain/building/ToolchainsBuilder
instanceKlass org/apache/maven/execution/MavenSession
instanceKlass org/apache/maven/session/scope/internal/SessionScope$ScopeState
instanceKlass org/apache/maven/session/scope/internal/SessionScope
instanceKlass jdk/internal/reflect/ClassDefiner$1
instanceKlass jdk/internal/reflect/ClassDefiner
instanceKlass jdk/internal/reflect/MethodAccessorGenerator$1
instanceKlass jdk/internal/reflect/Label$PatchInfo
instanceKlass jdk/internal/reflect/Label
instanceKlass jdk/internal/reflect/UTF8
instanceKlass jdk/internal/reflect/ClassFileAssembler
instanceKlass jdk/internal/reflect/ByteVectorImpl
instanceKlass jdk/internal/reflect/ByteVector
instanceKlass jdk/internal/reflect/ByteVectorFactory
instanceKlass jdk/internal/reflect/AccessorGenerator
instanceKlass jdk/internal/reflect/ClassFileConstants
instanceKlass org/apache/maven/plugin/internal/AbstractMavenPluginDependenciesValidator
instanceKlass org/apache/maven/plugin/internal/MavenPluginDependenciesValidator
instanceKlass org/apache/maven/plugin/internal/AbstractMavenPluginParametersValidator
instanceKlass org/apache/maven/plugin/internal/MavenPluginConfigurationValidator
instanceKlass org/apache/maven/eventspy/AbstractEventSpy
instanceKlass org/apache/maven/eventspy/EventSpy
instanceKlass org/apache/maven/plugin/PluginValidationManager
instanceKlass org/apache/maven/plugin/DefaultMojosExecutionStrategy
instanceKlass org/apache/maven/plugin/MojosExecutionStrategy
instanceKlass org/apache/maven/lifecycle/internal/LifecycleDependencyResolver
instanceKlass org/apache/maven/lifecycle/internal/DefaultProjectArtifactFactory
instanceKlass org/apache/maven/lifecycle/internal/ProjectArtifactFactory
instanceKlass org/apache/maven/internal/aether/ResolverLifecycle
instanceKlass org/apache/maven/internal/aether/DefaultRepositorySystemSessionFactory
instanceKlass org/apache/maven/extension/internal/CoreExportsProvider
instanceKlass org/apache/maven/plugin/MojoExecution
instanceKlass org/apache/maven/project/MavenProject
instanceKlass org/apache/maven/execution/MojoExecutionEvent
instanceKlass org/apache/maven/execution/scope/internal/MojoExecutionScope$ScopeState
instanceKlass org/apache/maven/execution/scope/MojoExecutionScoped
instanceKlass com/google/inject/RestrictedBindingSource$Permit
instanceKlass org/apache/maven/execution/scope/internal/MojoExecutionScope$1
instanceKlass org/apache/maven/execution/scope/internal/MojoExecutionScope
instanceKlass org/apache/maven/execution/MojoExecutionListener
instanceKlass org/eclipse/sisu/space/QualifiedTypeBinder$1
instanceKlass org/apache/maven/execution/DefaultMavenExecutionRequestPopulator
instanceKlass org/apache/maven/execution/MavenExecutionRequestPopulator
instanceKlass org/apache/maven/classrealm/DefaultClassRealmManager
instanceKlass org/apache/maven/classrealm/ClassRealmManager
instanceKlass org/apache/maven/SessionScoped
instanceKlass org/apache/maven/ReactorReader
instanceKlass org/apache/maven/repository/internal/MavenWorkspaceReader
instanceKlass org/eclipse/aether/repository/WorkspaceReader
instanceKlass org/eclipse/sisu/space/WildcardKey$QualifiedImpl
instanceKlass org/eclipse/sisu/space/WildcardKey$Qualified
instanceKlass org/eclipse/sisu/space/WildcardKey
instanceKlass org/eclipse/sisu/Typed
instanceKlass org/sonatype/inject/EagerSingleton
instanceKlass org/eclipse/sisu/EagerSingleton
instanceKlass org/sonatype/inject/Mediator
instanceKlass org/eclipse/sisu/inject/TypeArguments
instanceKlass org/apache/maven/DefaultArtifactFilterManager
instanceKlass org/apache/maven/ArtifactFilterManager
instanceKlass org/objectweb/asm/Context
instanceKlass org/objectweb/asm/Attribute
instanceKlass org/objectweb/asm/AnnotationVisitor
instanceKlass org/objectweb/asm/ClassReader
instanceKlass org/eclipse/sisu/space/IndexedClassFinder$1
instanceKlass jdk/internal/misc/ScopedMemoryAccess$Scope
instanceKlass org/eclipse/sisu/inject/Logs$SLF4JSink
instanceKlass org/eclipse/sisu/inject/Logs$Sink
instanceKlass org/eclipse/sisu/inject/Logs
instanceKlass org/eclipse/sisu/space/QualifierCache
instanceKlass org/eclipse/sisu/space/QualifiedTypeVisitor
instanceKlass org/eclipse/sisu/plexus/PlexusTypeVisitor$ComponentAnnotationVisitor
instanceKlass org/eclipse/sisu/space/AnnotationVisitor
instanceKlass org/eclipse/sisu/plexus/PlexusTypeVisitor
instanceKlass org/eclipse/sisu/space/ClassVisitor
instanceKlass org/eclipse/sisu/plexus/PlexusXmlBeanModule$PlexusXmlBeanSource
instanceKlass org/eclipse/sisu/inject/DescriptionSource
instanceKlass org/eclipse/sisu/inject/AnnotatedSource
instanceKlass org/eclipse/sisu/Priority
instanceKlass org/eclipse/sisu/Hidden
instanceKlass org/eclipse/sisu/Description
instanceKlass org/eclipse/sisu/inject/Sources
instanceKlass com/google/inject/Key$AnnotationInstanceStrategy
instanceKlass com/google/inject/name/NamedImpl
instanceKlass com/google/inject/name/Named
instanceKlass com/google/inject/name/Names
instanceKlass com/google/inject/internal/MoreTypes$ParameterizedTypeImpl
instanceKlass sun/reflect/generics/reflectiveObjects/ParameterizedTypeImpl
instanceKlass sun/reflect/generics/reflectiveObjects/LazyReflectiveObjectGenerator
instanceKlass org/apache/maven/wagon/Wagon
instanceKlass org/apache/maven/toolchain/ToolchainsBuilder
instanceKlass org/apache/maven/toolchain/ToolchainManagerPrivate
instanceKlass org/apache/maven/toolchain/ToolchainManager
instanceKlass org/apache/maven/toolchain/ToolchainFactory
instanceKlass org/apache/maven/settings/MavenSettingsBuilder
instanceKlass org/apache/maven/rtinfo/RuntimeInformation
instanceKlass org/apache/maven/project/artifact/ProjectArtifactsCache
instanceKlass org/apache/maven/project/artifact/MavenMetadataCache
instanceKlass org/apache/maven/project/ProjectRealmCache
instanceKlass org/apache/maven/project/ProjectDependenciesResolver
instanceKlass org/apache/maven/project/ProjectBuildingHelper
instanceKlass org/apache/maven/project/ProjectBuilder
instanceKlass org/apache/maven/project/MavenProjectHelper
instanceKlass org/apache/maven/plugin/version/PluginVersionResolver
instanceKlass org/apache/maven/plugin/prefix/PluginPrefixResolver
instanceKlass org/apache/maven/plugin/internal/PluginDependenciesResolver
instanceKlass org/apache/maven/plugin/PluginRealmCache
instanceKlass org/apache/maven/plugin/PluginManager
instanceKlass org/apache/maven/plugin/PluginDescriptorCache
instanceKlass org/apache/maven/plugin/PluginArtifactsCache
instanceKlass org/apache/maven/plugin/MavenPluginManager
instanceKlass org/apache/maven/plugin/LegacySupport
instanceKlass org/apache/maven/plugin/ExtensionRealmCache
instanceKlass org/apache/maven/plugin/BuildPluginManager
instanceKlass org/apache/maven/model/plugin/LifecycleBindingsInjector
instanceKlass org/apache/maven/lifecycle/internal/builder/BuilderCommon
instanceKlass org/apache/maven/lifecycle/internal/builder/Builder
instanceKlass org/apache/maven/lifecycle/internal/MojoExecutor
instanceKlass org/apache/maven/lifecycle/internal/MojoDescriptorCreator
instanceKlass org/apache/maven/lifecycle/internal/LifecycleTaskSegmentCalculator
instanceKlass org/apache/maven/lifecycle/internal/LifecycleStarter
instanceKlass org/apache/maven/lifecycle/internal/LifecyclePluginResolver
instanceKlass org/apache/maven/lifecycle/internal/LifecycleModuleBuilder
instanceKlass org/apache/maven/lifecycle/internal/LifecycleExecutionPlanCalculator
instanceKlass org/apache/maven/lifecycle/internal/LifecycleDebugLogger
instanceKlass org/apache/maven/lifecycle/internal/ExecutionEventCatapult
instanceKlass org/apache/maven/lifecycle/internal/BuildListCalculator
instanceKlass org/apache/maven/lifecycle/MojoExecutionConfigurator
instanceKlass org/apache/maven/lifecycle/LifecycleMappingDelegate
instanceKlass org/apache/maven/lifecycle/LifecycleExecutor
instanceKlass org/apache/maven/lifecycle/LifeCyclePluginAnalyzer
instanceKlass org/apache/maven/lifecycle/DefaultLifecycles
instanceKlass org/apache/maven/graph/GraphBuilder
instanceKlass org/apache/maven/eventspy/internal/EventSpyDispatcher
instanceKlass org/apache/maven/configuration/BeanConfigurator
instanceKlass org/apache/maven/bridge/MavenRepositorySystem
instanceKlass org/apache/maven/artifact/resolver/ResolutionErrorHandler
instanceKlass org/apache/maven/artifact/repository/metadata/io/MetadataReader
instanceKlass org/apache/maven/artifact/metadata/ArtifactMetadataSource
instanceKlass org/apache/maven/repository/legacy/metadata/ArtifactMetadataSource
instanceKlass org/apache/maven/artifact/handler/manager/ArtifactHandlerManager
instanceKlass org/apache/maven/artifact/factory/ArtifactFactory
instanceKlass org/apache/maven/ProjectDependenciesResolver
instanceKlass org/apache/maven/Maven
instanceKlass org/apache/maven/artifact/handler/ArtifactHandler
instanceKlass org/sonatype/plexus/components/sec/dispatcher/SecDispatcher
instanceKlass org/apache/maven/lifecycle/Lifecycle
instanceKlass org/eclipse/sisu/space/CloningClassSpace$1
instanceKlass org/apache/maven/lifecycle/mapping/LifecycleMapping
instanceKlass org/apache/maven/repository/metadata/GraphConflictResolver
instanceKlass org/apache/maven/repository/metadata/GraphConflictResolutionPolicy
instanceKlass org/eclipse/sisu/plexus/ConfigurationImpl
instanceKlass org/apache/maven/repository/metadata/ClasspathTransformation
instanceKlass org/apache/maven/repository/legacy/resolver/transform/ArtifactTransformationManager
instanceKlass org/apache/maven/repository/legacy/resolver/transform/ArtifactTransformation
instanceKlass org/apache/maven/repository/legacy/resolver/conflict/ConflictResolverFactory
instanceKlass org/apache/maven/repository/legacy/resolver/conflict/ConflictResolver
instanceKlass org/apache/maven/repository/legacy/repository/ArtifactRepositoryFactory
instanceKlass org/apache/maven/repository/legacy/UpdateCheckManager
instanceKlass org/apache/maven/repository/RepositorySystem
instanceKlass org/apache/maven/repository/MirrorSelector
instanceKlass org/apache/maven/project/validation/ModelValidator
instanceKlass org/apache/maven/project/path/PathTranslator
instanceKlass org/apache/maven/project/interpolation/ModelInterpolator
instanceKlass org/apache/maven/project/inheritance/ModelInheritanceAssembler
instanceKlass org/apache/maven/project/MavenProjectBuilder
instanceKlass org/apache/maven/profiles/MavenProfilesBuilder
instanceKlass org/apache/maven/execution/RuntimeInformation
instanceKlass jdk/internal/access/foreign/MemorySegmentProxy
instanceKlass org/apache/maven/artifact/resolver/ArtifactResolver
instanceKlass org/apache/maven/artifact/resolver/ArtifactCollector
instanceKlass org/apache/maven/repository/legacy/resolver/LegacyArtifactCollector
instanceKlass org/apache/maven/artifact/repository/metadata/RepositoryMetadataManager
instanceKlass org/apache/maven/artifact/repository/layout/ArtifactRepositoryLayout
instanceKlass org/apache/maven/artifact/repository/ArtifactRepositoryFactory
instanceKlass org/apache/maven/artifact/manager/WagonManager
instanceKlass org/apache/maven/repository/legacy/WagonManager
instanceKlass org/apache/maven/artifact/installer/ArtifactInstaller
instanceKlass org/eclipse/sisu/plexus/PlexusXmlMetadata
instanceKlass org/eclipse/sisu/plexus/Roles
instanceKlass org/apache/maven/artifact/deployer/ArtifactDeployer
instanceKlass org/eclipse/sisu/plexus/Hints
instanceKlass org/eclipse/sisu/space/AbstractDeferredClass
instanceKlass org/eclipse/sisu/plexus/RequirementImpl
instanceKlass org/codehaus/plexus/component/annotations/Requirement
instanceKlass org/eclipse/sisu/space/Streams
instanceKlass org/eclipse/sisu/plexus/ComponentImpl
instanceKlass org/codehaus/plexus/component/annotations/Component
instanceKlass org/eclipse/sisu/plexus/PlexusTypeRegistry
instanceKlass org/eclipse/sisu/plexus/PlexusXmlScanner
instanceKlass org/eclipse/sisu/space/QualifiedTypeBinder
instanceKlass org/eclipse/sisu/plexus/PlexusTypeBinder
instanceKlass com/google/inject/spi/InjectionRequest
instanceKlass org/eclipse/sisu/bean/BeanProperty
instanceKlass com/google/common/collect/ObjectArrays
instanceKlass com/google/inject/internal/Nullability
instanceKlass com/google/inject/internal/KotlinSupport$KotlinUnsupported
instanceKlass com/google/inject/internal/KotlinSupport$KotlinSupportHolder
instanceKlass com/google/inject/internal/KotlinSupportInterface
instanceKlass com/google/inject/internal/KotlinSupport
instanceKlass com/google/inject/spi/InjectionPoint$OverrideIndex
instanceKlass org/eclipse/sisu/inject/RankedBindings
instanceKlass org/eclipse/sisu/Mediator
instanceKlass sun/reflect/generics/tree/TypeVariableSignature
instanceKlass com/google/inject/Inject
instanceKlass javax/inject/Inject
instanceKlass java/lang/reflect/WildcardType
instanceKlass com/google/inject/spi/InjectionPoint$InjectableMembers
instanceKlass com/google/inject/spi/InjectionPoint$InjectableMember
instanceKlass com/google/inject/spi/InjectionPoint
instanceKlass java/lang/reflect/ParameterizedType
instanceKlass com/google/inject/internal/MoreTypes$GenericArrayTypeImpl
instanceKlass com/google/inject/internal/MoreTypes$CompositeType
instanceKlass com/google/inject/Key$AnnotationTypeStrategy
instanceKlass com/google/common/cache/LocalCache$StrongValueReference
instanceKlass com/google/common/util/concurrent/AbstractFuture$Failure
instanceKlass com/google/common/util/concurrent/AbstractFuture$Cancellation
instanceKlass com/google/common/util/concurrent/AbstractFuture$DelegatingToFuture
instanceKlass com/google/common/util/concurrent/Platform
instanceKlass com/google/common/util/concurrent/Uninterruptibles
instanceKlass com/google/common/util/concurrent/AbstractFuture$Listener
instanceKlass com/google/common/util/concurrent/AbstractFutureState$Waiter
instanceKlass com/google/common/util/concurrent/LazyLogger
instanceKlass java/util/concurrent/Executor
instanceKlass com/google/common/util/concurrent/AbstractFutureState$AtomicHelper
instanceKlass com/google/common/util/concurrent/internal/InternalFutureFailureAccess
instanceKlass com/google/common/util/concurrent/AbstractFuture$Trusted
instanceKlass com/google/common/util/concurrent/ListenableFuture
instanceKlass java/lang/invoke/VarHandle$AccessDescriptor
instanceKlass java/lang/annotation/Documented
instanceKlass java/lang/annotation/Target
instanceKlass javax/inject/Named
instanceKlass javax/inject/Qualifier
instanceKlass com/google/inject/BindingAnnotation
instanceKlass javax/inject/Scope
instanceKlass com/google/inject/ScopeAnnotation
instanceKlass com/google/inject/internal/Annotations$AnnotationChecker
instanceKlass java/lang/reflect/Proxy$ProxyBuilder$1
instanceKlass jdk/internal/org/objectweb/asm/Edge
instanceKlass java/lang/reflect/ProxyGenerator$PrimitiveTypeInfo
instanceKlass java/util/StringJoiner
instanceKlass java/lang/reflect/ProxyGenerator$ProxyMethod
instanceKlass java/lang/WeakPairMap$Pair$Lookup
instanceKlass java/lang/WeakPairMap$Pair
instanceKlass java/lang/WeakPairMap
instanceKlass java/lang/Module$ReflectionData
instanceKlass jdk/internal/module/Checks
instanceKlass java/lang/module/ModuleDescriptor$Builder
instanceKlass java/lang/PublicMethods
instanceKlass java/util/Collections$1
instanceKlass java/lang/reflect/Proxy$ProxyBuilder
instanceKlass java/lang/ClassValue$Version
instanceKlass java/lang/ClassValue$Identity
instanceKlass java/lang/ClassValue
instanceKlass java/lang/reflect/Proxy
instanceKlass sun/reflect/annotation/AnnotationInvocationHandler
instanceKlass sun/reflect/annotation/AnnotationParser$1
instanceKlass sun/reflect/annotation/ExceptionProxy
instanceKlass java/lang/annotation/Inherited
instanceKlass java/lang/annotation/Retention
instanceKlass sun/reflect/annotation/AnnotationType$1
instanceKlass sun/reflect/annotation/AnnotationType
instanceKlass java/lang/reflect/GenericArrayType
instanceKlass sun/reflect/generics/visitor/Reifier
instanceKlass sun/reflect/generics/visitor/TypeTreeVisitor
instanceKlass sun/reflect/generics/factory/CoreReflectionFactory
instanceKlass sun/reflect/generics/factory/GenericsFactory
instanceKlass sun/reflect/generics/scope/AbstractScope
instanceKlass sun/reflect/generics/scope/Scope
instanceKlass com/google/inject/internal/Annotations$TestAnnotation
instanceKlass com/google/inject/internal/Annotations$AnnotationToStringConfig
instanceKlass com/google/common/base/Joiner$MapJoiner
instanceKlass com/google/common/base/Joiner
instanceKlass java/lang/reflect/InvocationHandler
instanceKlass com/google/inject/internal/Annotations
instanceKlass org/eclipse/sisu/Parameters
instanceKlass org/eclipse/sisu/wire/ParameterKeys
instanceKlass com/google/inject/internal/util/StackTraceElements$InMemoryStackTraceElement
instanceKlass com/google/inject/internal/util/StackTraceElements
instanceKlass org/eclipse/sisu/wire/TypeConverterCache
instanceKlass com/google/inject/internal/Scoping
instanceKlass com/google/inject/internal/InternalFactory
instanceKlass java/lang/StackTraceElement$HashedModules
instanceKlass com/google/inject/internal/InternalFlags$1
instanceKlass com/google/inject/internal/InternalFlags
instanceKlass com/google/inject/spi/ConstructorBinding
instanceKlass com/google/inject/internal/DelayedInitialize
instanceKlass com/google/inject/spi/ProviderKeyBinding
instanceKlass com/google/inject/spi/ProviderInstanceBinding
instanceKlass com/google/inject/spi/InstanceBinding
instanceKlass com/google/inject/spi/HasDependencies
instanceKlass com/google/inject/spi/LinkedKeyBinding
instanceKlass com/google/inject/spi/UntargettedBinding
instanceKlass com/google/inject/internal/BindingImpl
instanceKlass com/google/inject/Key$AnnotationStrategy
instanceKlass org/eclipse/sisu/wire/ElementAnalyzer$1
instanceKlass com/google/inject/util/Modules$EmptyModule
instanceKlass com/google/inject/util/Modules$OverriddenModuleBuilder
instanceKlass com/google/inject/util/Modules
instanceKlass java/util/stream/Nodes$ArrayNode
instanceKlass java/util/stream/Node$Builder
instanceKlass java/util/stream/Node$OfDouble
instanceKlass java/util/stream/Node$OfLong
instanceKlass java/util/stream/Node$OfInt
instanceKlass java/util/stream/Node$OfPrimitive
instanceKlass java/util/stream/Nodes$EmptyNode
instanceKlass java/util/stream/Node
instanceKlass java/util/stream/Nodes
instanceKlass java/util/function/IntFunction
instanceKlass java/util/stream/SortedOps
instanceKlass com/google/common/collect/Ordering
instanceKlass com/google/inject/internal/DeclaredMembers
instanceKlass com/google/common/base/ExtraObjectsMethodsForWeb
instanceKlass com/google/common/collect/ImmutableMap$Builder
instanceKlass com/google/inject/internal/MoreTypes
instanceKlass com/google/inject/multibindings/ProvidesIntoOptional
instanceKlass com/google/inject/multibindings/ProvidesIntoMap
instanceKlass com/google/inject/multibindings/ProvidesIntoSet
instanceKlass com/google/inject/Provides
instanceKlass javax/inject/Singleton
instanceKlass com/google/inject/spi/ElementSource
instanceKlass com/google/inject/spi/ScopeBinding
instanceKlass com/google/inject/Scopes$2
instanceKlass com/google/inject/Scopes$1
instanceKlass com/google/inject/internal/SingletonScope
instanceKlass com/google/inject/Scopes
instanceKlass com/google/inject/Singleton
instanceKlass com/google/inject/spi/Elements$ModuleInfo
instanceKlass com/google/inject/PrivateModule
instanceKlass java/util/stream/Streams$2
instanceKlass java/util/stream/Streams$ConcatSpliterator
instanceKlass sun/reflect/annotation/AnnotatedTypeFactory$AnnotatedTypeBaseImpl
instanceKlass java/lang/reflect/AnnotatedType
instanceKlass sun/reflect/annotation/AnnotatedTypeFactory
instanceKlass sun/reflect/annotation/TypeAnnotation$LocationInfo$Location
instanceKlass sun/reflect/annotation/TypeAnnotation$LocationInfo
instanceKlass sun/reflect/generics/tree/ClassSignature
instanceKlass sun/reflect/generics/tree/Signature
instanceKlass sun/reflect/generics/tree/ClassTypeSignature
instanceKlass sun/reflect/generics/tree/SimpleClassTypeSignature
instanceKlass sun/reflect/generics/tree/FieldTypeSignature
instanceKlass sun/reflect/generics/tree/BaseType
instanceKlass sun/reflect/generics/tree/TypeSignature
instanceKlass sun/reflect/generics/tree/ReturnType
instanceKlass sun/reflect/generics/tree/TypeArgument
instanceKlass sun/reflect/generics/tree/FormalTypeParameter
instanceKlass sun/reflect/generics/tree/TypeTree
instanceKlass sun/reflect/generics/tree/Tree
instanceKlass sun/reflect/generics/parser/SignatureParser
instanceKlass java/lang/reflect/TypeVariable
instanceKlass sun/reflect/generics/repository/AbstractRepository
instanceKlass sun/reflect/annotation/TypeAnnotation
instanceKlass sun/reflect/annotation/TypeAnnotationParser
instanceKlass java/lang/Class$AnnotationData
instanceKlass com/google/inject/RestrictedBindingSource
instanceKlass com/google/inject/spi/BindingSourceRestriction
instanceKlass com/google/inject/spi/ModuleSource
instanceKlass com/google/inject/internal/ProviderMethodsModule
instanceKlass com/google/inject/spi/BindingSourceRestriction$PermitMapConstruction$PermitMapImpl
instanceKlass com/google/inject/spi/BindingSourceRestriction$PermitMap
instanceKlass com/google/inject/spi/BindingSourceRestriction$PermitMapConstruction
instanceKlass com/google/common/collect/Hashing
instanceKlass com/google/common/math/IntMath$1
instanceKlass com/google/common/math/MathPreconditions
instanceKlass com/google/common/math/IntMath
instanceKlass com/google/inject/internal/AbstractBindingBuilder
instanceKlass com/google/inject/binder/ConstantBindingBuilder
instanceKlass com/google/inject/binder/AnnotatedElementBuilder
instanceKlass com/google/inject/spi/Elements$RecordingBinder
instanceKlass com/google/inject/Binding
instanceKlass com/google/inject/spi/DefaultBindingTargetVisitor
instanceKlass com/google/inject/spi/BindingTargetVisitor
instanceKlass com/google/inject/spi/Elements
instanceKlass com/google/inject/internal/InjectorShell$RootModule
instanceKlass com/google/common/collect/ListMultimap
instanceKlass com/google/inject/internal/InjectorBindingData
instanceKlass java/util/concurrent/atomic/AtomicReferenceArray
instanceKlass java/util/concurrent/Future
instanceKlass com/google/common/cache/LocalCache$LoadingValueReference
instanceKlass java/lang/invoke/VarForm
instanceKlass java/lang/invoke/VarHandleGuards
instanceKlass jdk/internal/util/Preconditions$1
instanceKlass java/lang/invoke/VarHandle$1
instanceKlass java/lang/invoke/VarHandles
instanceKlass java/util/concurrent/ConcurrentLinkedQueue$Node
instanceKlass com/google/common/cache/Weigher
instanceKlass com/google/common/base/Predicate
instanceKlass com/google/common/base/Equivalence
instanceKlass java/util/function/BiPredicate
instanceKlass com/google/common/base/MoreObjects
instanceKlass com/google/common/cache/LocalCache$1
instanceKlass com/google/common/cache/ReferenceEntry
instanceKlass com/google/common/cache/CacheLoader
instanceKlass com/google/common/cache/LocalCache$LocalManualCache
instanceKlass java/util/AbstractMap$SimpleImmutableEntry
instanceKlass com/google/common/cache/RemovalListener
instanceKlass com/google/common/cache/LocalCache$ValueReference
instanceKlass com/google/common/cache/CacheBuilder$2
instanceKlass com/google/common/cache/CacheStats
instanceKlass com/google/common/base/Suppliers$SupplierOfInstance
instanceKlass com/google/common/base/Suppliers
instanceKlass com/google/common/cache/CacheBuilder$1
instanceKlass com/google/common/cache/AbstractCache$StatsCounter
instanceKlass com/google/common/cache/LoadingCache
instanceKlass com/google/common/cache/Cache
instanceKlass com/google/common/base/Supplier
instanceKlass com/google/common/cache/CacheBuilder
instanceKlass com/google/inject/internal/WeakKeySet
instanceKlass com/google/common/collect/Sets
instanceKlass com/google/inject/internal/InjectorJitBindingData
instanceKlass com/google/inject/internal/ProcessedBindingData
instanceKlass com/google/inject/spi/DefaultElementVisitor
instanceKlass com/google/inject/internal/InjectorShell$Builder
instanceKlass com/google/common/collect/Lists
instanceKlass com/google/common/collect/AbstractMapEntry
instanceKlass com/google/common/collect/LinkedHashMultimap$ValueSetLink
instanceKlass com/google/common/collect/CollectPreconditions
instanceKlass java/lang/StrictMath
instanceKlass com/google/common/collect/Platform
instanceKlass com/google/common/collect/Multiset
instanceKlass com/google/common/collect/AbstractMultimap
instanceKlass com/google/common/collect/SetMultimap
instanceKlass com/google/common/base/Converter
instanceKlass com/google/common/collect/ImmutableMap
instanceKlass com/google/common/base/Function
instanceKlass com/google/common/collect/BiMap
instanceKlass com/google/common/collect/SortedMapDifference
instanceKlass com/google/common/collect/MapDifference
instanceKlass com/google/common/collect/Maps
instanceKlass com/google/inject/internal/CycleDetectingLock
instanceKlass com/google/common/collect/Multimap
instanceKlass com/google/inject/internal/CycleDetectingLock$CycleDetectingLockFactory
instanceKlass com/google/inject/internal/Initializable
instanceKlass com/google/inject/internal/Initializer
instanceKlass com/google/common/collect/PeekingIterator
instanceKlass com/google/common/collect/UnmodifiableIterator
instanceKlass com/google/common/collect/Iterators
instanceKlass com/google/common/collect/ImmutableCollection$Builder
instanceKlass com/google/common/collect/ImmutableSet$SetBuilderImpl
instanceKlass com/google/inject/internal/util/SourceProvider
instanceKlass com/google/inject/spi/ErrorDetail
instanceKlass com/google/inject/internal/Errors
instanceKlass com/google/common/base/Preconditions
instanceKlass java/time/Duration
instanceKlass java/time/temporal/TemporalAmount
instanceKlass java/time/temporal/TemporalUnit
instanceKlass java/util/concurrent/TimeUnit$1
instanceKlass jdk/internal/logger/DefaultLoggerFinder$1
instanceKlass java/util/logging/Logger$SystemLoggerHelper$1
instanceKlass java/util/logging/Logger$SystemLoggerHelper
instanceKlass java/util/logging/LogManager$4
instanceKlass jdk/internal/logger/BootstrapLogger$BootstrapExecutors
instanceKlass jdk/internal/logger/BootstrapLogger$RedirectedLoggers
instanceKlass java/util/Spliterators$1Adapter
instanceKlass java/util/Spliterators$ArraySpliterator
instanceKlass java/util/Spliterator$OfDouble
instanceKlass java/util/Spliterator$OfLong
instanceKlass java/util/Spliterators$EmptySpliterator
instanceKlass java/util/Spliterators
instanceKlass jdk/internal/logger/BootstrapLogger$DetectBackend$1
instanceKlass jdk/internal/logger/BootstrapLogger$DetectBackend
instanceKlass jdk/internal/logger/BootstrapLogger
instanceKlass sun/util/logging/PlatformLogger$ConfigurableBridge
instanceKlass sun/util/logging/PlatformLogger$Bridge
instanceKlass java/lang/System$Logger
instanceKlass java/util/stream/Streams
instanceKlass java/util/stream/Stream$Builder
instanceKlass java/util/stream/Streams$AbstractStreamBuilderImpl
instanceKlass java/util/stream/Sink$ChainedReference
instanceKlass java/util/ArrayList$ArrayListSpliterator
instanceKlass java/util/Hashtable$Enumerator
instanceKlass java/util/logging/LogManager$LoggerContext$1
instanceKlass java/util/logging/LogManager$VisitedLoggers
instanceKlass java/util/logging/LogManager$2
instanceKlass java/lang/System$LoggerFinder
instanceKlass java/util/logging/LogManager$LoggingProviderAccess
instanceKlass sun/util/logging/internal/LoggingProviderImpl$LogManagerAccess
instanceKlass java/util/Collections$SynchronizedMap
instanceKlass java/util/logging/LogManager$LogNode
instanceKlass java/util/logging/LogManager$LoggerContext
instanceKlass java/util/logging/LogManager$1
instanceKlass java/util/logging/LogManager
instanceKlass java/util/logging/Logger$ConfigurationData
instanceKlass java/util/logging/Logger$LoggerBundle
instanceKlass java/util/logging/Level
instanceKlass java/util/logging/Handler
instanceKlass java/util/logging/Logger
instanceKlass com/google/common/base/Ticker
instanceKlass com/google/common/base/Stopwatch
instanceKlass com/google/inject/internal/util/ContinuousStopwatch
instanceKlass com/google/inject/Injector
instanceKlass com/google/inject/internal/InternalInjectorCreator
instanceKlass com/google/inject/Guice
instanceKlass org/eclipse/sisu/wire/Wiring
instanceKlass org/eclipse/sisu/wire/WireModule$Strategy$1
instanceKlass org/eclipse/sisu/wire/WireModule$Strategy
instanceKlass org/eclipse/sisu/wire/AbstractTypeConverter
instanceKlass com/google/inject/spi/ElementVisitor
instanceKlass org/eclipse/sisu/wire/WireModule
instanceKlass org/eclipse/sisu/bean/BeanBinder
instanceKlass org/eclipse/sisu/plexus/PlexusBindingModule
instanceKlass org/codehaus/plexus/DefaultPlexusContainer$BootModule
instanceKlass org/codehaus/plexus/component/annotations/Configuration
instanceKlass org/eclipse/sisu/plexus/PlexusAnnotatedMetadata
instanceKlass org/eclipse/sisu/plexus/PlexusBeanMetadata
instanceKlass org/eclipse/sisu/plexus/PlexusAnnotatedBeanModule$PlexusAnnotatedBeanSource
instanceKlass org/eclipse/sisu/space/SpaceModule$2
instanceKlass org/eclipse/sisu/space/SpaceModule$Strategy$2
instanceKlass org/eclipse/sisu/space/SpaceModule$Strategy$1
instanceKlass org/eclipse/sisu/space/DefaultClassFinder
instanceKlass org/objectweb/asm/ClassVisitor
instanceKlass org/eclipse/sisu/space/SpaceScanner
instanceKlass org/eclipse/sisu/space/IndexedClassFinder
instanceKlass org/eclipse/sisu/space/ClassFinder
instanceKlass org/eclipse/sisu/space/SpaceModule
instanceKlass org/eclipse/sisu/space/SpaceVisitor
instanceKlass org/eclipse/sisu/plexus/PlexusTypeListener
instanceKlass org/eclipse/sisu/space/QualifiedTypeListener
instanceKlass org/eclipse/sisu/plexus/PlexusAnnotatedBeanModule$1
instanceKlass org/eclipse/sisu/space/SpaceModule$Strategy
instanceKlass org/eclipse/sisu/plexus/PlexusAnnotatedBeanModule
instanceKlass org/eclipse/sisu/plexus/PlexusBeanSource
instanceKlass org/eclipse/sisu/plexus/PlexusXmlBeanModule
instanceKlass org/eclipse/sisu/plexus/PlexusBeanModule
instanceKlass org/eclipse/sisu/space/URLClassSpace
instanceKlass org/codehaus/plexus/DefaultPlexusContainer$SLF4JLoggerFactoryProvider
instanceKlass com/google/inject/util/Providers$ConstantProvider
instanceKlass com/google/inject/util/Providers
instanceKlass org/codehaus/plexus/personality/plexus/lifecycle/phase/Disposable
instanceKlass org/codehaus/plexus/personality/plexus/lifecycle/phase/Startable
instanceKlass org/codehaus/plexus/personality/plexus/lifecycle/phase/Initializable
instanceKlass org/codehaus/plexus/personality/plexus/lifecycle/phase/Contextualizable
instanceKlass org/codehaus/plexus/logging/LogEnabled
instanceKlass org/eclipse/sisu/bean/PropertyBinding
instanceKlass javax/annotation/PreDestroy
instanceKlass javax/annotation/PostConstruct
instanceKlass org/eclipse/sisu/bean/LifecycleBuilder
instanceKlass org/eclipse/sisu/bean/BeanScheduler$1
instanceKlass com/google/inject/spi/DefaultBindingScopingVisitor
instanceKlass com/google/inject/spi/BindingScopingVisitor
instanceKlass org/eclipse/sisu/bean/BeanScheduler$CycleActivator
instanceKlass com/google/inject/PrivateBinder
instanceKlass com/google/inject/spi/ModuleAnnotatedMethodScanner
instanceKlass com/google/inject/MembersInjector
instanceKlass com/google/inject/spi/TypeListener
instanceKlass org/aopalliance/intercept/MethodInterceptor
instanceKlass org/aopalliance/intercept/Interceptor
instanceKlass org/aopalliance/aop/Advice
instanceKlass com/google/inject/binder/AnnotatedConstantBindingBuilder
instanceKlass com/google/inject/spi/Message
instanceKlass com/google/inject/spi/Element
instanceKlass com/google/inject/Scope
instanceKlass com/google/inject/spi/Dependency
instanceKlass com/google/inject/Key
instanceKlass com/google/inject/binder/AnnotatedBindingBuilder
instanceKlass com/google/inject/binder/LinkedBindingBuilder
instanceKlass com/google/inject/binder/ScopedBindingBuilder
instanceKlass com/google/inject/TypeLiteral
instanceKlass com/google/inject/spi/ProvisionListener
instanceKlass com/google/inject/Binder
instanceKlass org/eclipse/sisu/bean/BeanScheduler
instanceKlass org/eclipse/sisu/plexus/DefaultPlexusBeanLocator
instanceKlass org/eclipse/sisu/plexus/RealmManager
instanceKlass org/codehaus/plexus/context/ContextMapAdapter
instanceKlass org/codehaus/plexus/context/DefaultContext
instanceKlass org/codehaus/plexus/logging/AbstractLogger
instanceKlass org/codehaus/plexus/logging/AbstractLoggerManager
instanceKlass java/util/Date
instanceKlass java/text/DigitList
instanceKlass java/text/FieldPosition
instanceKlass java/lang/StringUTF16$CharsSpliterator
instanceKlass java/util/stream/Sink$ChainedInt
instanceKlass java/util/function/Predicate
instanceKlass java/util/OptionalInt
instanceKlass java/util/stream/FindOps$FindOp
instanceKlass java/util/stream/Sink$OfInt
instanceKlass java/util/function/IntConsumer
instanceKlass java/util/stream/FindOps$FindSink
instanceKlass java/util/stream/FindOps
instanceKlass java/util/function/IntPredicate
instanceKlass java/util/stream/IntStream
instanceKlass java/lang/StringLatin1$CharsSpliterator
instanceKlass java/util/Spliterator$OfInt
instanceKlass java/util/Spliterator$OfPrimitive
instanceKlass java/text/DecimalFormatSymbols
instanceKlass java/text/DateFormatSymbols
instanceKlass sun/util/calendar/CalendarUtils
instanceKlass sun/util/calendar/CalendarDate
instanceKlass sun/util/resources/Bundles$CacheKeyReference
instanceKlass java/util/ResourceBundle$ResourceBundleProviderHelper
instanceKlass sun/util/resources/Bundles$CacheKey
instanceKlass java/util/ResourceBundle$1
instanceKlass jdk/internal/access/JavaUtilResourceBundleAccess
instanceKlass sun/util/resources/Bundles
instanceKlass sun/util/resources/LocaleData$LocaleDataStrategy
instanceKlass sun/util/resources/Bundles$Strategy
instanceKlass sun/util/resources/LocaleData$1
instanceKlass sun/util/resources/LocaleData
instanceKlass sun/util/locale/provider/LocaleResources
instanceKlass java/util/ResourceBundle
instanceKlass java/util/ResourceBundle$Control
instanceKlass sun/util/locale/provider/CalendarDataUtility$CalendarWeekParameterGetter
instanceKlass sun/util/locale/provider/LocaleServiceProviderPool$LocalizedObjectGetter
instanceKlass sun/util/locale/provider/LocaleServiceProviderPool
instanceKlass java/util/Locale$Builder
instanceKlass sun/util/locale/provider/CalendarDataUtility
instanceKlass sun/util/calendar/CalendarSystem$GregorianHolder
instanceKlass sun/util/calendar/CalendarSystem
instanceKlass java/util/Calendar$Builder
instanceKlass java/util/StringTokenizer
instanceKlass sun/util/locale/provider/AvailableLanguageTags
instanceKlass java/util/ServiceLoader$ProviderImpl
instanceKlass java/util/ServiceLoader$Provider
instanceKlass java/util/ServiceLoader$1
instanceKlass sun/util/resources/cldr/provider/CLDRLocaleDataMetaInfo
instanceKlass jdk/internal/module/ModulePatcher$PatchedModuleReader
instanceKlass java/util/ServiceLoader$3
instanceKlass java/util/ServiceLoader$2
instanceKlass java/util/ServiceLoader$LazyClassPathLookupIterator
instanceKlass java/util/concurrent/CopyOnWriteArrayList$COWIterator
instanceKlass java/util/ServiceLoader$ModuleServicesLookupIterator
instanceKlass java/util/ServiceLoader
instanceKlass sun/util/locale/InternalLocaleBuilder$CaseInsensitiveChar
instanceKlass sun/util/locale/InternalLocaleBuilder
instanceKlass sun/util/locale/StringTokenIterator
instanceKlass sun/util/locale/ParseStatus
instanceKlass sun/util/locale/LanguageTag
instanceKlass sun/util/cldr/CLDRBaseLocaleDataMetaInfo
instanceKlass sun/util/locale/provider/LocaleDataMetaInfo
instanceKlass sun/util/locale/provider/ResourceBundleBasedAdapter
instanceKlass sun/util/locale/provider/LocaleProviderAdapter$1
instanceKlass sun/util/locale/provider/LocaleProviderAdapter
instanceKlass java/util/spi/LocaleServiceProvider
instanceKlass sun/util/calendar/ZoneInfoFile$ZoneOffsetTransitionRule
instanceKlass sun/util/calendar/ZoneInfoFile$1
instanceKlass sun/util/calendar/ZoneInfoFile
instanceKlass java/util/TimeZone
instanceKlass java/util/Calendar
instanceKlass java/text/AttributedCharacterIterator$Attribute
instanceKlass com/google/inject/matcher/AbstractMatcher
instanceKlass com/google/inject/matcher/Matcher
instanceKlass com/google/inject/spi/TypeConverter
instanceKlass org/codehaus/plexus/DefaultPlexusContainer$LoggerProvider
instanceKlass org/codehaus/plexus/DefaultPlexusContainer$DefaultsModule
instanceKlass org/codehaus/plexus/DefaultPlexusContainer$ContainerModule
instanceKlass java/util/concurrent/locks/ReentrantReadWriteLock$WriteLock
instanceKlass java/util/concurrent/locks/ReentrantReadWriteLock$ReadLock
instanceKlass java/util/concurrent/locks/ReentrantReadWriteLock
instanceKlass java/util/concurrent/locks/ReadWriteLock
instanceKlass org/eclipse/sisu/inject/ImplicitBindings
instanceKlass org/eclipse/sisu/inject/MildValues$InverseMapping
instanceKlass org/eclipse/sisu/inject/MildValues
instanceKlass org/eclipse/sisu/inject/Weak
instanceKlass sun/reflect/misc/ReflectUtil
instanceKlass java/util/concurrent/atomic/AtomicReferenceFieldUpdater$AtomicReferenceFieldUpdaterImpl$1
instanceKlass java/util/concurrent/atomic/AtomicReferenceFieldUpdater
instanceKlass org/eclipse/sisu/inject/RankedSequence$Content
instanceKlass org/eclipse/sisu/inject/RankedSequence
instanceKlass org/eclipse/sisu/inject/BindingSubscriber
instanceKlass org/eclipse/sisu/inject/DefaultBeanLocator
instanceKlass org/eclipse/sisu/inject/DeferredClass
instanceKlass org/codehaus/plexus/DefaultPlexusContainer$LoggerManagerProvider
instanceKlass org/eclipse/sisu/inject/DeferredProvider
instanceKlass com/google/inject/Provider
instanceKlass com/google/inject/AbstractModule
instanceKlass org/codehaus/plexus/context/Context
instanceKlass javax/inject/Provider
instanceKlass org/eclipse/sisu/bean/BeanManager
instanceKlass org/eclipse/sisu/plexus/PlexusBeanLocator
instanceKlass org/codehaus/plexus/classworlds/ClassWorldListener
instanceKlass com/google/inject/Module
instanceKlass org/eclipse/sisu/inject/MutableBeanLocator
instanceKlass org/eclipse/sisu/inject/BeanLocator
instanceKlass org/eclipse/sisu/inject/BindingPublisher
instanceKlass org/eclipse/sisu/inject/RankingFunction
instanceKlass org/eclipse/sisu/space/ClassSpace
instanceKlass org/codehaus/plexus/DefaultPlexusContainer
instanceKlass org/codehaus/plexus/MutablePlexusContainer
instanceKlass java/util/stream/ReduceOps$AccumulatingSink
instanceKlass java/util/stream/TerminalSink
instanceKlass java/util/stream/Sink
instanceKlass java/util/stream/ReduceOps$Box
instanceKlass java/util/stream/ReduceOps$ReduceOp
instanceKlass java/util/stream/TerminalOp
instanceKlass java/util/stream/ReduceOps
instanceKlass java/util/function/BinaryOperator
instanceKlass java/util/stream/Collectors$CollectorImpl
instanceKlass java/util/stream/Collector
instanceKlass java/util/stream/Collectors
instanceKlass sun/invoke/util/VerifyAccess$1
instanceKlass sun/reflect/annotation/AnnotationParser
instanceKlass java/lang/Class$3
instanceKlass java/util/EnumMap$1
instanceKlass java/util/stream/StreamOpFlag$MaskBuilder
instanceKlass java/util/stream/Stream
instanceKlass java/util/stream/BaseStream
instanceKlass java/util/stream/PipelineHelper
instanceKlass java/util/stream/StreamSupport
instanceKlass java/util/Spliterator
instanceKlass java/util/HashMap$HashMapSpliterator
instanceKlass org/apache/maven/extension/internal/CoreExports
instanceKlass java/util/Collections$UnmodifiableCollection$1
instanceKlass org/codehaus/plexus/DefaultContainerConfiguration
instanceKlass org/codehaus/plexus/ContainerConfiguration
instanceKlass org/codehaus/plexus/util/BaseIOUtil
instanceKlass org/codehaus/plexus/util/xml/XMLWriter
instanceKlass org/codehaus/plexus/util/xml/Xpp3Dom
instanceKlass org/codehaus/plexus/util/xml/pull/MXParser
instanceKlass org/codehaus/plexus/util/xml/pull/XmlPullParser
instanceKlass org/codehaus/plexus/util/xml/Xpp3DomBuilder
instanceKlass java/util/regex/ASCII
instanceKlass org/codehaus/plexus/util/ReaderFactory
instanceKlass org/apache/maven/project/ExtensionDescriptor
instanceKlass org/apache/maven/project/ExtensionDescriptorBuilder
instanceKlass org/apache/maven/extension/internal/CoreExtensionEntry
instanceKlass org/codehaus/plexus/logging/Logger
instanceKlass org/apache/maven/cli/logging/Slf4jLoggerManager
instanceKlass org/slf4j/impl/MavenSlf4jSimpleFriend
instanceKlass org/slf4j/MavenSlf4jFriend
instanceKlass org/apache/maven/cli/logging/BaseSlf4jConfiguration
instanceKlass org/codehaus/plexus/util/PropertyUtils
instanceKlass org/apache/maven/cli/logging/Slf4jConfiguration
instanceKlass org/apache/maven/cli/logging/Slf4jConfigurationFactory
instanceKlass org/slf4j/impl/OutputChoice
instanceKlass sun/net/DefaultProgressMeteringPolicy
instanceKlass sun/net/ProgressMeteringPolicy
instanceKlass sun/net/ProgressMonitor
instanceKlass org/slf4j/impl/SimpleLoggerConfiguration$1
instanceKlass java/text/Format
instanceKlass org/slf4j/impl/SimpleLoggerConfiguration
instanceKlass org/slf4j/helpers/NamedLoggerBase
instanceKlass org/slf4j/impl/SimpleLoggerFactory
instanceKlass org/slf4j/impl/StaticLoggerBinder
instanceKlass org/slf4j/spi/LoggerFactoryBinder
instanceKlass java/util/Collections$3
instanceKlass java/net/URLClassLoader$3$1
instanceKlass java/net/URLClassLoader$3
instanceKlass jdk/internal/loader/URLClassPath$1
instanceKlass java/lang/CompoundEnumeration
instanceKlass jdk/internal/loader/BuiltinClassLoader$1
instanceKlass java/util/Collections$EmptyEnumeration
instanceKlass org/slf4j/helpers/Util
instanceKlass org/slf4j/helpers/NOPLoggerFactory
instanceKlass java/util/concurrent/LinkedBlockingQueue$Node
instanceKlass java/util/concurrent/locks/AbstractQueuedSynchronizer$ConditionObject
instanceKlass java/util/concurrent/locks/Condition
instanceKlass java/util/concurrent/BlockingQueue
instanceKlass org/slf4j/helpers/SubstituteLoggerFactory
instanceKlass org/slf4j/ILoggerFactory
instanceKlass org/slf4j/event/LoggingEvent
instanceKlass org/slf4j/LoggerFactory
instanceKlass java/util/LinkedList$ListItr
instanceKlass org/codehaus/plexus/util/StringUtils
instanceKlass org/apache/maven/cli/CLIReportingUtils
instanceKlass java/util/function/BiConsumer
instanceKlass org/codehaus/plexus/interpolation/SimpleRecursionInterceptor
instanceKlass org/codehaus/plexus/interpolation/AbstractValueSource
instanceKlass org/codehaus/plexus/interpolation/RecursionInterceptor
instanceKlass org/codehaus/plexus/interpolation/StringSearchInterpolator
instanceKlass org/codehaus/plexus/interpolation/Interpolator
instanceKlass org/codehaus/plexus/interpolation/BasicInterpolator
instanceKlass org/apache/maven/properties/internal/SystemProperties
instanceKlass java/util/Collections$SynchronizedCollection
instanceKlass java/util/Properties$EntrySet
instanceKlass java/util/Collections$UnmodifiableMap$UnmodifiableEntrySet$UnmodifiableEntry
instanceKlass java/util/Collections$UnmodifiableMap$UnmodifiableEntrySet$1
instanceKlass org/codehaus/plexus/util/Os
instanceKlass org/apache/maven/properties/internal/EnvironmentUtils
instanceKlass java/util/LinkedList$Node
instanceKlass java/util/AbstractList$Itr
instanceKlass org/apache/commons/cli/DefaultParser
instanceKlass org/apache/commons/cli/Util
instanceKlass java/util/function/Consumer
instanceKlass org/apache/commons/cli/CommandLine$Builder
instanceKlass org/apache/commons/cli/CommandLine
instanceKlass java/util/LinkedHashMap$LinkedHashIterator
instanceKlass org/apache/commons/cli/Parser
instanceKlass org/apache/maven/cli/CleanArgument
instanceKlass org/apache/commons/cli/OptionValidator
instanceKlass org/apache/commons/cli/Option$Builder
instanceKlass org/apache/commons/cli/Option
instanceKlass org/apache/commons/cli/Options
instanceKlass org/apache/commons/cli/CommandLineParser
instanceKlass org/apache/maven/cli/CLIManager
instanceKlass org/apache/maven/cli/logging/Slf4jStdoutLogger
instanceKlass sun/nio/fs/WindowsPath$1
instanceKlass sun/nio/fs/WindowsLinkSupport
instanceKlass org/eclipse/aether/DefaultRepositoryCache
instanceKlass org/apache/maven/project/ProjectBuildingRequest
instanceKlass org/eclipse/aether/RepositoryCache
instanceKlass org/apache/maven/execution/DefaultMavenExecutionRequest
instanceKlass org/apache/maven/execution/MavenExecutionRequest
instanceKlass java/lang/Shutdown$Lock
instanceKlass java/lang/Shutdown
instanceKlass java/lang/ApplicationShutdownHooks$1
instanceKlass java/lang/ApplicationShutdownHooks
instanceKlass java/util/IdentityHashMap$IdentityHashMapIterator
instanceKlass java/util/regex/IntHashSet
instanceKlass java/util/regex/Matcher
instanceKlass java/util/regex/MatchResult
instanceKlass org/fusesource/jansi/io/AnsiOutputStream$IoRunnable
instanceKlass sun/net/www/protocol/jar/JarFileFactory
instanceKlass sun/net/www/protocol/jar/URLJarFile$URLJarFileCloseController
instanceKlass java/net/URLClassLoader$2
instanceKlass org/fusesource/jansi/AnsiConsole$1
instanceKlass org/fusesource/jansi/internal/Kernel32
instanceKlass jdk/internal/jimage/ImageLocation
instanceKlass jdk/internal/jimage/decompressor/Decompressor
instanceKlass jdk/internal/jimage/ImageStringsReader
instanceKlass jdk/internal/jimage/ImageStrings
instanceKlass jdk/internal/jimage/ImageHeader
instanceKlass jdk/internal/loader/NativeLibraries$Unloader
instanceKlass jdk/internal/jimage/NativeImageBuffer$1
instanceKlass jdk/internal/jimage/NativeImageBuffer
instanceKlass jdk/internal/jimage/BasicImageReader$1
instanceKlass jdk/internal/jimage/BasicImageReader
instanceKlass jdk/internal/jimage/ImageReader
instanceKlass jdk/internal/jimage/ImageReaderFactory$1
instanceKlass jdk/internal/jimage/ImageReaderFactory
instanceKlass jdk/internal/module/SystemModuleFinders$SystemImage
instanceKlass jdk/internal/module/SystemModuleFinders$SystemModuleReader
instanceKlass java/lang/module/ModuleReader
instanceKlass jdk/internal/loader/BuiltinClassLoader$5
instanceKlass jdk/internal/loader/BuiltinClassLoader$2
instanceKlass jdk/internal/module/Resources
instanceKlass org/fusesource/jansi/internal/JansiLoader$1
instanceKlass org/fusesource/jansi/internal/OSInfo
instanceKlass org/fusesource/jansi/internal/JansiLoader
instanceKlass org/fusesource/jansi/internal/CLibrary
instanceKlass java/lang/ProcessEnvironment$CheckedEntry
instanceKlass java/lang/ProcessEnvironment$CheckedEntrySet$1
instanceKlass java/lang/ProcessEnvironment$EntryComparator
instanceKlass java/lang/ProcessEnvironment$NameComparator
instanceKlass org/fusesource/jansi/io/AnsiProcessor
instanceKlass org/fusesource/jansi/io/AnsiOutputStream$WidthSupplier
instanceKlass org/fusesource/jansi/AnsiConsole
instanceKlass java/util/concurrent/Callable
instanceKlass org/fusesource/jansi/Ansi
instanceKlass org/apache/maven/shared/utils/logging/LoggerLevelRenderer
instanceKlass org/apache/maven/shared/utils/logging/MessageBuilder
instanceKlass org/apache/maven/shared/utils/logging/MessageUtils
instanceKlass java/util/regex/CharPredicates
instanceKlass java/util/regex/Pattern$BitClass
instanceKlass java/util/regex/Pattern$TreeInfo
instanceKlass java/util/regex/Pattern$BmpCharPredicate
instanceKlass java/util/regex/Pattern$CharPredicate
instanceKlass java/util/regex/Pattern$Node
instanceKlass java/util/regex/Pattern
instanceKlass org/apache/maven/cli/CliRequest
instanceKlass org/apache/maven/eventspy/EventSpy$Context
instanceKlass org/codehaus/plexus/PlexusContainer
instanceKlass org/apache/maven/exception/ExceptionHandler
instanceKlass org/slf4j/Logger
instanceKlass org/codehaus/plexus/logging/LoggerManager
instanceKlass org/apache/maven/toolchain/building/ToolchainsBuildingRequest
instanceKlass org/apache/maven/building/Source
instanceKlass org/apache/maven/execution/ExecutionListener
instanceKlass org/codehaus/plexus/interpolation/ValueSource
instanceKlass org/eclipse/aether/transfer/TransferListener
instanceKlass org/apache/maven/cli/MavenCli
instanceKlass java/io/FilePermissionCollection$1
instanceKlass java/util/function/BiFunction
instanceKlass java/security/Security$2
instanceKlass jdk/internal/access/JavaSecurityPropertiesAccess
instanceKlass java/util/concurrent/ConcurrentHashMap$MapEntry
instanceKlass java/io/FileInputStream$1
instanceKlass java/util/Properties$LineReader
instanceKlass java/security/Security$1
instanceKlass java/security/Security
instanceKlass sun/security/util/SecurityProperties
instanceKlass sun/security/util/FilePermCompat
instanceKlass java/io/FilePermission$1
instanceKlass jdk/internal/access/JavaIOFilePermissionAccess
instanceKlass sun/net/www/MessageHeader
instanceKlass java/net/URLConnection
instanceKlass java/util/TreeMap$Entry
instanceKlass java/net/URLClassLoader$1
instanceKlass java/util/TreeMap$PrivateEntryIterator
instanceKlass java/util/TimSort
instanceKlass java/util/Arrays$LegacyMergeSort
instanceKlass java/lang/invoke/LambdaFormBuffer
instanceKlass java/lang/invoke/LambdaFormEditor$TransformKey
instanceKlass java/lang/invoke/LambdaFormEditor
instanceKlass sun/invoke/util/Wrapper$1
instanceKlass java/lang/invoke/DelegatingMethodHandle$Holder
instanceKlass java/lang/invoke/DirectMethodHandle$2
instanceKlass java/lang/invoke/ClassSpecializer$Factory
instanceKlass java/lang/invoke/ClassSpecializer$SpeciesData
instanceKlass java/lang/invoke/ClassSpecializer$1
instanceKlass java/lang/invoke/ClassSpecializer
instanceKlass java/lang/invoke/InnerClassLambdaMetafactory$1
instanceKlass jdk/internal/org/objectweb/asm/ClassReader
instanceKlass java/lang/invoke/LambdaProxyClassArchive
instanceKlass java/lang/invoke/InfoFromMemberName
instanceKlass java/lang/invoke/MethodHandleInfo
instanceKlass jdk/internal/org/objectweb/asm/ConstantDynamic
instanceKlass jdk/internal/org/objectweb/asm/Handle
instanceKlass sun/security/action/GetBooleanAction
instanceKlass java/lang/invoke/AbstractValidatingLambdaMetafactory
instanceKlass java/lang/invoke/MethodHandleImpl$1
instanceKlass jdk/internal/access/JavaLangInvokeAccess
instanceKlass java/lang/invoke/Invokers$Holder
instanceKlass java/lang/invoke/BootstrapMethodInvoker
instanceKlass java/lang/invoke/MethodHandles$Lookup$ClassDefiner
instanceKlass java/lang/invoke/MethodHandles$Lookup$ClassFile
instanceKlass jdk/internal/org/objectweb/asm/Handler
instanceKlass jdk/internal/org/objectweb/asm/Attribute
instanceKlass jdk/internal/org/objectweb/asm/FieldVisitor
instanceKlass sun/invoke/empty/Empty
instanceKlass sun/invoke/util/VerifyType
instanceKlass java/lang/invoke/InvokerBytecodeGenerator$ClassData
instanceKlass jdk/internal/org/objectweb/asm/AnnotationVisitor
instanceKlass jdk/internal/org/objectweb/asm/Frame
instanceKlass jdk/internal/org/objectweb/asm/Label
instanceKlass jdk/internal/org/objectweb/asm/Type
instanceKlass jdk/internal/org/objectweb/asm/MethodVisitor
instanceKlass sun/invoke/util/BytecodeDescriptor
instanceKlass jdk/internal/org/objectweb/asm/ByteVector
instanceKlass jdk/internal/org/objectweb/asm/Symbol
instanceKlass jdk/internal/org/objectweb/asm/SymbolTable
instanceKlass jdk/internal/org/objectweb/asm/ClassVisitor
instanceKlass java/io/FilenameFilter
instanceKlass java/lang/invoke/InvokerBytecodeGenerator$2
instanceKlass java/lang/invoke/InvokerBytecodeGenerator
instanceKlass java/lang/invoke/LambdaForm$Holder
instanceKlass java/lang/invoke/LambdaForm$Name
instanceKlass java/lang/invoke/Invokers
instanceKlass java/lang/invoke/MethodHandleImpl
instanceKlass sun/invoke/util/ValueConversions
instanceKlass java/lang/invoke/DirectMethodHandle$Holder
instanceKlass java/lang/invoke/LambdaForm$NamedFunction
instanceKlass sun/invoke/util/Wrapper$Format
instanceKlass java/lang/invoke/MethodTypeForm
instanceKlass java/lang/invoke/MethodType$ConcurrentWeakInternSet
instanceKlass java/lang/invoke/LambdaMetafactory
instanceKlass java/util/ArrayList$Itr
instanceKlass org/codehaus/plexus/classworlds/strategy/AbstractStrategy
instanceKlass org/codehaus/plexus/classworlds/strategy/Strategy
instanceKlass org/codehaus/plexus/classworlds/strategy/StrategyFactory
instanceKlass java/util/NavigableMap
instanceKlass java/util/SortedMap
instanceKlass java/util/NavigableSet
instanceKlass java/util/SortedSet
instanceKlass sun/nio/ch/IOStatus
instanceKlass java/nio/DirectByteBuffer$Deallocator
instanceKlass sun/nio/ch/Util$BufferCache
instanceKlass sun/nio/ch/Util
instanceKlass sun/nio/ch/NativeThread
instanceKlass java/io/Reader
instanceKlass org/codehaus/plexus/classworlds/launcher/ConfigurationParser
instanceKlass org/codehaus/plexus/classworlds/launcher/Configurator
instanceKlass org/codehaus/plexus/classworlds/launcher/ConfigurationHandler
instanceKlass java/nio/channels/Channels
instanceKlass sun/nio/ch/FileChannelImpl$Closer
instanceKlass sun/nio/ch/NativeDispatcher
instanceKlass sun/nio/ch/NativeThreadSet
instanceKlass sun/nio/ch/IOUtil
instanceKlass java/nio/channels/spi/AbstractInterruptibleChannel
instanceKlass java/nio/channels/InterruptibleChannel
instanceKlass java/nio/channels/ScatteringByteChannel
instanceKlass java/nio/channels/GatheringByteChannel
instanceKlass java/nio/channels/SeekableByteChannel
instanceKlass java/nio/channels/ByteChannel
instanceKlass java/nio/channels/WritableByteChannel
instanceKlass java/nio/channels/ReadableByteChannel
instanceKlass java/nio/channels/Channel
instanceKlass java/util/Collections$EmptyIterator
instanceKlass sun/nio/fs/WindowsChannelFactory$Flags
instanceKlass sun/nio/fs/WindowsChannelFactory$1
instanceKlass sun/nio/fs/WindowsChannelFactory
instanceKlass sun/nio/fs/WindowsSecurityDescriptor
instanceKlass java/nio/file/attribute/FileAttribute
instanceKlass java/net/URI$Parser
instanceKlass java/nio/file/FileSystems$DefaultFileSystemHolder$1
instanceKlass java/nio/file/FileSystems$DefaultFileSystemHolder
instanceKlass java/nio/file/FileSystems
instanceKlass java/nio/file/Paths
instanceKlass java/lang/Void
instanceKlass java/lang/PublicMethods$Key
instanceKlass java/lang/PublicMethods$MethodList
instanceKlass org/codehaus/plexus/classworlds/ClassWorld
instanceKlass org/codehaus/plexus/classworlds/launcher/Launcher
instanceKlass java/security/SecureClassLoader$DebugHolder
instanceKlass java/security/PermissionCollection
instanceKlass java/security/SecureClassLoader$1
instanceKlass java/security/SecureClassLoader$CodeSourceKey
instanceKlass java/util/zip/Checksum$1
instanceKlass java/util/zip/CRC32
instanceKlass java/util/zip/Checksum
instanceKlass sun/nio/ByteBuffered
instanceKlass java/lang/Package$VersionInfo
instanceKlass java/lang/NamedPackage
instanceKlass java/util/jar/Attributes$Name
instanceKlass java/util/jar/Attributes
instanceKlass jdk/internal/loader/Resource
instanceKlass sun/security/action/GetIntegerAction
instanceKlass sun/security/util/Debug
instanceKlass sun/security/util/SignatureFileVerifier
instanceKlass java/util/zip/ZipFile$InflaterCleanupAction
instanceKlass java/util/zip/Inflater$InflaterZStreamRef
instanceKlass java/util/zip/Inflater
instanceKlass java/util/zip/ZipEntry
instanceKlass jdk/internal/util/jar/JarIndex
instanceKlass java/nio/Bits$1
instanceKlass jdk/internal/misc/VM$BufferPool
instanceKlass java/nio/Bits
instanceKlass sun/nio/ch/DirectBuffer
instanceKlass jdk/internal/perf/PerfCounter$CoreCounters
instanceKlass jdk/internal/perf/Perf
instanceKlass jdk/internal/perf/Perf$GetPerfAction
instanceKlass jdk/internal/perf/PerfCounter
instanceKlass java/nio/file/attribute/FileTime
instanceKlass java/util/zip/ZipUtils
instanceKlass java/util/zip/ZipFile$Source$End
instanceKlass java/io/RandomAccessFile$2
instanceKlass jdk/internal/access/JavaIORandomAccessFileAccess
instanceKlass java/io/RandomAccessFile
instanceKlass java/io/DataInput
instanceKlass java/io/DataOutput
instanceKlass sun/nio/fs/WindowsNativeDispatcher$CompletionStatus
instanceKlass sun/nio/fs/WindowsNativeDispatcher$AclInformation
instanceKlass sun/nio/fs/WindowsNativeDispatcher$Account
instanceKlass sun/nio/fs/WindowsNativeDispatcher$DiskFreeSpace
instanceKlass sun/nio/fs/WindowsNativeDispatcher$VolumeInformation
instanceKlass sun/nio/fs/WindowsNativeDispatcher$FirstStream
instanceKlass sun/nio/fs/WindowsNativeDispatcher$FirstFile
instanceKlass java/util/Enumeration
instanceKlass java/util/concurrent/ConcurrentHashMap$Traverser
instanceKlass java/util/concurrent/ConcurrentHashMap$CollectionView
instanceKlass jdk/internal/loader/NativeLibraries$NativeLibraryImpl
instanceKlass jdk/internal/loader/NativeLibrary
instanceKlass java/util/ArrayDeque$DeqIterator
instanceKlass jdk/internal/loader/NativeLibraries$1
instanceKlass jdk/internal/loader/NativeLibraries$LibraryPaths
instanceKlass sun/nio/fs/WindowsNativeDispatcher
instanceKlass sun/nio/fs/NativeBuffer$Deallocator
instanceKlass sun/nio/fs/NativeBuffer
instanceKlass java/lang/ThreadLocal$ThreadLocalMap
instanceKlass sun/nio/fs/NativeBuffers
instanceKlass sun/nio/fs/WindowsFileAttributes
instanceKlass java/nio/file/attribute/DosFileAttributes
instanceKlass sun/nio/fs/AbstractBasicFileAttributeView
instanceKlass sun/nio/fs/DynamicFileAttributeView
instanceKlass sun/nio/fs/WindowsFileAttributeViews
instanceKlass sun/nio/fs/Util
instanceKlass java/nio/file/attribute/BasicFileAttributeView
instanceKlass java/nio/file/attribute/FileAttributeView
instanceKlass java/nio/file/attribute/AttributeView
instanceKlass java/nio/file/Files
instanceKlass java/nio/file/CopyOption
instanceKlass java/nio/file/attribute/BasicFileAttributes
instanceKlass sun/nio/fs/WindowsPath
instanceKlass java/nio/file/Path
instanceKlass java/nio/file/Watchable
instanceKlass java/util/zip/ZipFile$Source$Key
instanceKlass sun/nio/fs/WindowsPathParser$Result
instanceKlass sun/nio/fs/WindowsPathParser
instanceKlass java/util/Collections$UnmodifiableCollection
instanceKlass java/util/Arrays$ArrayItr
instanceKlass java/nio/file/FileSystem
instanceKlass java/nio/file/OpenOption
instanceKlass java/nio/file/spi/FileSystemProvider
instanceKlass sun/nio/fs/DefaultFileSystemProvider
instanceKlass java/util/zip/ZipFile$Source
instanceKlass java/lang/ref/Cleaner$Cleanable
instanceKlass jdk/internal/ref/CleanerImpl
instanceKlass java/lang/ref/Cleaner$1
instanceKlass java/lang/ref/Cleaner
instanceKlass jdk/internal/ref/CleanerFactory$1
instanceKlass java/util/concurrent/ThreadFactory
instanceKlass jdk/internal/ref/CleanerFactory
instanceKlass java/util/zip/ZipCoder
instanceKlass java/util/zip/ZipFile$CleanableResource
instanceKlass java/lang/Runtime$Version
instanceKlass java/util/jar/JavaUtilJarAccessImpl
instanceKlass jdk/internal/access/JavaUtilJarAccess
instanceKlass java/nio/charset/CoderResult
instanceKlass java/lang/Readable
instanceKlass jdk/internal/loader/FileURLMapper
instanceKlass jdk/internal/loader/URLClassPath$JarLoader$1
instanceKlass java/util/zip/ZipFile$1
instanceKlass jdk/internal/access/JavaUtilZipFileAccess
instanceKlass java/util/zip/ZipFile
instanceKlass java/util/zip/ZipConstants
instanceKlass jdk/internal/loader/URLClassPath$Loader
instanceKlass jdk/internal/loader/URLClassPath$3
instanceKlass java/security/PrivilegedExceptionAction
instanceKlass sun/util/locale/LocaleObjectCache
instanceKlass sun/util/locale/BaseLocale$Key
instanceKlass sun/util/locale/LocaleUtils
instanceKlass sun/util/locale/BaseLocale
instanceKlass java/util/Locale
instanceKlass sun/net/util/URLUtil
instanceKlass java/lang/StringCoding
instanceKlass sun/nio/cs/MS1252$Holder
instanceKlass sun/nio/cs/ArrayDecoder
instanceKlass java/nio/charset/CharsetDecoder
instanceKlass sun/launcher/LauncherHelper
instanceKlass java/lang/reflect/Array
instanceKlass java/lang/invoke/StringConcatFactory$3
instanceKlass java/lang/invoke/StringConcatFactory$2
instanceKlass java/lang/invoke/StringConcatFactory$1
instanceKlass java/lang/invoke/StringConcatFactory
instanceKlass java/lang/ModuleLayer$Controller
instanceKlass java/util/concurrent/CopyOnWriteArrayList
instanceKlass jdk/internal/module/ServicesCatalog$ServiceProvider
instanceKlass jdk/internal/loader/AbstractClassLoaderValue$Memoizer
instanceKlass java/util/ImmutableCollections$ListItr
instanceKlass java/util/ListIterator
instanceKlass java/lang/ModuleLayer
instanceKlass jdk/internal/module/ModuleLoaderMap$Modules
instanceKlass jdk/internal/module/ModuleLoaderMap$Mapper
instanceKlass java/util/function/Function
instanceKlass jdk/internal/module/ModuleLoaderMap
instanceKlass java/util/AbstractMap$1$1
instanceKlass java/lang/module/ResolvedModule
instanceKlass java/lang/module/Configuration
instanceKlass jdk/internal/loader/BuiltinClassLoader$LoadedModule
instanceKlass jdk/internal/loader/AbstractClassLoaderValue
instanceKlass jdk/internal/module/ServicesCatalog
instanceKlass jdk/internal/util/Preconditions
instanceKlass sun/net/util/IPAddressUtil
instanceKlass java/net/URLStreamHandler
instanceKlass java/util/HexFormat
instanceKlass sun/net/www/ParseUtil
instanceKlass java/net/URL$3
instanceKlass jdk/internal/access/JavaNetURLAccess
instanceKlass java/net/URL$DefaultFactory
instanceKlass java/net/URLStreamHandlerFactory
instanceKlass jdk/internal/loader/URLClassPath
instanceKlass java/security/Principal
instanceKlass java/security/ProtectionDomain$Key
instanceKlass java/security/ProtectionDomain$JavaSecurityAccessImpl
instanceKlass jdk/internal/access/JavaSecurityAccess
instanceKlass java/lang/ClassLoader$ParallelLoaders
instanceKlass java/security/cert/Certificate
instanceKlass jdk/internal/loader/ArchivedClassLoaders
instanceKlass java/util/Deque
instanceKlass java/util/Queue
instanceKlass jdk/internal/loader/ClassLoaderHelper
instanceKlass jdk/internal/loader/NativeLibraries
instanceKlass jdk/internal/loader/BootLoader
instanceKlass java/util/Optional
instanceKlass jdk/internal/module/SystemModuleFinders$SystemModuleFinder
instanceKlass java/lang/module/ModuleFinder
instanceKlass jdk/internal/module/SystemModuleFinders$3
instanceKlass jdk/internal/module/ModuleHashes$HashSupplier
instanceKlass jdk/internal/module/SystemModuleFinders$2
instanceKlass java/util/function/Supplier
instanceKlass java/lang/module/ModuleReference
instanceKlass jdk/internal/module/ModuleResolution
instanceKlass java/util/Collections$UnmodifiableMap
instanceKlass jdk/internal/module/ModuleHashes$Builder
instanceKlass jdk/internal/module/ModuleHashes
instanceKlass jdk/internal/module/ModuleTarget
instanceKlass java/util/ImmutableCollections$Set12$1
instanceKlass java/lang/Enum
instanceKlass java/lang/module/ModuleDescriptor$Version
instanceKlass java/lang/module/ModuleDescriptor$Provides
instanceKlass java/lang/module/ModuleDescriptor$Opens
instanceKlass java/util/ImmutableCollections$SetN$SetNIterator
instanceKlass java/lang/module/ModuleDescriptor$Exports
instanceKlass java/lang/module/ModuleDescriptor$Requires
instanceKlass jdk/internal/module/Builder
instanceKlass jdk/internal/module/SystemModules$default
instanceKlass jdk/internal/module/SystemModules
instanceKlass jdk/internal/module/SystemModulesMap
instanceKlass java/net/URI$1
instanceKlass jdk/internal/access/JavaNetUriAccess
instanceKlass java/net/URI
instanceKlass jdk/internal/module/SystemModuleFinders
instanceKlass jdk/internal/module/ArchivedModuleGraph
instanceKlass jdk/internal/module/ArchivedBootLayer
instanceKlass jdk/internal/module/ModuleBootstrap$Counters
instanceKlass jdk/internal/module/ModulePatcher
instanceKlass java/io/FileSystem
instanceKlass java/io/DefaultFileSystem
instanceKlass java/io/File
instanceKlass java/lang/module/ModuleDescriptor$1
instanceKlass jdk/internal/access/JavaLangModuleAccess
instanceKlass sun/invoke/util/VerifyAccess
instanceKlass java/lang/module/ModuleDescriptor
instanceKlass jdk/internal/module/ModuleBootstrap
instanceKlass sun/security/action/GetPropertyAction
instanceKlass java/lang/invoke/MethodHandleStatics
instanceKlass java/util/Collections
instanceKlass sun/io/Win32ErrorMode
instanceKlass jdk/internal/misc/OSEnvironment
instanceKlass jdk/internal/misc/Signal$NativeHandler
instanceKlass java/util/Hashtable$Entry
instanceKlass jdk/internal/misc/Signal
instanceKlass java/lang/Terminator$1
instanceKlass jdk/internal/misc/Signal$Handler
instanceKlass java/lang/Terminator
instanceKlass java/nio/ByteOrder
instanceKlass java/nio/Buffer$1
instanceKlass jdk/internal/access/JavaNioAccess
instanceKlass jdk/internal/misc/ScopedMemoryAccess
instanceKlass java/nio/charset/CodingErrorAction
instanceKlass sun/nio/cs/SingleByte
instanceKlass java/lang/StringUTF16
instanceKlass sun/nio/cs/IBM437$Holder
instanceKlass sun/nio/cs/ArrayEncoder
instanceKlass java/nio/charset/CharsetEncoder
instanceKlass java/io/Writer
instanceKlass java/lang/reflect/Modifier
instanceKlass java/lang/Class$1
instanceKlass java/lang/Class$Atomic
instanceKlass java/lang/Class$ReflectionData
instanceKlass jdk/internal/util/ArraysSupport
instanceKlass java/nio/charset/StandardCharsets
instanceKlass sun/nio/cs/HistoricallyNamedCharset
instanceKlass java/lang/ThreadLocal
instanceKlass java/nio/charset/spi/CharsetProvider
instanceKlass java/nio/charset/Charset
instanceKlass java/io/OutputStream
instanceKlass java/io/Flushable
instanceKlass java/io/FileDescriptor$1
instanceKlass jdk/internal/access/JavaIOFileDescriptorAccess
instanceKlass java/io/FileDescriptor
instanceKlass jdk/internal/util/StaticProperty
instanceKlass java/util/HashMap$HashIterator
instanceKlass java/lang/Integer$IntegerCache
instanceKlass java/lang/CharacterData
instanceKlass java/util/Arrays
instanceKlass java/lang/VersionProps
instanceKlass java/lang/StringConcatHelper
instanceKlass jdk/internal/misc/VM
instanceKlass jdk/internal/util/SystemProps$Raw
instanceKlass jdk/internal/util/SystemProps
instanceKlass java/lang/System$2
instanceKlass jdk/internal/access/JavaLangAccess
instanceKlass java/lang/ref/Reference$1
instanceKlass jdk/internal/access/JavaLangRefAccess
instanceKlass java/lang/ref/ReferenceQueue$Lock
instanceKlass java/lang/ref/ReferenceQueue
instanceKlass jdk/internal/reflect/ReflectionFactory
instanceKlass jdk/internal/reflect/ReflectionFactory$GetReflectionFactoryAction
instanceKlass java/security/PrivilegedAction
instanceKlass java/util/concurrent/locks/LockSupport
instanceKlass java/util/concurrent/ConcurrentHashMap$Node
instanceKlass java/util/concurrent/ConcurrentHashMap$CounterCell
instanceKlass java/util/concurrent/locks/ReentrantLock
instanceKlass java/util/concurrent/locks/Lock
instanceKlass java/lang/Runtime
instanceKlass java/util/HashMap$Node
instanceKlass java/util/KeyValueHolder
instanceKlass java/util/Map$Entry
instanceKlass java/util/ImmutableCollections$MapN$MapNIterator
instanceKlass java/lang/Math
instanceKlass jdk/internal/reflect/Reflection
instanceKlass java/lang/invoke/MethodHandles$Lookup
instanceKlass java/lang/StringLatin1
instanceKlass java/security/Permission
instanceKlass java/security/Guard
instanceKlass java/lang/invoke/MemberName$Factory
instanceKlass java/lang/invoke/MethodHandles
instanceKlass jdk/internal/access/SharedSecrets
instanceKlass java/lang/reflect/ReflectAccess
instanceKlass jdk/internal/access/JavaLangReflectAccess
instanceKlass java/util/ImmutableCollections
instanceKlass java/util/Objects
instanceKlass java/util/Set
instanceKlass jdk/internal/misc/CDS
instanceKlass java/lang/Module$ArchivedData
instanceKlass java/lang/String$CaseInsensitiveComparator
instanceKlass java/util/Comparator
instanceKlass java/io/ObjectStreamField
instanceKlass jdk/internal/vm/vector/VectorSupport$VectorPayload
instanceKlass jdk/internal/vm/vector/VectorSupport
instanceKlass java/lang/reflect/RecordComponent
instanceKlass java/util/Iterator
instanceKlass java/lang/Number
instanceKlass java/lang/Character
instanceKlass java/lang/Boolean
instanceKlass java/util/concurrent/locks/AbstractOwnableSynchronizer
instanceKlass java/lang/LiveStackFrame
instanceKlass java/lang/StackFrameInfo
instanceKlass java/lang/StackWalker$StackFrame
instanceKlass java/lang/StackStreamFactory$AbstractStackWalker
instanceKlass java/lang/StackWalker
instanceKlass java/nio/Buffer
instanceKlass java/lang/StackTraceElement
instanceKlass java/util/RandomAccess
instanceKlass java/util/List
instanceKlass java/util/AbstractCollection
instanceKlass java/util/Collection
instanceKlass java/lang/Iterable
instanceKlass java/util/concurrent/ConcurrentMap
instanceKlass java/util/AbstractMap
instanceKlass java/security/CodeSource
instanceKlass jdk/internal/loader/ClassLoaders
instanceKlass java/util/jar/Manifest
instanceKlass java/net/URL
instanceKlass java/io/InputStream
instanceKlass java/io/Closeable
instanceKlass java/lang/AutoCloseable
instanceKlass jdk/internal/module/Modules
instanceKlass jdk/internal/misc/Unsafe
instanceKlass jdk/internal/misc/UnsafeConstants
instanceKlass java/lang/AbstractStringBuilder
instanceKlass java/lang/Appendable
instanceKlass java/lang/AssertionStatusDirectives
instanceKlass java/lang/invoke/MethodHandleNatives$CallSiteContext
instanceKlass jdk/internal/invoke/NativeEntryPoint
instanceKlass java/lang/invoke/CallSite
instanceKlass java/lang/invoke/MethodType
instanceKlass java/lang/invoke/TypeDescriptor$OfMethod
instanceKlass java/lang/invoke/LambdaForm
instanceKlass java/lang/invoke/MethodHandleNatives
instanceKlass java/lang/invoke/ResolvedMethodName
instanceKlass java/lang/invoke/MemberName
instanceKlass java/lang/invoke/VarHandle
instanceKlass java/lang/invoke/MethodHandle
instanceKlass jdk/internal/reflect/CallerSensitive
instanceKlass java/lang/annotation/Annotation
instanceKlass jdk/internal/reflect/FieldAccessor
instanceKlass jdk/internal/reflect/ConstantPool
instanceKlass jdk/internal/reflect/ConstructorAccessor
instanceKlass jdk/internal/reflect/MethodAccessor
instanceKlass jdk/internal/reflect/MagicAccessorImpl
instanceKlass java/lang/reflect/Parameter
instanceKlass java/lang/reflect/Member
instanceKlass java/lang/reflect/AccessibleObject
instanceKlass java/lang/Module
instanceKlass java/util/Map
instanceKlass java/util/Dictionary
instanceKlass java/lang/ThreadGroup
instanceKlass java/lang/Thread$UncaughtExceptionHandler
instanceKlass java/lang/Thread
instanceKlass java/lang/Runnable
instanceKlass java/lang/ref/Reference
instanceKlass java/lang/Record
instanceKlass java/security/AccessController
instanceKlass java/security/AccessControlContext
instanceKlass java/security/ProtectionDomain
instanceKlass java/lang/SecurityManager
instanceKlass java/lang/Throwable
instanceKlass java/lang/System
instanceKlass java/lang/ClassLoader
instanceKlass java/lang/Cloneable
instanceKlass java/lang/Class
instanceKlass java/lang/invoke/TypeDescriptor$OfField
instanceKlass java/lang/invoke/TypeDescriptor
instanceKlass java/lang/reflect/Type
instanceKlass java/lang/reflect/GenericDeclaration
instanceKlass java/lang/reflect/AnnotatedElement
instanceKlass java/lang/String
instanceKlass java/lang/constant/ConstantDesc
instanceKlass java/lang/constant/Constable
instanceKlass java/lang/CharSequence
instanceKlass java/lang/Comparable
instanceKlass java/io/Serializable
ciInstanceKlass java/lang/Object 1 1 92 7 1 10 12 1 1 10 7 12 1 1 1 10 7 12 1 1 1 10 12 1 1 8 1 10 12 1 1 10 7 12 1 1 1 10 12 1 10 12 1 1 100 1 8 1 10 12 1 3 8 1 100 1 5 0 1 1 1 1 1 1 1 1 1 1 1 1 1 1 1 1 7 1 1 1 7 1 1 1 1 1 1 1 7 1 1 1 1 1 1 1
ciMethod java/lang/Object equals (Ljava/lang/Object;)Z 516 0 51639 0 -1
ciMethod java/lang/Object hashCode ()I 256 0 128 0 -1
ciInstanceKlass java/lang/Class 1 1 1611 10 7 12 1 1 1 9 7 12 1 1 1 9 12 1 1 7 1 10 10 12 1 1 8 1 10 12 1 8 1 8 1 10 12 1 1 10 12 1 1 10 12 1 10 10 12 1 10 12 1 1 10 12 1 1 10 7 12 1 1 10 12 1 10 12 1 10 12 1 8 1 10 12 1 8 1 10 12 1 8 1 8 1 10 12 1 1 10 7 12 1 1 1 18 12 1 1 11 7 12 1 1 1 8 1 8 1 8 1 10 7 12 1 1 1 11 12 1 1 7 1 8 1 10 12 1 11 100 12 1 1 1 10 12 1 1 11 8 1 18 8 1 10 12 1 10 7 12 1 1 10 7 12 1 1 1 10 12 1 1 10 7 12 1 1 1 9 7 12 1 1 1 10 100 12 1 1 1 10 7 12 1 1 1 10 12 1 1 18 12 1 1 10 7 12 1 1 1 10 7 12 1 1 10 12 1 1 10 7 1 100 1 10 12 1 1 9 12 1 1 7 1 8 1 10 12 1 10 12 1 1 10 12 1 1 10 7 12 1 1 1 7 1 10 12 1 7 1 7 1 10 10 12 1 1 10 12 1 1 100 1 10 100 12 1 1 1 10 12 1 1 10 12 1 1 9 12 1 1 10 12 1 10 12 1 10 12 1 1 9 12 1 1 9 12 1 1 10 12 1 1 10 7 1 10 12 1 10 12 1 10 12 1 1 10 9 12 1 10 12 1 8 1 10 12 1 1 10 12 1 1 10 12 1 10 12 1 1 10 12 1 1 10 12 1 1 9 7 12 1 1 1 10 7 12 1 1 10 12 10 12 1 10 12 1 1 10 100 12 1 1 10 12 1 10 12 1 1 10 100 12 1 1 1 10 12 1 10 12 1 1 10 12 1 10 12 1 10 12 1 1 10 7 1 10 10 10 12 1 1 10 12 1 1 10 12 10 12 1 1 100 1 8 1 10 10 12 1 1 10 12 1 100 1 11 12 1 10 100 12 1 1 10 12 1 10 12 1 10 100 12 1 1 10 10 12 1 1 8 1 10 12 1 10 12 1 1 8 1 9 12 1 10 12 1 10 12 1 10 12 1 10 12 100 1 9 12 1 10 12 1 9 12 1 10 12 1 10 12 1 10 12 1 10 10 12 1 10 12 1 10 12 1 10 12 1 10 12 1 10 12 1 100 1 10 12 1 10 12 1 1 10 12 1 1 10 12 1 1 10 12 1 1 10 12 1 1 10 12 1 1 7 1 10 10 12 1 1 10 12 1 1 10 12 1 1 10 10 12 1 10 12 1 1 10 12 1 1 10 12 1 1 10 12 1 1 7 1 10 10 12 11 100 12 1 1 10 12 1 1 10 12 1 10 7 12 1 1 1 10 12 1 1 10 10 12 1 1 100 1 10 10 12 1 1 10 100 12 1 1 1 100 1 7 1 10 12 1 1 10 12 1 10 10 12 1 1 10 12 1 10 12 1 10 12 1 10 100 12 1 1 1 11 7 12 1 1 10 12 1 10 12 1 9 12 1 10 12 1 1 10 12 1 9 12 1 1 7 1 10 9 12 1 1 10 12 7 1 10 12 1 9 12 1 10 100 12 1 1 1 10 12 1 10 12 1 10 100 12 1 1 1 10 12 1 10 12 10 12 1 1 100 1 10 8 1 10 12 1 11 11 12 1 1 11 7 12 1 1 11 12 1 8 1 10 12 1 10 12 1 1 9 12 1 9 12 1 1 10 7 12 1 1 9 12 1 10 12 1 1 10 10 12 1 10 7 12 1 1 1 10 7 12 1 1 10 7 12 1 1 9 12 1 1 10 12 1 9 12 1 10 12 1 10 12 1 1 9 12 1 1 9 12 1 10 12 1 10 12 1 1 9 12 1 7 1 10 10 12 1 1 7 1 10 12 1 1 7 11 7 1 9 12 1 1 9 12 1 100 1 10 12 1 9 12 1 1 9 12 1 10 12 1 10 12 1 1 9 12 1 7 1 10 10 12 1 1 10 10 12 1 1 10 12 10 10 12 1 9 12 1 10 12 1 1 10 7 12 1 1 1 10 12 1 1 10 12 1 8 10 7 8 1 18 8 1 8 1 10 12 1 9 12 1 9 12 1 1 10 12 1 7 1 7 1 10 12 1 9 12 1 1 7 1 10 10 12 1 10 7 1 9 12 1 8 1 10 12 1 7 1 10 12 1 10 12 1 1 9 12 1 100 1 8 1 10 7 1 4 10 10 12 11 7 12 1 1 1 10 12 1 100 1 10 12 1 1 10 8 1 8 1 10 12 1 1 9 7 12 1 1 11 12 7 1 11 7 12 1 1 9 12 1 10 100 12 1 1 1 10 7 12 1 1 10 12 1 1 9 12 1 9 10 12 1 1 10 12 1 1 10 12 1 1 10 12 1 1 10 12 1 1 11 12 1 7 1 11 12 1 10 7 12 1 1 1 10 12 1 7 1 11 12 1 10 100 12 1 1 1 10 12 1 10 11 12 1 11 12 1 1 10 12 1 10 12 1 1 9 12 1 1 9 7 12 1 1 10 12 1 10 7 12 1 1 1 10 12 1 1 10 12 1 10 12 1 10 12 1 10 7 12 1 1 1 10 12 1 8 1 10 12 1 10 12 1 10 12 1 10 100 12 1 1 1 11 100 12 1 1 1 10 12 1 1 10 12 1 18 12 1 1 11 12 1 1 18 11 12 1 18 12 1 11 12 1 10 12 1 1 10 12 1 10 12 1 10 12 10 12 1 8 1 10 12 1 7 1 9 12 1 1 100 1 100 1 100 1 100 1 100 1 1 1 3 1 3 1 3 1 1 1 1 1 1 1 5 0 1 1 1 1 1 1 1 1 1 1 1 1 1 1 1 1 1 1 1 1 1 1 1 100 1 1 1 1 1 1 1 100 1 1 1 1 1 1 7 1 1 1 1 1 1 1 1 1 1 1 1 1 1 1 1 1 1 1 1 1 1 1 1 1 1 1 1 1 1 1 1 1 1 1 1 1 1 100 1 1 1 1 1 1 1 1 1 1 1 1 1 1 1 1 1 1 1 1 1 1 1 1 1 1 1 1 100 1 1 1 1 1 1 1 1 1 1 1 1 1 1 1 1 1 1 1 1 1 1 1 1 1 1 1 1 1 1 1 1 1 1 1 1 1 1 1 1 1 1 1 1 1 1 1 1 1 1 1 1 1 100 1 100 1 1 1 1 1 1 1 1 1 1 1 1 1 1 1 1 1 1 1 1 1 1 1 1 1 1 1 1 1 1 1 1 1 1 1 1 1 1 1 1 1 1 1 1 1 1 1 1 1 1 1 1 1 1 1 1 1 1 1 1 1 1 1 100 1 1 1 1 1 1 1 1 1 1 1 1 1 1 1 1 1 1 1 1 1 1 1 1 1 1 1 1 1 1 1 1 1 1 1 1 1 1 1 1 1 1 1 1 1 1 1 1 1 1 1 1 1 1 1 1 1 1 1 1 1 1 1 1 1 1 1 1 15 10 7 12 1 1 1 16 15 10 12 16 15 11 12 16 1 16 15 16 15 10 12 16 16 15 10 12 16 15 16 1 15 10 12 16 1 1 1 1 1 1 1 1 100 1 1 100 1 100 1 1 100 1 100 1 1
staticfield java/lang/Class EMPTY_CLASS_ARRAY [Ljava/lang/Class; 0 [Ljava/lang/Class;
staticfield java/lang/Class serialPersistentFields [Ljava/io/ObjectStreamField; 0 [Ljava/io/ObjectStreamField;
ciInstanceKlass java/io/Serializable 1 0 7 100 1 100 1 1 1
instanceKlass jdk/internal/vm/vector/VectorSupport$VectorShuffle
instanceKlass jdk/internal/vm/vector/VectorSupport$VectorMask
instanceKlass jdk/internal/vm/vector/VectorSupport$Vector
ciInstanceKlass jdk/internal/vm/vector/VectorSupport$VectorPayload 0 0 32 10 100 12 1 1 1 9 100 12 1 1 1 10 100 12 1 1 1 1 1 1 1 1 1 1 1 1 1 1 1 1
ciInstanceKlass jdk/internal/vm/vector/VectorSupport$VectorShuffle 0 0 28 10 100 12 1 1 1 100 1 1 1 1 1 1 1 1 1 1 1 1 1 1 1 100 1 1 1 1
ciInstanceKlass jdk/internal/vm/vector/VectorSupport$VectorMask 0 0 28 10 100 12 1 1 1 100 1 1 1 1 1 1 1 1 1 1 1 1 1 1 1 100 1 1 1 1
ciInstanceKlass jdk/internal/vm/vector/VectorSupport$Vector 0 0 28 10 100 12 1 1 1 100 1 1 1 1 1 1 1 1 1 1 1 1 1 1 1 100 1 1 1 1
ciInstanceKlass jdk/internal/vm/vector/VectorSupport 0 0 487 100 1 10 100 12 1 1 1 9 12 1 1 10 12 1 1 100 1 10 12 1 11 100 12 1 1 1 11 100 12 1 1 1 11 100 12 1 1 11 100 12 1 1 1 11 100 1 100 1 10 12 1 1 11 100 12 1 1 11 100 12 1 1 100 1 11 100 12 1 1 11 100 12 1 1 11 100 12 1 1 1 11 100 12 1 1 1 11 100 12 1 1 1 11 100 12 1 1 1 100 1 10 12 1 1 11 100 12 1 1 100 1 11 100 12 1 1 11 100 12 1 1 11 100 12 1 1 11 100 1 100 1 9 12 1 1 10 100 12 1 1 11 100 12 1 1 10 12 1 1 10 100 12 1 1 1 10 12 1 10 12 1 1 10 12 1 1 1 1 1 3 1 3 1 3 1 3 1 3 1 3 1 3 1 3 1 3 1 3 1 3 1 3 1 3 1 3 1 3 1 3 1 3 1 3 1 3 1 3 1 3 1 3 1 3 1 3 1 3 1 3 1 3 1 3 1 3 1 3 1 3 1 3 1 3 1 3 1 3 1 3 1 3 1 3 1 3 1 1 1 1 1 3 1 1 1 1 1 1 3 1 1 1 1 1 1 1 1 1 1 1 1 1 1 1 1 1 1 1 1 1 1 1 1 1 1 1 1 1 1 1 1 1 1 1 1 1 1 1 1 1 1 1 1 1 1 1 1 1 1 1 1 1 1 1 1 1 1 1 1 1 1 1 1 1 1 1 1 1 1 1 1 1 1 1 1 1 1 1 1 1 1 1 1 1 1 1 1 1 1 1 1 1 1 1 1 1 1 1 1 1 1 1 1 1 1 1 1 1 1 1 1 1 1 1 1 1 1 1 1 1 1 1 1 1 1 1 1 1 1 1 1 1 1 1 1 1 1 1 1 1 1 1 1 1 1 1 1 1 1 1 1 1 1 1 1 1 1 1 1 1 1 1 1 1 1 1 1 1 1 1 1 1 1 1 1 1 1 1 1 1 1 1 1 1 1 1 1 1 1 1 1 1 1 1 1 1 1 1 100 1 100 1 1 1 1 1 1 1 1 1 1 1 1 1 1 1 1 1 1 1 1 1 1 1 1
ciInstanceKlass java/lang/reflect/RecordComponent 0 0 196 10 100 12 1 1 1 9 100 12 1 1 1 9 12 1 1 9 12 1 10 12 1 1 10 12 1 1 10 100 12 1 1 1 10 12 1 1 9 12 1 1 10 12 1 1 10 12 1 1 10 12 1 10 100 12 1 1 10 100 12 1 1 9 12 1 1 10 100 12 1 1 1 11 100 12 1 1 1 10 9 100 12 1 1 1 10 100 12 1 1 1 9 12 1 1 10 100 12 1 1 1 10 12 1 1 11 100 12 1 1 10 100 12 1 1 100 1 9 12 1 9 12 1 1 9 12 1 10 100 12 1 1 1 10 12 1 1 10 12 1 1 100 1 10 10 12 1 10 12 1 1 8 1 10 12 1 10 12 1 9 12 1 100 1 1 1 1 1 1 1 1 1 1 1 1 1 1 1 1 1 1 1 1 1 1 100 1 1 1 1 1 1 100 1 1
ciInstanceKlass java/util/Iterator 1 1 53 100 1 8 1 10 12 1 1 10 7 12 1 1 1 11 7 12 1 1 1 11 12 1 1 11 7 12 1 1 1 100 1 1 1 1 1 1 1 1 1 1 1 1 1 1 1 1 1 1 1 1 1
ciInstanceKlass java/lang/System 1 1 803 10 100 12 1 1 1 9 7 12 1 1 1 10 12 1 10 12 1 1 10 12 1 1 10 12 1 9 12 1 1 10 7 12 1 1 1 11 100 12 1 1 1 10 100 12 1 1 1 10 12 1 1 10 12 1 1 100 1 8 1 10 12 1 10 100 12 1 1 1 10 7 12 1 1 1 18 12 1 1 10 100 12 1 1 1 100 1 10 12 1 1 10 100 12 1 1 1 10 12 1 10 7 12 1 1 1 9 100 12 1 1 1 10 100 12 1 1 1 11 7 12 1 1 1 10 12 1 1 10 7 12 1 1 1 100 1 10 10 12 1 1 8 1 10 12 1 8 1 10 12 1 9 12 1 1 8 1 10 7 12 1 1 1 10 12 1 1 100 1 8 1 10 9 12 1 1 8 1 10 12 1 1 10 100 12 1 1 1 8 1 10 12 1 100 1 10 12 1 8 1 10 12 1 10 12 1 1 100 1 10 12 10 12 1 9 12 1 1 9 12 1 1 10 7 12 1 1 1 10 7 12 1 1 1 10 12 1 1 10 12 1 10 12 1 10 7 12 1 1 1 10 12 1 100 1 100 1 8 1 10 12 1 10 12 1 1 7 1 10 12 1 100 1 8 1 10 10 12 1 100 1 8 1 10 8 1 10 7 12 1 1 8 1 10 12 100 1 8 1 10 10 12 1 1 10 7 12 1 1 1 100 1 18 12 1 100 1 9 100 12 1 1 1 10 12 1 100 1 10 12 1 1 10 12 1 1 10 7 12 1 1 1 10 12 1 1 10 12 1 10 12 1 10 12 1 1 10 12 1 7 1 10 12 1 10 12 1 100 1 10 12 1 10 7 12 1 1 1 100 1 8 1 10 9 12 1 9 12 1 10 12 1 10 100 12 1 1 10 12 1 10 12 1 1 8 1 10 12 1 1 8 1 11 12 1 10 12 11 12 1 1 11 7 12 1 1 1 11 7 12 1 1 11 12 1 1 7 1 11 12 1 10 12 1 8 1 10 12 1 1 8 1 8 1 8 1 8 1 11 12 1 10 12 1 10 12 1 10 12 1 10 7 12 1 1 8 1 7 1 9 7 12 1 1 1 10 12 1 7 1 9 12 10 9 12 7 1 10 12 8 1 10 12 1 1 8 1 10 7 12 1 1 10 12 1 10 7 12 1 1 1 10 12 1 1 10 7 12 1 1 1 10 12 10 7 12 1 1 1 9 12 1 1 100 1 8 1 10 12 1 1 10 7 12 1 1 1 7 1 10 12 1 1 8 1 10 8 1 8 1 8 1 8 1 10 10 7 12 1 1 10 12 1 1 10 12 1 1 10 12 1 1 10 12 1 10 100 12 1 1 1 10 100 1 8 1 10 10 10 12 1 1 10 12 1 1 8 1 10 12 1 8 1 10 12 1 10 12 1 1 7 1 10 10 12 1 10 12 1 9 12 1 1 1 3 1 3 1 1 1 1 1 1 1 1 1 1 1 1 100 1 1 100 1 1 1 1 1 1 1 1 1 1 1 100 1 100 1 1 1 1 1 1 1 1 1 1 1 1 1 1 1 1 1 1 1 1 1 1 1 1 1 1 1 1 1 1 1 1 1 1 1 1 1 1 1 1 1 1 1 1 1 1 1 1 1 1 1 1 1 1 1 1 1 1 100 1 1 1 1 1 1 1 1 1 1 1 1 1 1 1 1 1 1 1 1 1 1 1 1 1 1 1 1 1 1 1 1 1 100 1 1 15 10 100 12 1 1 1 16 15 10 12 1 1 16 15 10 12 16 1 1 1 1 1 1 1 100 1 100 1 1
staticfield java/lang/System in Ljava/io/InputStream; java/io/BufferedInputStream
staticfield java/lang/System out Ljava/io/PrintStream; org/fusesource/jansi/AnsiPrintStream
staticfield java/lang/System err Ljava/io/PrintStream; org/fusesource/jansi/AnsiPrintStream
instanceKlass org/eclipse/sisu/space/CloningClassSpace$CloningClassLoader
instanceKlass jdk/internal/reflect/DelegatingClassLoader
instanceKlass java/security/SecureClassLoader
ciInstanceKlass java/lang/ClassLoader 1 1 1098 9 7 12 1 1 1 10 7 12 1 1 1 9 12 1 1 10 7 12 1 1 1 7 1 10 12 1 1 10 12 1 1 9 12 1 1 10 12 1 1 100 1 10 12 1 10 12 1 1 10 7 12 1 1 1 100 1 8 1 10 12 1 10 7 12 1 1 1 10 100 12 1 10 7 1 10 7 1 7 1 7 1 10 12 1 10 12 1 9 12 1 1 10 10 7 12 1 1 1 9 12 1 1 9 12 1 9 12 1 1 9 12 1 9 12 1 1 9 12 1 1 7 1 10 12 1 9 12 1 1 10 12 1 1 10 7 12 1 1 1 9 12 1 9 12 1 1 9 12 1 10 12 1 1 9 12 10 12 1 1 7 1 10 8 1 10 12 1 1 10 12 1 10 7 1 7 1 10 12 1 1 10 7 12 1 1 1 8 1 10 12 1 10 12 1 10 12 1 1 10 12 1 1 10 12 1 1 10 12 1 1 10 12 1 1 10 12 1 7 1 10 12 1 10 7 12 1 1 1 10 12 1 1 10 12 1 10 12 1 10 12 1 10 12 1 10 12 1 1 10 10 12 1 10 12 1 10 100 12 1 1 10 12 1 1 10 12 1 1 10 12 1 100 1 10 12 1 100 1 10 12 1 10 100 12 1 1 1 10 10 12 1 1 10 12 1 1 100 1 8 1 10 8 1 10 12 1 10 12 1 100 1 8 1 10 12 1 1 10 12 1 1 10 10 12 1 1 10 12 1 1 10 12 1 1 10 7 1 10 12 1 1 10 12 1 1 10 12 1 1 10 12 1 1 10 12 1 1 10 12 1 1 10 12 1 10 7 12 1 1 1 10 12 1 10 12 1 10 12 1 1 10 12 1 10 12 1 10 12 1 10 12 1 1 10 12 1 10 12 1 1 8 1 9 12 1 10 12 1 1 8 1 8 1 10 7 12 1 1 100 1 10 10 12 10 12 1 10 12 1 10 12 1 10 12 1 1 10 7 12 1 1 10 12 1 10 7 1 7 1 10 12 1 1 10 12 1 10 7 1 10 12 1 100 1 18 12 1 10 100 12 1 1 1 10 7 12 1 1 1 10 7 12 1 1 10 12 1 1 10 12 1 10 12 1 1 100 1 10 12 1 10 12 1 1 10 7 12 1 1 10 12 1 8 1 100 1 10 10 12 1 9 12 1 10 7 12 1 1 10 12 1 100 1 8 1 10 12 1 10 8 1 8 1 10 12 1 1 10 12 1 1 10 12 1 1 10 100 12 1 1 1 100 1 100 1 10 12 1 1 100 1 100 1 10 100 12 1 1 10 12 1 10 12 1 1 10 12 1 10 12 1 1 10 12 1 1 9 100 12 1 1 1 10 12 1 1 10 12 1 10 12 1 10 12 1 1 10 12 1 8 1 10 12 1 7 1 18 12 1 1 10 12 1 1 10 12 1 10 12 1 10 12 1 8 1 10 12 1 10 12 1 18 12 1 11 100 12 1 1 1 100 1 10 12 1 1 10 12 1 10 11 12 1 1 10 18 10 12 1 1 11 100 12 1 18 12 1 11 12 1 1 10 12 10 12 1 1 10 12 1 1 100 1 8 1 10 10 12 1 8 1 8 1 10 100 12 1 1 10 12 1 100 1 10 10 12 1 8 1 8 1 8 1 10 12 1 10 12 1 1 10 12 1 10 100 12 1 1 1 11 100 12 1 1 100 1 10 11 10 12 1 10 12 1 10 12 1 1 9 100 12 1 1 9 12 1 1 9 12 9 12 1 9 12 1 9 12 1 8 10 12 1 1 10 7 12 1 1 1 10 12 1 1 10 12 1 1 10 12 1 10 10 12 1 11 12 1 1 10 100 12 1 1 1 100 1 10 12 1 10 12 1 10 12 1 1 1 1 1 1 1 1 1 1 1 1 1 1 1 1 1 1 1 1 1 1 1 1 1 1 1 1 100 1 1 1 1 1 1 1 1 1 1 1 1 1 1 1 1 1 1 1 1 1 100 1 1 1 1 1 1 1 1 1 1 100 1 1 1 1 1 1 1 1 1 1 1 1 1 1 1 1 1 1 1 1 1 1 1 1 1 1 1 1 1 1 1 1 1 1 1 1 1 1 1 1 1 100 1 1 1 1 1 1 1 1 1 1 1 1 1 1 1 1 1 1 100 1 1 1 1 1 1 1 1 1 1 1 1 1 1 1 1 1 1 1 1 1 1 1 1 1 1 1 1 1 1 1 1 1 1 1 1 1 1 1 1 1 1 1 1 1 1 1 1 1 1 1 100 1 1 1 1 1 1 1 1 1 1 1 1 1 1 1 1 1 1 1 1 1 1 1 1 1 1 1 1 1 1 1 1 1 1 1 1 1 1 1 1 1 1 1 1 1 1 15 10 100 12 1 1 1 16 1 15 10 12 16 1 16 15 10 12 16 1 16 1 15 10 12 16 15 10 12 16 15 10 12 16 1 1 100 1 100 1 1
staticfield java/lang/ClassLoader nocerts [Ljava/security/cert/Certificate; 0 [Ljava/security/cert/Certificate;
staticfield java/lang/ClassLoader $assertionsDisabled Z 1
ciInstanceKlass jdk/internal/reflect/DelegatingClassLoader 1 1 18 10 7 12 1 1 1 100 1 1 1 1 1 1 1 1 1 1
instanceKlass jdk/internal/loader/Loader
instanceKlass java/net/URLClassLoader
instanceKlass jdk/internal/loader/BuiltinClassLoader
ciInstanceKlass java/security/SecureClassLoader 1 1 102 10 7 12 1 1 1 7 1 10 12 1 9 7 12 1 1 1 10 12 1 10 12 1 10 12 1 1 10 12 1 1 10 12 1 7 1 10 7 1 10 12 1 7 1 10 12 1 11 7 12 1 1 1 7 1 11 12 1 10 12 1 1 1 1 1 1 1 1 1 1 1 1 1 1 1 1 1 1 1 1 1 1 1 1 1 1 1 1 1 1 1 1 1 1 1 1 100 1 1 1 1
instanceKlass jdk/internal/loader/ClassLoaders$BootClassLoader
instanceKlass jdk/internal/loader/ClassLoaders$PlatformClassLoader
instanceKlass jdk/internal/loader/ClassLoaders$AppClassLoader
ciInstanceKlass jdk/internal/loader/BuiltinClassLoader 1 1 737 9 7 12 1 1 1 10 7 12 1 1 1 10 7 12 1 1 1 9 12 1 1 9 12 1 1 7 1 10 12 1 9 12 1 10 12 1 9 12 1 10 7 12 1 1 1 10 7 12 1 1 1 10 7 12 1 1 1 11 7 12 1 1 1 100 1 100 1 10 10 12 1 1 8 1 10 12 1 10 12 7 1 10 12 1 10 12 1 1 11 7 12 1 1 1 11 7 12 1 1 1 11 12 1 1 7 1 8 1 8 1 10 9 12 1 1 10 7 12 1 1 11 12 1 1 10 12 1 1 10 12 1 1 10 12 1 1 10 7 12 1 1 1 10 12 1 10 7 12 1 1 1 10 12 1 1 11 7 12 1 1 1 10 7 12 1 1 7 1 10 7 12 1 1 1 10 12 1 100 1 8 1 10 12 1 1 10 8 1 10 12 1 1 10 12 1 1 10 12 1 1 11 7 12 1 1 11 12 1 7 1 10 11 12 1 1 11 10 12 1 1 7 1 10 12 1 10 7 12 1 10 12 1 7 1 10 12 1 10 7 12 1 1 1 100 1 10 12 1 1 11 12 1 7 1 100 1 10 12 1 10 12 1 1 100 1 100 1 10 12 1 10 12 1 18 12 1 1 10 12 1 10 12 1 1 18 100 1 10 7 12 1 1 1 7 1 10 10 12 1 1 10 12 1 1 10 12 1 1 10 12 1 9 12 1 1 100 1 10 10 12 1 1 10 12 1 1 10 12 1 10 12 10 12 1 1 10 12 1 1 10 12 1 1 10 12 1 10 12 1 1 18 12 1 7 1 10 12 1 1 10 12 1 10 12 1 1 10 12 1 100 1 10 12 1 7 1 10 12 1 10 7 12 1 1 1 10 12 1 11 12 1 7 1 10 12 1 7 1 100 1 10 12 1 10 12 1 11 12 1 1 10 12 1 1 10 12 1 1 10 12 1 1 10 12 1 1 10 12 1 10 12 1 10 12 1 10 12 1 8 1 10 12 1 1 10 7 12 1 1 10 12 1 100 1 8 1 8 1 10 10 12 1 8 1 8 1 10 7 12 1 1 1 11 7 12 1 1 1 9 7 12 1 1 1 10 7 12 1 1 1 9 12 1 9 12 1 9 12 1 9 12 1 9 12 1 9 12 1 10 7 12 1 1 1 8 1 10 12 1 7 1 10 12 1 1 10 12 1 7 1 10 11 12 1 1 10 12 10 12 1 10 12 1 100 1 10 12 1 10 12 1 10 10 12 1 10 7 12 1 1 8 1 10 7 12 1 1 10 12 1 1 1 1 1 1 1 1 1 1 1 1 1 1 1 1 1 1 1 1 1 1 1 1 1 1 1 1 1 1 1 1 1 1 1 1 1 1 1 1 1 1 1 1 1 1 1 1 1 1 1 1 1 1 1 1 100 1 1 1 1 1 1 1 1 1 1 1 1 1 1 1 1 1 1 100 1 100 1 1 1 1 1 1 1 1 1 1 1 1 1 1 1 1 1 1 1 1 1 1 1 1 1 1 1 1 1 1 1 1 1 1 1 1 1 1 1 1 1 1 1 1 1 1 1 1 1 1 1 100 1 1 15 10 100 12 1 1 1 16 15 10 12 16 15 10 12 16 15 10 12 16 1 1 1 100 1 1 1 1 1 100 1 100 1 1
staticfield jdk/internal/loader/BuiltinClassLoader packageToModule Ljava/util/Map; java/util/concurrent/ConcurrentHashMap
staticfield jdk/internal/loader/BuiltinClassLoader $assertionsDisabled Z 1
ciInstanceKlass java/security/AccessController 1 1 295 10 100 12 1 1 1 10 7 12 1 1 1 10 7 12 1 1 1 10 12 1 1 10 12 1 1 10 7 12 1 1 1 10 12 1 1 10 12 1 10 12 1 1 10 12 1 100 1 8 1 10 12 1 10 12 1 10 12 1 1 10 12 1 7 1 7 1 10 12 1 1 10 12 1 10 12 1 10 12 1 1 10 7 12 1 1 1 10 12 1 1 9 100 12 1 1 1 10 100 12 1 1 1 10 12 1 10 12 1 9 100 12 1 1 1 10 12 1 10 12 1 1 9 12 1 1 10 100 1 10 11 7 12 1 1 1 10 7 12 1 1 11 7 1 7 1 10 12 1 10 12 1 10 12 1 8 1 10 12 1 1 8 1 10 100 12 1 1 1 8 1 100 1 10 10 12 1 1 10 12 1 10 7 12 1 1 1 10 12 1 8 1 10 100 12 1 1 8 1 8 1 10 12 1 8 1 10 12 1 10 12 1 1 10 12 1 1 1 1 1 1 1 1 1 1 1 1 1 1 1 1 1 1 1 1 1 1 1 1 1 1 1 1 100 1 1 1 1 1 1 1 1 1 1 1 1 1 1 1 1 1 1 1 1 1 1 1 1 1 1 1 1 1 1 1 1 1 1 100 1 100 1 1 1 1 1 1 1 1 1 3 1 1 1
staticfield java/security/AccessController $assertionsDisabled Z 1
instanceKlass jdk/internal/reflect/GeneratedConstructorAccessor19
instanceKlass jdk/internal/reflect/GeneratedConstructorAccessor18
instanceKlass jdk/internal/reflect/GeneratedConstructorAccessor15
instanceKlass jdk/internal/reflect/GeneratedConstructorAccessor14
instanceKlass jdk/internal/reflect/GeneratedConstructorAccessor13
instanceKlass jdk/internal/reflect/GeneratedConstructorAccessor10
instanceKlass jdk/internal/reflect/GeneratedConstructorAccessor9
instanceKlass jdk/internal/reflect/GeneratedConstructorAccessor8
instanceKlass jdk/internal/reflect/GeneratedConstructorAccessor7
instanceKlass jdk/internal/reflect/GeneratedConstructorAccessor6
instanceKlass jdk/internal/reflect/GeneratedConstructorAccessor5
instanceKlass jdk/internal/reflect/GeneratedConstructorAccessor4
instanceKlass jdk/internal/reflect/GeneratedConstructorAccessor3
instanceKlass jdk/internal/reflect/GeneratedConstructorAccessor2
instanceKlass jdk/internal/reflect/BootstrapConstructorAccessorImpl
instanceKlass jdk/internal/reflect/GeneratedConstructorAccessor1
instanceKlass jdk/internal/reflect/DelegatingConstructorAccessorImpl
instanceKlass jdk/internal/reflect/NativeConstructorAccessorImpl
ciInstanceKlass jdk/internal/reflect/ConstructorAccessorImpl 1 1 27 10 7 12 1 1 1 100 1 100 1 1 1 1 1 1 1 1 1 100 1 100 1 100 1 1 1
instanceKlass jdk/internal/reflect/FieldAccessorImpl
instanceKlass jdk/internal/reflect/ConstructorAccessorImpl
instanceKlass jdk/internal/reflect/MethodAccessorImpl
ciInstanceKlass jdk/internal/reflect/MagicAccessorImpl 1 1 16 10 7 12 1 1 1 100 1 1 1 1 1 1 1 1
instanceKlass jdk/internal/reflect/GeneratedMethodAccessor108
instanceKlass jdk/internal/reflect/GeneratedMethodAccessor107
instanceKlass jdk/internal/reflect/GeneratedMethodAccessor106
instanceKlass jdk/internal/reflect/GeneratedMethodAccessor105
instanceKlass jdk/internal/reflect/GeneratedMethodAccessor104
instanceKlass jdk/internal/reflect/GeneratedMethodAccessor103
instanceKlass jdk/internal/reflect/GeneratedMethodAccessor102
instanceKlass jdk/internal/reflect/GeneratedMethodAccessor101
instanceKlass jdk/internal/reflect/GeneratedMethodAccessor100
instanceKlass jdk/internal/reflect/GeneratedMethodAccessor99
instanceKlass jdk/internal/reflect/GeneratedMethodAccessor98
instanceKlass jdk/internal/reflect/GeneratedMethodAccessor97
instanceKlass jdk/internal/reflect/GeneratedMethodAccessor96
instanceKlass jdk/internal/reflect/GeneratedMethodAccessor95
instanceKlass jdk/internal/reflect/GeneratedMethodAccessor94
instanceKlass jdk/internal/reflect/GeneratedMethodAccessor93
instanceKlass jdk/internal/reflect/GeneratedMethodAccessor92
instanceKlass jdk/internal/reflect/GeneratedMethodAccessor91
instanceKlass jdk/internal/reflect/GeneratedMethodAccessor90
instanceKlass jdk/internal/reflect/GeneratedMethodAccessor89
instanceKlass jdk/internal/reflect/GeneratedMethodAccessor88
instanceKlass jdk/internal/reflect/GeneratedMethodAccessor87
instanceKlass jdk/internal/reflect/GeneratedMethodAccessor86
instanceKlass jdk/internal/reflect/GeneratedMethodAccessor85
instanceKlass jdk/internal/reflect/GeneratedMethodAccessor84
instanceKlass jdk/internal/reflect/GeneratedMethodAccessor83
instanceKlass jdk/internal/reflect/GeneratedMethodAccessor82
instanceKlass jdk/internal/reflect/GeneratedMethodAccessor81
instanceKlass jdk/internal/reflect/GeneratedMethodAccessor80
instanceKlass jdk/internal/reflect/GeneratedMethodAccessor79
instanceKlass jdk/internal/reflect/GeneratedMethodAccessor78
instanceKlass jdk/internal/reflect/GeneratedMethodAccessor77
instanceKlass jdk/internal/reflect/GeneratedMethodAccessor76
instanceKlass jdk/internal/reflect/GeneratedMethodAccessor75
instanceKlass jdk/internal/reflect/GeneratedMethodAccessor74
instanceKlass jdk/internal/reflect/GeneratedMethodAccessor73
instanceKlass jdk/internal/reflect/GeneratedMethodAccessor72
instanceKlass jdk/internal/reflect/GeneratedMethodAccessor71
instanceKlass jdk/internal/reflect/GeneratedMethodAccessor70
instanceKlass jdk/internal/reflect/GeneratedMethodAccessor69
instanceKlass jdk/internal/reflect/GeneratedMethodAccessor68
instanceKlass jdk/internal/reflect/GeneratedMethodAccessor67
instanceKlass jdk/internal/reflect/GeneratedMethodAccessor66
instanceKlass jdk/internal/reflect/GeneratedMethodAccessor65
instanceKlass jdk/internal/reflect/GeneratedMethodAccessor64
instanceKlass jdk/internal/reflect/GeneratedMethodAccessor63
instanceKlass jdk/internal/reflect/GeneratedMethodAccessor62
instanceKlass jdk/internal/reflect/GeneratedMethodAccessor61
instanceKlass jdk/internal/reflect/GeneratedMethodAccessor60
instanceKlass jdk/internal/reflect/GeneratedMethodAccessor59
instanceKlass jdk/internal/reflect/GeneratedMethodAccessor58
instanceKlass jdk/internal/reflect/GeneratedMethodAccessor57
instanceKlass jdk/internal/reflect/GeneratedMethodAccessor56
instanceKlass jdk/internal/reflect/GeneratedMethodAccessor55
instanceKlass jdk/internal/reflect/GeneratedMethodAccessor54
instanceKlass jdk/internal/reflect/GeneratedMethodAccessor53
instanceKlass jdk/internal/reflect/GeneratedMethodAccessor52
instanceKlass jdk/internal/reflect/GeneratedMethodAccessor51
instanceKlass jdk/internal/reflect/GeneratedMethodAccessor50
instanceKlass jdk/internal/reflect/GeneratedMethodAccessor49
instanceKlass jdk/internal/reflect/GeneratedMethodAccessor48
instanceKlass jdk/internal/reflect/GeneratedMethodAccessor47
instanceKlass jdk/internal/reflect/GeneratedMethodAccessor46
instanceKlass jdk/internal/reflect/GeneratedMethodAccessor45
instanceKlass jdk/internal/reflect/GeneratedMethodAccessor44
instanceKlass jdk/internal/reflect/GeneratedMethodAccessor43
instanceKlass jdk/internal/reflect/GeneratedMethodAccessor42
instanceKlass jdk/internal/reflect/GeneratedMethodAccessor41
instanceKlass jdk/internal/reflect/GeneratedMethodAccessor40
instanceKlass jdk/internal/reflect/GeneratedMethodAccessor39
instanceKlass jdk/internal/reflect/GeneratedMethodAccessor38
instanceKlass jdk/internal/reflect/GeneratedMethodAccessor37
instanceKlass jdk/internal/reflect/GeneratedMethodAccessor36
instanceKlass jdk/internal/reflect/GeneratedMethodAccessor35
instanceKlass jdk/internal/reflect/GeneratedMethodAccessor34
instanceKlass jdk/internal/reflect/GeneratedMethodAccessor33
instanceKlass jdk/internal/reflect/GeneratedMethodAccessor32
instanceKlass jdk/internal/reflect/GeneratedMethodAccessor31
instanceKlass jdk/internal/reflect/GeneratedMethodAccessor30
instanceKlass jdk/internal/reflect/GeneratedMethodAccessor29
instanceKlass jdk/internal/reflect/GeneratedMethodAccessor28
instanceKlass jdk/internal/reflect/GeneratedMethodAccessor27
instanceKlass jdk/internal/reflect/GeneratedMethodAccessor26
instanceKlass jdk/internal/reflect/GeneratedMethodAccessor25
instanceKlass jdk/internal/reflect/GeneratedMethodAccessor24
instanceKlass jdk/internal/reflect/GeneratedMethodAccessor23
instanceKlass jdk/internal/reflect/GeneratedMethodAccessor22
instanceKlass jdk/internal/reflect/GeneratedMethodAccessor21
instanceKlass jdk/internal/reflect/GeneratedMethodAccessor20
instanceKlass jdk/internal/reflect/GeneratedMethodAccessor19
instanceKlass jdk/internal/reflect/GeneratedMethodAccessor18
instanceKlass jdk/internal/reflect/GeneratedMethodAccessor17
instanceKlass jdk/internal/reflect/GeneratedMethodAccessor16
instanceKlass jdk/internal/reflect/GeneratedMethodAccessor15
instanceKlass jdk/internal/reflect/GeneratedMethodAccessor14
instanceKlass jdk/internal/reflect/GeneratedMethodAccessor13
instanceKlass jdk/internal/reflect/GeneratedMethodAccessor12
instanceKlass jdk/internal/reflect/GeneratedMethodAccessor11
instanceKlass jdk/internal/reflect/GeneratedMethodAccessor10
instanceKlass jdk/internal/reflect/GeneratedMethodAccessor9
instanceKlass jdk/internal/reflect/GeneratedMethodAccessor8
instanceKlass jdk/internal/reflect/GeneratedMethodAccessor7
instanceKlass jdk/internal/reflect/GeneratedMethodAccessor6
instanceKlass jdk/internal/reflect/GeneratedMethodAccessor5
instanceKlass jdk/internal/reflect/GeneratedMethodAccessor4
instanceKlass jdk/internal/reflect/GeneratedMethodAccessor3
instanceKlass jdk/internal/reflect/GeneratedMethodAccessor2
instanceKlass jdk/internal/reflect/GeneratedMethodAccessor1
instanceKlass jdk/internal/reflect/DelegatingMethodAccessorImpl
instanceKlass jdk/internal/reflect/NativeMethodAccessorImpl
ciInstanceKlass jdk/internal/reflect/MethodAccessorImpl 1 1 25 10 7 12 1 1 1 100 1 100 1 1 1 1 1 1 1 1 1 100 1 100 1 1 1
ciInstanceKlass java/lang/Module 1 1 959 10 7 12 1 1 1 9 7 12 1 1 1 10 7 12 1 1 1 9 12 1 9 12 1 1 9 12 1 1 10 12 1 1 10 12 1 10 12 1 1 10 7 12 1 1 1 7 1 10 7 12 1 1 1 10 12 1 1 11 7 12 1 1 1 10 12 1 1 10 7 12 1 1 1 10 12 1 1 10 7 12 1 1 1 9 100 12 1 1 1 10 100 12 1 1 1 10 12 1 8 1 10 7 12 1 1 1 10 7 12 1 1 1 9 12 1 1 9 12 1 1 10 12 1 9 12 1 1 11 12 1 9 7 12 1 1 10 7 12 1 1 1 10 7 12 1 1 1 10 12 1 1 100 1 100 1 10 10 12 1 1 8 1 10 12 1 10 12 10 12 1 10 12 1 1 10 12 1 1 10 12 1 1 9 7 12 1 1 1 10 12 1 1 10 12 1 1 9 12 1 10 12 1 10 12 1 9 12 1 1 11 7 12 1 1 10 12 1 1 9 12 1 9 12 1 10 12 1 10 12 1 100 1 8 1 10 10 12 1 1 10 12 1 8 1 10 12 1 1 8 1 8 1 10 12 1 1 10 12 1 10 12 1 1 18 12 1 1 10 12 1 1 11 12 1 9 12 1 11 12 10 100 12 1 1 100 1 8 1 10 7 1 11 12 1 1 10 12 1 10 12 1 10 12 1 1 11 12 1 1 11 7 12 1 1 11 12 1 1 9 12 1 11 12 1 10 12 1 1 10 12 1 1 9 12 1 10 12 10 7 12 1 1 10 7 12 1 1 10 7 1 18 12 1 1 11 100 12 1 1 1 18 12 1 11 12 1 1 10 100 12 1 1 1 11 12 1 1 10 7 12 1 1 4 7 1 11 12 1 7 1 7 1 10 10 7 12 1 1 1 10 11 7 12 1 8 1 10 10 12 1 1 10 7 12 1 1 10 12 1 10 12 1 7 1 10 12 1 10 11 12 1 1 10 12 10 12 1 1 9 12 1 100 1 10 10 12 1 1 11 100 1 10 12 1 1 11 12 1 10 10 12 1 11 10 12 1 1 10 12 1 1 10 12 1 1 10 7 12 1 1 10 12 1 10 12 1 1 10 10 12 1 1 10 12 1 18 12 1 11 12 1 18 12 1 10 12 1 10 12 1 10 12 7 1 10 12 1 10 12 1 10 12 1 9 12 1 7 1 10 10 10 10 12 1 10 12 1 10 12 1 10 12 1 1 10 12 1 1 10 12 1 9 12 1 18 12 1 1 10 100 12 1 1 1 100 1 8 1 10 12 1 1 10 12 1 1 10 100 12 1 1 100 1 10 12 1 1 100 1 8 1 100 1 10 100 1 100 1 3 10 12 1 100 1 10 12 1 10 12 1 1 10 12 1 1 100 1 10 12 1 10 12 1 1 100 1 100 1 10 12 8 1 10 12 1 1 10 12 1 1 10 7 12 1 1 10 12 1 1 10 12 1 10 12 10 12 1 1 7 1 10 10 12 1 1 10 100 12 1 1 1 100 1 8 1 10 12 1 1 10 100 12 1 1 8 1 10 12 1 8 1 10 12 1 10 12 10 12 1 8 1 10 10 100 12 1 1 7 1 10 10 12 1 10 7 12 1 1 9 12 1 9 12 1 9 12 1 9 12 1 10 12 11 12 1 10 12 1 100 1 1 1 1 1 1 1 1 1 1 1 1 1 1 1 1 100 1 1 1 1 1 1 1 1 1 1 1 1 1 1 1 1 1 1 1 1 1 1 1 1 1 1 1 1 1 1 1 1 1 1 1 1 1 1 1 1 1 1 1 1 1 1 1 1 1 1 1 1 1 1 1 1 1 1 1 1 1 1 1 1 1 1 1 1 1 1 1 1 1 1 1 1 1 1 1 1 1 1 1 100 100 1 1 1 1 1 1 1 1 1 1 1 1 1 1 1 1 1 1 1 1 1 1 1 1 1 1 1 1 1 1 1 1 1 1 100 1 100 1 7 1 1 1 1 1 1 1 1 1 1 1 1 1 1 1 1 1 1 1 1 1 1 1 1 1 1 1 1 15 10 7 12 1 1 1 16 15 10 12 16 16 15 10 12 16 16 15 10 16 1 15 10 12 16 1 15 10 12 16 1 16 15 10 12 16 1 1 1 1 1 1 1 100 1 100 1 1
staticfield java/lang/Module ALL_UNNAMED_MODULE Ljava/lang/Module; java/lang/Module
staticfield java/lang/Module ALL_UNNAMED_MODULE_SET Ljava/util/Set; java/util/ImmutableCollections$Set12
staticfield java/lang/Module EVERYONE_MODULE Ljava/lang/Module; java/lang/Module
staticfield java/lang/Module EVERYONE_SET Ljava/util/Set; java/util/ImmutableCollections$Set12
staticfield java/lang/Module $assertionsDisabled Z 1
instanceKlass org/apache/maven/artifact/versioning/ComparableVersion$ListItem
instanceKlass org/eclipse/sisu/bean/BeanScheduler$Pending
ciInstanceKlass java/util/ArrayList 1 1 492 10 7 12 1 1 1 7 1 9 7 12 1 1 1 9 12 1 100 1 100 1 10 8 1 10 12 1 1 10 12 1 10 12 1 1 10 12 1 9 12 1 11 7 12 1 1 1 9 12 1 1 10 12 1 1 7 10 7 12 1 1 1 9 12 1 10 12 1 10 12 1 1 10 7 12 1 1 1 10 7 12 1 1 1 10 12 1 1 10 12 1 1 10 12 1 1 10 12 1 10 12 1 1 100 1 100 1 10 12 1 10 7 12 1 1 1 10 7 12 1 1 10 12 1 10 12 10 12 1 1 10 12 1 1 10 12 1 1 7 1 10 12 1 1 10 12 1 1 10 12 1 100 1 10 11 12 1 1 11 7 12 1 1 1 11 12 1 10 12 1 10 12 1 10 12 1 1 100 1 10 12 1 1 10 10 12 1 1 10 12 1 8 1 8 1 8 1 8 1 10 12 1 1 10 12 1 1 11 12 1 100 1 10 100 12 1 1 10 12 1 10 12 1 1 10 100 12 1 1 10 12 1 10 100 12 1 1 1 11 100 12 1 1 1 10 12 1 100 1 8 1 10 7 1 10 12 1 7 1 10 12 1 10 12 1 1 7 1 10 12 1 10 12 1 1 11 7 12 1 1 7 1 10 12 1 10 12 1 1 11 7 12 1 1 10 12 1 1 10 12 1 1 10 12 1 1 10 12 1 1 11 100 12 1 1 10 12 1 1 100 1 100 1 100 1 1 1 1 5 0 1 3 1 1 1 1 1 1 1 1 1 1 1 1 1 1 1 1 1 1 1 1 1 1 1 1 1 1 1 1 1 1 1 1 1 1 1 1 1 1 1 1 1 1 1 1 1 1 1 1 1 1 1 1 1 1 1 1 1 1 1 1 1 1 1 1 1 1 1 1 1 1 1 1 1 1 1 1 1 1 1 1 1 1 1 1 1 1 1 1 1 1 1 1 1 1 1 1 100 1 1 1 1 100 1 1 1 1 1 1 1 1 1 1 1 1 1 1 1 1 1 1 1 1 1 1 1 1 1 1 1 1 1 100 1 1 1 1 1 1 1 1 1 1 1 1 1 1 1 1 1 1 100 1 100 1 1 1 1 1 1
staticfield java/util/ArrayList EMPTY_ELEMENTDATA [Ljava/lang/Object; 0 [Ljava/lang/Object;
staticfield java/util/ArrayList DEFAULTCAPACITY_EMPTY_ELEMENTDATA [Ljava/lang/Object; 0 [Ljava/lang/Object;
ciInstanceKlass java/util/concurrent/ConcurrentHashMap 1 1 1210 7 1 7 1 3 10 12 1 1 3 100 1 10 7 12 1 1 1 100 1 10 100 12 1 1 1 100 1 11 12 1 1 11 12 1 11 12 1 1 9 12 1 1 9 12 1 1 9 12 1 10 7 12 1 1 1 7 1 10 12 1 1 10 12 1 1 10 7 12 1 1 1 4 10 12 1 9 12 1 10 12 1 1 100 1 10 5 0 10 12 1 10 12 1 1 5 0 10 12 1 1 10 12 1 9 12 1 1 10 12 1 1 9 12 1 9 12 1 1 10 12 1 1 9 12 1 10 12 1 1 9 12 1 1 10 12 1 1 100 1 10 7 1 10 12 1 10 12 1 1 10 12 1 1 10 12 1 1 10 12 1 10 12 1 1 10 12 1 1 100 1 10 12 1 1 7 1 100 1 8 1 10 12 1 10 12 1 1 10 12 1 1 11 7 12 1 1 10 12 1 1 11 12 1 1 11 7 12 1 1 1 11 7 12 1 1 1 11 12 1 7 1 11 12 1 11 12 1 10 12 1 1 10 12 1 1 9 12 1 1 10 100 12 1 1 1 9 10 12 1 1 9 12 1 10 12 1 1 5 0 9 12 1 1 7 1 10 12 1 9 12 1 1 7 1 10 12 1 9 12 1 7 1 10 100 1 10 10 12 1 1 8 1 10 12 1 10 12 1 1 11 100 1 10 12 1 10 100 12 1 1 1 8 1 10 100 12 1 1 1 8 1 10 12 1 8 1 10 12 1 10 12 1 1 10 100 12 1 1 10 12 1 10 12 1 10 12 1 9 12 1 9 10 12 1 9 12 1 1 11 7 12 1 1 1 11 7 12 1 1 1 100 1 10 12 11 100 12 1 1 10 11 7 12 1 10 12 1 100 1 10 12 1 100 1 10 10 9 7 12 1 1 1 10 12 3 10 100 12 1 1 9 12 1 10 12 1 1 9 12 1 1 9 12 1 10 12 1 1 10 100 12 1 1 9 12 1 9 7 12 1 1 10 12 1 1 10 12 1 3 9 12 1 9 12 1 10 12 1 1 7 1 9 3 9 12 1 100 1 10 12 1 9 12 1 10 12 1 9 12 1 10 12 1 9 12 1 10 100 12 1 1 1 100 10 12 1 100 1 5 0 10 100 12 1 1 100 1 10 12 1 1 10 12 1 10 12 1 100 1 10 12 1 10 100 1 100 1 10 10 12 1 10 100 1 10 12 1 10 100 1 10 12 1 10 100 1 10 12 1 1 100 1 10 12 1 10 10 12 1 100 1 10 12 1 10 10 12 1 100 1 10 12 1 10 100 1 10 12 1 10 100 1 10 12 1 10 100 1 10 12 1 10 100 1 10 12 1 10 100 1 10 12 1 10 100 1 10 12 1 10 100 1 10 12 1 10 100 1 10 10 100 1 10 10 100 1 10 10 100 1 10 12 1 10 100 1 10 12 1 10 100 1 10 12 1 10 100 1 10 12 1 10 100 1 10 12 1 10 100 1 10 10 100 1 10 10 100 1 10 10 100 1 10 12 1 10 100 1 10 12 1 10 100 1 10 12 1 10 100 1 10 12 1 10 100 1 10 12 1 10 10 12 1 10 7 12 1 1 1 10 12 1 7 1 7 1 10 12 1 9 12 1 1 9 12 1 1 10 12 1 1 8 10 12 1 1 8 8 8 8 7 10 12 1 1 10 12 1 100 1 8 1 10 7 1 100 1 100 1 1 1 5 0 1 1 3 1 3 1 1 1 1 3 1 3 1 3 1 1 1 1 1 3 1 3 1 3 1 1 1 1 1 1 1 1 1 1 1 1 1 1 1 1 1 1 1 1 1 1 1 1 1 100 1 1 1 1 1 1 1 1 1 1 1 1 1 1 1 1 1 1 1 1 1 1 1 1 1 1 1 1 1 1 1 1 1 1 1 1 1 1 1 1 1 1 1 1 1 1 1 1 1 1 1 1 1 1 1 1 1 1 1 1 1 1 1 1 1 1 1 1 1 1 1 1 1 1 1 1 1 1 1 1 1 1 1 1 100 1 1 1 1 1 1 1 1 1 1 1 100 1 1 1 1 1 1 1 1 1 1 1 1 1 1 1 1 1 1 1 1 1 1 1 1 1 1 1 1 1 1 1 1 1 1 1 1 1 1 1 1 1 1 1 1 1 1 1 1 1 1 1 1 1 1 1 1 1 1 1 1 1 1 1 1 1 1 1 1 1 1 1 1 1 1 1 1 1 1 1 1 1 1 1 1 1 1 1 1 1 1 1 1 1 1 1 1 1 1 1 1 1 1 1 1 1 1 1 1 1 1 1 1 1 1 1 1 1 1 1 1 1 1 1 1 1 1 1 1 1 1 1 1 1 1 1 1 1 1 1 1 1 1 1 1 1 1 1 1 1 1 1 1 1 1 1 1 1 1 1 1 1 1 1 1 1 1 1 1 1 1 1 1 1 1 1 1 1 1 1 1 1 1 1 1 1 1 1 1 1 1 1 1 1 1 1 1 1 1 1 1 1 1 1 1 1 1 1 1 1 1 1 1 1 1 1 1 1 1 1 1 1 1 1 100 1 100 1 100 1 100 1 100 1 100 1 100 1 100 1 100 1 1 1 1 1 1 1 1 1 1 1 1 1 1 1 1 1 1 1 1 1 1 1 1 1 1 1 1 1 1 1 1 1 1 1 1 1 1 1 1 1 1 1 1 1 1 1 1 1 1 1 1 1 1 1 1 1 1
staticfield java/util/concurrent/ConcurrentHashMap NCPU I 12
staticfield java/util/concurrent/ConcurrentHashMap serialPersistentFields [Ljava/io/ObjectStreamField; 3 [Ljava/io/ObjectStreamField;
staticfield java/util/concurrent/ConcurrentHashMap U Ljdk/internal/misc/Unsafe; jdk/internal/misc/Unsafe
staticfield java/util/concurrent/ConcurrentHashMap SIZECTL J 20
staticfield java/util/concurrent/ConcurrentHashMap TRANSFERINDEX J 32
staticfield java/util/concurrent/ConcurrentHashMap BASECOUNT J 24
staticfield java/util/concurrent/ConcurrentHashMap CELLSBUSY J 36
staticfield java/util/concurrent/ConcurrentHashMap CELLVALUE J 144
staticfield java/util/concurrent/ConcurrentHashMap ABASE I 16
staticfield java/util/concurrent/ConcurrentHashMap ASHIFT I 2
ciInstanceKlass java/lang/String 1 1 1396 10 7 12 1 1 1 8 1 9 7 12 1 1 1 9 12 1 1 9 12 1 1 10 12 1 10 12 1 1 10 12 1 1 9 12 1 1 10 7 12 1 1 1 10 7 1 10 7 12 1 1 1 10 12 1 1 10 12 1 1 10 12 1 10 12 1 1 10 12 1 10 7 12 1 1 1 9 7 12 1 1 1 10 7 12 1 1 1 10 12 1 1 10 12 1 1 10 12 1 1 10 12 1 1 10 12 1 1 9 7 12 1 1 10 12 9 7 12 1 1 3 10 7 12 1 1 1 7 1 11 12 1 1 11 12 1 11 12 1 1 10 100 12 1 1 1 10 12 1 1 9 100 12 1 1 1 10 12 1 1 10 12 1 11 12 1 1 10 12 1 1 10 12 10 12 1 1 10 100 12 1 1 1 10 7 12 1 1 1 10 12 1 1 100 1 100 1 10 12 1 10 12 1 10 12 1 1 100 1 10 12 1 1 100 1 10 12 1 1 10 12 1 1 10 10 12 1 100 1 100 1 7 1 10 12 1 10 12 1 1 10 12 1 1 10 12 1 10 12 1 1 10 12 1 1 10 100 12 1 1 100 1 11 11 12 1 11 12 1 10 12 1 1 10 12 1 10 12 10 12 1 1 10 10 100 12 1 1 1 10 100 12 1 1 10 12 1 1 10 100 12 1 1 10 12 1 10 12 1 1 10 12 1 1 10 12 1 10 12 1 10 12 1 1 100 1 10 12 1 1 10 12 10 12 1 10 12 1 1 10 7 12 1 1 1 10 12 1 10 12 1 1 10 12 1 10 12 1 3 3 10 12 1 10 12 1 1 10 12 1 1 10 12 1 1 10 12 1 10 12 1 1 10 12 1 1 10 12 1 10 12 1 10 12 1 10 12 1 1 10 12 1 10 12 1 10 12 1 10 12 1 10 12 1 10 12 1 10 100 1 10 8 1 10 12 1 1 10 12 1 8 1 10 12 1 1 10 12 10 12 1 8 1 10 10 12 1 1 10 12 1 1 10 12 1 10 12 1 1 10 12 10 100 1 10 10 12 1 10 12 1 10 12 1 10 10 12 1 10 12 1 1 10 12 1 100 1 10 10 12 1 100 1 10 10 12 1 10 12 1 1 10 12 1 10 12 1 1 10 10 12 1 1 10 100 1 10 10 12 1 10 12 1 1 10 12 1 1 10 100 1 10 12 1 10 12 1 10 12 1 10 12 1 1 10 12 1 11 7 1 11 12 10 12 1 10 12 1 1 10 12 1 1 10 10 12 1 10 12 1 9 12 1 1 11 7 12 1 1 1 10 10 12 1 10 12 1 1 10 10 12 1 10 12 1 10 12 1 1 9 12 1 10 12 1 1 10 10 12 1 1 10 12 10 10 12 1 10 12 10 10 12 10 10 12 1 10 12 1 10 12 10 10 12 10 12 1 10 12 10 12 10 10 12 1 10 12 1 1 10 12 1 10 10 12 1 10 7 12 1 1 1 10 12 1 1 10 10 7 12 1 1 1 11 10 12 1 10 12 1 1 10 12 1 1 10 7 12 1 1 1 10 12 1 10 10 12 1 10 12 1 10 12 1 10 100 12 1 1 10 12 1 100 1 100 1 8 1 10 10 10 12 1 8 1 10 12 1 3 3 7 1 10 10 12 1 10 12 1 10 12 1 1 10 12 1 1 11 7 12 1 1 1 7 1 10 12 1 1 10 12 1 10 12 1 1 10 12 1 1 8 1 10 12 1 1 10 12 1 11 7 12 1 1 1 11 7 12 1 1 11 12 1 1 10 12 1 10 12 1 1 10 10 7 12 1 1 1 10 12 1 10 12 1 10 10 12 10 12 1 1 10 10 12 1 10 10 12 1 10 10 12 1 10 10 12 1 10 12 1 1 10 10 12 1 8 1 10 12 1 1 18 12 1 1 11 100 12 1 1 1 7 1 3 18 12 1 18 12 1 8 1 10 100 12 1 1 1 11 12 1 1 10 12 10 10 12 1 10 11 12 1 1 10 12 1 1 11 12 1 18 3 11 10 12 1 11 11 10 12 1 10 12 1 1 8 1 10 12 1 10 12 1 10 12 1 1 10 10 12 1 11 100 12 1 7 1 100 1 10 12 1 7 1 10 10 7 12 1 1 1 100 1 10 7 1 10 10 12 1 10 10 12 1 8 1 10 10 12 1 8 1 8 1 10 12 1 10 12 1 10 10 12 10 100 12 1 1 10 7 12 1 1 10 100 12 1 1 8 1 10 12 1 10 12 1 1 10 10 12 8 1 8 1 10 8 1 8 1 8 1 8 1 10 12 1 10 12 1 8 1 10 100 12 1 1 1 10 12 10 12 1 1 10 12 10 10 12 10 12 7 1 9 12 1 1 7 1 10 100 1 100 1 100 1 100 1 1 1 1 1 1 5 0 1 1 1 1 1 3 1 3 1 1 1 1 1 1 1 1 1 1 1 1 1 1 1 100 1 1 1 100 1 1 1 1 1 1 1 1 1 1 1 1 1 1 1 1 1 1 1 1 1 1 1 1 1 1 1 100 1 1 1 1 1 1 1 1 1 100 1 1 1 1 1 1 1 1 1 1 1 1 1 1 1 1 1 1 1 1 1 1 1 1 1 1 1 1 1 1 1 1 1 1 1 1 1 1 1 1 1 1 1 1 1 1 1 1 1 1 1 1 1 1 1 1 1 1 1 1 1 1 1 1 1 1 1 1 1 1 1 1 1 1 1 1 1 1 1 1 1 1 1 1 1 1 1 1 1 1 1 1 1 1 1 1 1 1 1 1 1 1 1 1 1 1 1 1 1 1 1 1 1 1 1 1 1 1 1 1 1 1 1 1 1 1 1 1 1 1 1 1 1 1 1 1 1 1 1 1 1 1 1 1 1 1 1 1 1 1 1 1 1 1 1 1 1 1 1 1 1 1 1 1 1 1 1 1 1 100 1 1 1 1 1 1 1 1 1 1 1 1 1 1 1 1 1 1 1 1 1 1 1 1 100 1 1 1 1 1 1 1 1 1 1 1 1 1 7 1 1 1 1 1 1 1 1 1 1 1 1 1 1 1 15 10 100 12 1 1 1 16 15 10 12 16 15 10 12 15 10 12 15 10 12 1 1 1 1 100 1 100 1 1 1
staticfield java/lang/String COMPACT_STRINGS Z 1
staticfield java/lang/String serialPersistentFields [Ljava/io/ObjectStreamField; 0 [Ljava/io/ObjectStreamField;
staticfield java/lang/String CASE_INSENSITIVE_ORDER Ljava/util/Comparator; java/lang/String$CaseInsensitiveComparator
ciInstanceKlass java/security/ProtectionDomain 1 1 324 10 7 12 1 1 1 9 7 12 1 1 1 7 1 10 9 12 1 1 9 12 1 1 9 12 1 1 10 7 12 1 1 7 1 9 12 1 9 12 1 1 7 1 9 12 1 1 9 12 1 10 100 12 1 1 10 100 12 1 1 1 10 12 1 1 10 12 1 9 12 1 9 100 12 1 1 10 12 1 1 10 100 1 10 12 1 1 8 1 100 1 8 1 10 12 1 10 10 100 12 1 1 1 10 12 1 1 8 1 11 8 1 10 12 1 8 1 8 1 10 12 1 1 10 12 1 10 12 1 1 10 12 1 8 1 10 12 1 8 1 8 1 10 100 12 1 1 1 9 100 12 1 1 1 10 12 1 1 9 100 12 1 1 1 10 100 12 1 1 1 100 1 100 1 10 12 1 10 100 12 1 1 1 10 100 1 10 12 1 10 12 1 1 11 100 12 1 1 11 12 1 100 1 11 100 12 1 1 1 10 12 1 10 11 12 1 1 11 12 1 1 10 12 1 10 7 12 1 1 10 100 12 1 1 11 12 1 10 12 8 1 8 1 10 7 12 1 1 1 7 1 10 10 7 12 1 1 1 1 1 1 1 1 1 1 100 1 1 100 1 1 1 1 1 1 1 1 1 1 1 1 1 1 1 1 1 1 1 1 1 1 1 1 1 1 1 1 1 1 1 1 1 1 1 1 1 1 1 1 1 1 100 1 1 1 1 1 100 1 1 1 1 1
staticfield java/security/ProtectionDomain filePermCompatInPD Z 0
ciInstanceKlass java/security/CodeSource 1 1 395 10 7 12 1 1 1 9 7 12 1 1 1 9 12 1 1 9 12 1 1 9 12 1 1 10 7 12 1 1 1 9 12 1 1 10 7 12 1 1 10 7 10 100 12 1 1 1 10 100 12 1 1 1 10 12 1 1 7 1 10 10 7 12 1 1 1 10 7 12 1 1 1 10 12 1 1 10 12 1 100 1 10 12 1 1 10 12 1 1 10 12 1 1 10 12 1 10 10 10 12 1 1 10 100 12 1 1 1 10 12 1 10 12 1 10 12 1 8 1 10 12 1 10 12 1 10 12 1 1 10 12 1 8 1 10 12 1 1 10 100 1 10 10 12 1 1 8 1 10 12 1 10 12 1 10 12 1 8 1 8 1 9 12 1 1 100 1 8 1 10 12 1 10 12 1 1 8 1 10 12 1 8 1 8 1 8 1 10 100 12 1 1 10 12 1 1 10 12 1 10 12 1 1 10 12 1 1 10 12 1 1 100 1 100 1 10 12 1 10 12 10 12 1 1 10 100 12 1 1 10 12 1 100 1 10 12 10 8 1 10 12 1 10 12 1 10 12 1 1 100 1 10 12 1 1 100 1 100 1 8 1 8 1 10 10 12 1 1 10 100 12 1 1 1 100 1 10 12 10 12 1 1 11 100 12 1 1 10 10 12 1 11 10 12 1 8 1 100 1 10 12 1 10 12 1 1 10 12 1 11 12 1 1 11 100 1 1 1 1 5 0 1 1 1 1 1 1 1 1 1 1 1 1 1 1 1 1 1 1 1 1 1 1 1 1 1 1 1 1 1 1 1 1 1 1 1 1 1 1 1 1 1 1 1 1 1 1 1 1 1 1 1 1 1 1 1 1 1 1 1 1 1 1 1 1 1 100 1 1 1 1 1 1 1
ciInstanceKlass java/lang/StringBuilder 1 1 409 10 7 12 1 1 1 10 12 1 10 12 1 10 12 1 1 10 7 12 1 1 1 10 7 12 1 1 1 10 12 1 10 12 1 10 12 1 10 12 1 10 12 1 10 12 1 10 12 1 10 12 1 10 12 1 10 12 1 10 12 1 10 12 1 10 12 1 10 12 1 1 10 12 1 10 12 1 1 10 12 1 1 10 12 1 10 12 1 10 12 1 10 12 1 10 12 1 10 12 1 10 12 1 10 12 10 12 1 10 12 1 10 12 1 10 12 1 1 10 12 1 10 12 1 10 12 10 12 1 1 10 12 1 1 9 12 1 1 9 12 1 1 10 7 12 1 1 1 10 7 1 10 100 12 1 1 1 10 12 1 10 12 1 1 10 12 1 1 10 10 12 1 1 10 100 12 1 1 10 12 1 10 12 1 1 100 1 100 1 8 1 10 10 12 1 1 10 12 1 1 10 12 1 10 12 1 10 12 1 10 12 1 10 12 1 10 12 1 10 12 1 10 12 1 10 12 1 10 12 1 10 12 1 10 12 1 10 12 1 10 12 1 10 12 1 1 10 12 1 1 10 12 1 10 12 1 10 12 1 10 12 10 12 10 12 1 10 12 1 10 12 1 10 12 10 12 1 10 12 1 10 12 1 10 12 1 10 12 1 10 12 1 10 12 1 10 12 1 10 12 1 1 10 12 1 10 12 1 1 10 12 1 10 12 1 1 10 12 1 10 12 1 1 10 12 1 10 12 1 10 12 1 10 10 12 1 10 12 1 100 1 100 1 100 1 1 1 1 5 0 1 1 1 1 1 1 1 1 1 1 1 1 1 1 1 1 1 1 1 1 1 1 1 1 1 1 1 1 1 1 1 1 1 1 1 1 1 1 1 1 1 1 1 100 1 1 1 100 1 1 1 1 1 1 1 1 1 1
ciInstanceKlass jdk/internal/loader/ClassLoaders 1 1 183 10 100 12 1 1 1 10 7 12 1 1 1 10 12 1 1 10 100 12 1 1 1 9 7 12 1 1 1 9 12 1 1 9 12 1 1 7 1 11 100 12 1 1 1 100 1 11 12 1 1 11 12 1 1 10 100 12 1 1 1 10 100 12 1 1 1 100 1 100 1 10 7 12 1 1 1 9 12 1 1 10 12 1 1 7 1 10 12 1 1 10 12 1 7 1 8 1 10 7 12 1 1 1 10 12 1 1 7 1 10 12 1 10 12 1 10 12 1 8 1 10 7 12 1 1 8 1 8 1 10 12 1 7 1 10 12 1 10 12 1 10 12 1 1 1 1 1 1 1 1 1 1 1 1 1 1 1 1 1 1 1 1 100 1 1 1 1 1 1 1 1 1 1 1 1 1 1 1 1 1 1 1
staticfield jdk/internal/loader/ClassLoaders JLA Ljdk/internal/access/JavaLangAccess; java/lang/System$2
staticfield jdk/internal/loader/ClassLoaders BOOT_LOADER Ljdk/internal/loader/ClassLoaders$BootClassLoader; jdk/internal/loader/ClassLoaders$BootClassLoader
staticfield jdk/internal/loader/ClassLoaders PLATFORM_LOADER Ljdk/internal/loader/ClassLoaders$PlatformClassLoader; jdk/internal/loader/ClassLoaders$PlatformClassLoader
staticfield jdk/internal/loader/ClassLoaders APP_LOADER Ljdk/internal/loader/ClassLoaders$AppClassLoader; jdk/internal/loader/ClassLoaders$AppClassLoader
ciInstanceKlass jdk/internal/misc/Unsafe 1 1 1285 10 7 12 1 1 1 9 7 12 1 1 1 9 12 1 1 10 12 1 1 10 7 12 1 1 1 10 12 1 1 10 12 1 1 10 12 1 1 10 12 1 1 10 12 1 1 10 12 1 1 10 12 1 1 10 12 1 1 10 12 1 1 10 12 1 1 10 12 1 1 10 12 1 1 10 12 1 1 10 12 1 10 12 1 100 1 10 10 12 1 1 10 12 1 1 5 0 10 12 1 1 10 12 1 1 10 7 12 1 1 1 10 12 1 1 10 12 1 10 12 1 10 12 1 1 10 12 1 1 10 12 1 10 12 1 100 1 100 1 10 8 1 10 12 1 1 10 12 1 8 1 10 12 1 1 10 12 1 10 12 1 10 12 1 1 10 12 1 10 12 1 1 10 12 1 1 10 12 1 10 12 1 10 12 1 10 12 1 1 10 12 1 10 12 1 10 12 1 1 10 12 1 5 0 5 0 5 0 10 12 1 10 12 1 10 12 1 10 12 1 10 12 1 10 12 1 10 12 1 10 12 1 10 12 1 1 10 12 1 10 12 1 100 1 8 1 10 100 1 10 10 12 1 1 10 12 1 1 10 12 1 10 12 1 1 10 12 1 1 10 12 1 10 12 1 1 10 12 1 9 7 12 1 1 9 12 1 100 1 10 10 12 1 1 8 1 10 8 1 8 1 10 12 1 1 9 7 12 1 1 1 9 100 1 9 7 1 9 7 1 9 9 100 1 9 100 1 9 100 1 10 12 1 1 10 12 1 1 10 12 1 1 10 12 1 1 5 0 5 0 9 12 1 1 10 12 1 10 12 1 10 12 1 1 10 12 1 1 10 12 1 8 1 3 10 12 1 1 10 12 1 1 10 12 1 10 12 1 1 10 12 1 1 10 12 1 10 12 1 10 12 1 10 12 1 10 12 1 10 12 1 1 10 12 1 1 10 12 1 10 12 1 10 12 1 10 12 1 10 12 1 10 12 1 1 10 12 1 1 10 12 1 10 12 1 10 12 1 10 12 1 10 12 1 10 12 1 1 10 12 1 1 10 12 1 1 10 12 1 1 10 12 1 10 12 1 10 12 1 10 12 1 10 12 1 10 12 1 10 12 1 1 10 12 1 1 10 12 1 10 12 1 10 12 1 10 12 1 10 12 1 10 12 1 10 12 1 1 10 12 1 1 10 12 1 10 12 1 10 12 1 10 12 1 10 12 1 10 12 1 10 12 1 10 12 1 1 10 12 1 10 12 1 10 12 1 10 12 1 10 12 1 1 10 12 1 10 12 1 10 12 1 10 12 1 10 12 1 10 12 1 10 12 1 10 12 1 1 10 12 1 10 12 1 10 12 1 10 12 1 10 12 1 10 12 1 1 10 12 1 10 12 1 10 12 1 1 10 12 1 10 12 1 10 12 1 10 12 1 10 12 1 10 12 1 10 12 1 10 12 1 10 12 1 10 12 1 10 12 1 10 12 1 10 12 1 10 12 1 10 12 1 10 12 1 10 12 1 10 12 1 10 12 1 10 12 1 10 12 1 10 12 1 100 1 10 100 1 10 9 12 1 5 0 10 12 1 1 5 0 10 12 1 5 0 10 12 1 10 12 1 10 12 1 1 10 12 1 1 10 12 1 10 12 1 10 12 1 10 12 1 1 10 12 1 10 12 1 10 12 1 10 12 1 10 12 1 1 10 12 1 10 12 1 10 12 1 10 12 1 1 10 12 1 10 12 1 10 12 1 1 10 12 1 10 12 1 10 12 1 10 12 1 1 10 12 1 10 10 12 1 1 10 12 1 10 12 1 1 10 12 1 10 12 5 0 5 0 5 0 10 12 1 1 10 12 1 10 12 1 10 12 10 100 12 1 1 8 1 100 1 11 12 1 1 8 1 11 12 1 1 10 100 12 1 1 10 12 1 10 12 1 10 12 1 10 12 1 10 12 1 1 10 12 1 10 12 1 10 12 1 10 12 1 10 12 1 10 12 1 10 7 1 10 12 1 9 12 1 7 1 9 12 1 7 1 9 12 1 7 1 9 12 1 7 1 9 12 1 7 1 9 12 1 7 1 9 12 1 7 1 9 12 1 7 1 9 12 1 10 12 1 9 12 1 9 12 1 9 12 1 9 12 1 9 12 1 9 12 1 9 12 1 9 12 1 9 12 1 9 12 1 1 1 3 1 1 1 1 1 1 1 1 1 1 1 1 1 1 1 1 1 1 1 1 1 1 1 1 1 1 1 1 1 1 1 1 1 1 1 1 1 1 1 1 1 1 1 1 1 1 1 1 1 1 1 1 1 1 1 1 1 1 1 1 1 1 1 1 1 1 1 1 1 1 1 1 1 1 1 1 1 1 1 1 1 1 1 1 1 1 1 1 1 100 1 1 1 1 1 1 1 1 1 1 1 1 1 1 1 1 1 1 1 1 1 1 1 1 1 1 1 1 1 1 1 1 1 1 1 1 1 1 1 1 1 1 1 1 1 1 1 1 1 1 1 1 1 1 1 1 1 1 1 1 1 1 1 1 1 1 1 1 1 1 1 1 1 1 1 1 1 1 1 1 1 1 1 1 1 1 1 1 1 1 1 1 1 1 1 1 1 1 1 1 1 1 1 1 1 1 1 1 1 1 1 1 1 1 1 1 1 1 1 1 1 1 1 1 1 1 1 1 1 1 1 1 1 1 1 1 1 1 1 1 1 1 1 1 1 1 1 1 1 1 1 1 1 1 1 1 1 1 1 1 1 1 1 1 1 1 1 1 1 1 1 1 1 1 1 1 1 1 1 1 1 1 1 1 1 1 1 1 1 1 1 1 1 1 1 1 1 1 1 1 1 1 1 1 1 1 1 3 1 1 1 1 1 1 1 1 1 1 1 1 1 1 1 1 1 1 1 1 1
staticfield jdk/internal/misc/Unsafe theUnsafe Ljdk/internal/misc/Unsafe; jdk/internal/misc/Unsafe
staticfield jdk/internal/misc/Unsafe ARRAY_BOOLEAN_BASE_OFFSET I 16
staticfield jdk/internal/misc/Unsafe ARRAY_BYTE_BASE_OFFSET I 16
staticfield jdk/internal/misc/Unsafe ARRAY_SHORT_BASE_OFFSET I 16
staticfield jdk/internal/misc/Unsafe ARRAY_CHAR_BASE_OFFSET I 16
staticfield jdk/internal/misc/Unsafe ARRAY_INT_BASE_OFFSET I 16
staticfield jdk/internal/misc/Unsafe ARRAY_LONG_BASE_OFFSET I 16
staticfield jdk/internal/misc/Unsafe ARRAY_FLOAT_BASE_OFFSET I 16
staticfield jdk/internal/misc/Unsafe ARRAY_DOUBLE_BASE_OFFSET I 16
staticfield jdk/internal/misc/Unsafe ARRAY_OBJECT_BASE_OFFSET I 16
staticfield jdk/internal/misc/Unsafe ARRAY_BOOLEAN_INDEX_SCALE I 1
staticfield jdk/internal/misc/Unsafe ARRAY_BYTE_INDEX_SCALE I 1
staticfield jdk/internal/misc/Unsafe ARRAY_SHORT_INDEX_SCALE I 2
staticfield jdk/internal/misc/Unsafe ARRAY_CHAR_INDEX_SCALE I 2
staticfield jdk/internal/misc/Unsafe ARRAY_INT_INDEX_SCALE I 4
staticfield jdk/internal/misc/Unsafe ARRAY_LONG_INDEX_SCALE I 8
staticfield jdk/internal/misc/Unsafe ARRAY_FLOAT_INDEX_SCALE I 4
staticfield jdk/internal/misc/Unsafe ARRAY_DOUBLE_INDEX_SCALE I 8
staticfield jdk/internal/misc/Unsafe ARRAY_OBJECT_INDEX_SCALE I 4
staticfield jdk/internal/misc/Unsafe ADDRESS_SIZE I 8
ciInstanceKlass java/util/Map 1 1 259 11 7 12 1 1 1 11 12 1 1 10 100 12 1 1 11 12 1 1 11 7 12 1 1 1 11 100 12 1 1 1 11 12 1 1 7 1 11 12 1 11 12 1 100 1 100 1 10 12 1 1 11 100 12 1 1 1 11 100 12 1 1 1 11 12 1 11 12 1 10 12 1 1 11 12 1 11 100 12 1 9 7 12 1 1 1 100 1 10 12 7 1 7 1 10 12 1 7 1 10 7 1 11 12 1 1 7 1 11 12 1 1 1 1 1 1 1 1 1 1 1 1 1 1 1 1 1 1 1 1 1 1 1 1 1 1 1 1 1 1 1 1 1 1 1 1 1 1 1 1 1 1 1 1 1 1 1 1 1 1 1 1 1 1 1 1 1 1 1 1 1 1 1 1 1 1 1 1 1 1 1 1 1 1 1 1 1 1 1 1 1 1 1 1 1 1 1 1 1 1 1 1 1 1 1 1 1 1 1 1 1 1 1 1 1 1 1 1 1 1 1 1 1 1 1 1 1 1 1 1 1 1 1 1 1 1 1 1 1 100 1 1 1 1 1 1 1 1 1 1 1 1 1 1 1 1 1 1
ciInstanceKlass java/lang/ThreadGroup 1 1 293 10 7 12 1 1 1 9 7 12 1 1 1 8 1 9 12 1 1 7 1 9 12 1 9 12 1 1 10 12 1 1 10 12 1 1 10 12 1 10 12 1 1 10 12 1 9 12 1 1 10 12 1 1 10 12 1 9 12 1 10 100 12 1 1 1 9 12 1 9 12 1 1 10 7 12 1 1 1 100 10 12 1 1 10 7 12 1 1 1 10 100 12 1 9 12 1 10 12 1 1 10 12 1 1 9 12 1 1 10 12 1 1 10 12 1 10 12 1 10 12 1 1 10 12 1 1 10 12 1 10 12 1 10 10 12 1 10 12 1 10 100 1 10 10 12 1 10 12 1 10 12 1 7 10 12 1 9 12 1 1 10 12 1 1 8 1 10 100 12 1 1 1 10 12 1 1 10 12 1 1 10 12 1 1 11 100 1 100 1 9 12 1 100 1 10 8 1 10 12 1 1 10 12 1 1 8 1 10 12 1 10 100 12 1 1 1 10 12 1 1 10 100 1 8 1 10 8 1 10 12 1 8 1 1 1 1 1 1 1 1 1 1 1 1 1 1 1 1 1 3 1 1 1 1 1 1 1 1 1 1 1 1 1 1 1 1 1 1 1 1 1 1 1 1 1 1 1 1 1 1 1 1 1 1 1 1 1 1 1 1 1 1
instanceKlass org/apache/maven/plugin/surefire/SurefireProperties
instanceKlass org/apache/maven/plugin/surefire/SurefireProperties
instanceKlass java/security/Provider
ciInstanceKlass java/util/Properties 1 1 651 10 7 12 1 1 1 100 1 10 7 12 1 1 7 1 10 12 1 9 12 1 1 9 12 1 1 9 12 1 1 10 7 12 1 1 1 10 12 1 1 8 1 10 7 12 1 1 1 7 1 10 12 1 10 12 1 1 8 1 10 12 1 7 1 10 12 10 12 1 1 9 12 1 1 10 12 1 1 7 1 10 12 1 10 12 1 10 12 1 1 100 1 8 1 10 12 1 10 12 1 10 12 1 1 10 12 1 100 1 3 10 10 7 12 1 1 1 10 12 1 10 12 1 1 8 1 10 12 1 10 12 1 1 8 1 10 7 12 1 1 10 12 1 1 10 12 1 10 12 1 1 100 1 10 12 1 10 12 1 1 7 1 9 7 12 1 1 1 10 12 1 10 12 1 1 7 1 10 10 10 12 1 1 11 7 12 1 1 1 11 7 12 1 1 1 11 12 1 1 7 1 11 12 1 11 12 1 10 12 1 1 8 1 10 12 1 10 12 1 100 1 10 10 12 1 1 10 100 12 1 1 9 100 12 1 1 10 12 1 1 10 100 12 1 1 1 100 1 100 1 100 1 10 8 1 8 1 10 12 1 10 12 1 10 12 1 1 10 10 12 1 1 10 12 1 1 7 1 10 10 12 1 11 7 12 1 1 10 7 12 1 1 1 8 1 10 100 12 1 1 11 8 1 10 100 1 11 10 12 1 10 12 1 10 12 1 10 12 1 1 10 12 1 1 10 12 1 1 10 12 1 10 12 1 10 10 12 1 10 12 1 10 12 1 10 10 12 1 1 10 12 1 1 7 1 10 10 12 1 10 12 1 10 12 1 10 12 1 10 12 1 1 10 12 1 1 10 12 1 10 12 1 10 12 1 1 10 12 10 12 1 1 10 12 1 1 10 12 1 10 12 1 1 10 12 1 1 10 12 100 1 10 11 100 12 1 1 4 11 10 12 1 1 10 100 12 1 1 11 12 1 10 12 1 1 10 100 12 1 1 10 12 1 100 1 8 1 10 12 1 10 10 100 12 1 1 1 100 1 6 0 10 12 1 1 11 100 12 1 1 1 10 12 1 10 12 1 1 1 1 1 5 0 1 1 1 1 1 1 1 1 1 1 1 1 1 1 1 1 1 1 1 1 1 1 1 1 1 1 1 1 1 1 1 1 1 1 1 1 1 1 1 1 100 1 1 1 1 1 1 1 1 1 1 1 1 1 1 1 1 1 1 1 1 100 1 1 1 1 1 1 1 100 1 100 1 1 1 1 100 1 1 1 1 1 1 1 1 1 1 1 1 1 1 1 1 1 1 1 1 1 1 1 1 1 1 1 1 1 1 1 1 1 1 1 1 1 1 1 1 1 1 1 1 1 1 1 1 1 1 1 1 1 1 1 1 1 1 1 1 1 1 1 1 1 1 1 1 1 1 1 1 1 1 1 1 100 1 1 1 1 1 1 1 1 1 100 1 1 1
staticfield java/util/Properties UNSAFE Ljdk/internal/misc/Unsafe; jdk/internal/misc/Unsafe
instanceKlass java/util/Hashtable
ciInstanceKlass java/util/Dictionary 1 1 36 10 7 12 1 1 1 100 1 1 1 1 1 1 1 1 1 1 1 1 1 1 1 1 1 1 1 1 1 1 1 1 1 1 1 1
instanceKlass java/util/Properties
ciInstanceKlass java/util/Hashtable 1 1 512 100 1 10 7 12 1 1 1 9 7 12 1 1 1 100 1 100 1 10 8 1 10 12 1 1 10 12 1 10 12 1 1 10 12 1 10 7 12 1 1 1 8 1 10 12 1 9 12 1 1 7 1 9 12 1 1 4 10 7 12 1 1 1 9 12 1 4 10 12 1 11 100 12 1 1 1 10 12 1 1 10 12 1 1 9 12 1 10 12 1 1 100 1 10 9 12 1 1 10 7 12 1 1 1 9 12 1 1 10 12 1 10 12 1 3 9 12 1 9 12 1 3 10 12 1 10 12 1 10 12 1 1 11 12 1 1 11 100 12 1 1 1 11 100 12 1 1 1 11 12 1 100 1 11 12 1 11 12 1 10 12 1 1 10 12 1 1 10 12 1 9 12 1 1 9 12 9 12 1 1 10 100 1 100 1 10 12 1 10 8 1 10 10 12 1 8 1 10 8 1 10 100 12 1 1 1 7 1 10 12 1 10 12 1 100 1 10 12 1 10 12 1 1 100 1 10 100 1 10 10 12 1 1 11 12 1 1 11 12 1 100 1 10 10 10 100 12 1 1 11 100 12 1 1 1 100 1 10 11 100 12 1 1 11 100 12 1 10 12 1 10 12 1 1 10 100 12 1 1 10 12 1 1 10 12 1 1 10 12 1 1 10 100 12 1 1 1 8 10 100 12 1 1 100 1 8 1 10 4 10 12 4 10 12 1 8 1 10 12 10 100 12 1 1 1 100 1 11 100 12 1 1 1 10 100 12 1 1 1 10 12 1 10 12 1 1 10 100 1 100 1 1 1 1 1 1 5 0 1 1 1 1 1 3 1 3 1 3 1 1 1 1 1 1 1 1 1 1 1 1 1 1 1 1 1 1 1 1 1 1 1 1 1 100 1 1 1 1 1 1 1 1 1 1 1 1 1 1 1 1 1 1 1 1 1 1 1 1 1 1 1 1 1 100 1 1 1 1 1 1 1 1 1 1 1 1 1 1 1 1 1 1 1 1 1 1 1 1 1 1 1 1 1 1 1 1 1 1 1 1 1 1 1 1 1 1 1 1 1 1 1 1 1 1 1 1 1 1 1 1 1 1 100 1 1 1 100 1 1 1 1 1 100 1 1 1 1 1 1 1 1 1 1 1 1 1 1 1 1 1 1
ciMethod java/util/Properties entrySet ()Ljava/util/Set; 778 0 5516 0 992
ciInstanceKlass java/util/Set 1 1 140 100 1 10 7 12 1 1 1 9 7 12 1 1 1 7 1 10 12 1 1 10 12 1 7 1 7 1 10 12 1 7 1 7 1 7 1 10 12 1 10 12 1 1 11 12 1 1 100 1 1 1 1 1 1 1 1 1 1 1 1 1 1 1 1 1 1 1 1 1 1 1 1 1 1 1 1 1 1 1 1 1 1 1 1 1 1 1 1 1 1 1 1 1 1 1 1 1 1 1 1 1 1 1 1 1 1 1 1 1 1 1 1 1 1 1 1 1 1 1 1 1 1 1 1 1 1 1 1 1 1 1 1 1 1 1 1 1 1 1
ciInstanceKlass java/util/Map$Entry 1 0 178 18 12 1 1 100 1 100 1 18 10 100 12 1 1 1 18 12 1 18 100 1 11 100 12 1 1 1 11 12 1 11 100 12 1 1 1 10 100 12 1 1 1 10 100 12 1 1 1 8 1 10 12 1 1 8 1 8 1 8 1 10 12 1 10 12 1 8 10 100 1 10 12 1 8 10 12 1 8 1 10 12 1 8 10 12 1 8 1 10 12 1 1 8 1 100 1 8 1 10 12 1 1 11 12 100 1 11 12 1 1 1 1 1 1 1 1 1 1 1 1 1 1 1 1 1 1 1 1 1 1 1 1 1 1 1 1 1 1 1 1 1 1 1 1 1 1 1 15 10 100 12 1 1 1 16 15 11 12 16 3 3 15 11 12 15 11 12 15 11 12 1 1 100 1 100 1 1
instanceKlass org/codehaus/plexus/components/io/resources/ClosingInputStream
instanceKlass org/apache/commons/compress/archivers/ArchiveInputStream
instanceKlass org/apache/commons/compress/compressors/CompressorInputStream
instanceKlass org/apache/commons/compress/archivers/ArchiveInputStream
instanceKlass org/apache/commons/compress/compressors/CompressorInputStream
instanceKlass org/codehaus/plexus/components/io/resources/ClosingInputStream
instanceKlass org/apache/commons/compress/archivers/ArchiveInputStream
instanceKlass org/apache/commons/compress/compressors/CompressorInputStream
instanceKlass org/codehaus/plexus/components/io/resources/ClosingInputStream
instanceKlass org/apache/commons/compress/archivers/ArchiveInputStream
instanceKlass org/apache/commons/compress/compressors/CompressorInputStream
instanceKlass org/codehaus/plexus/components/io/resources/ClosingInputStream
instanceKlass org/codehaus/plexus/archiver/bzip2/CBZip2InputStream
instanceKlass org/codehaus/plexus/archiver/bzip2/CBZip2InputStream
instanceKlass org/codehaus/plexus/archiver/bzip2/CBZip2InputStream
instanceKlass org/codehaus/plexus/archiver/bzip2/CBZip2InputStream
instanceKlass org/codehaus/plexus/archiver/bzip2/CBZip2InputStream
instanceKlass org/iq80/snappy/AbstractSnappyInputStream
instanceKlass org/apache/commons/compress/archivers/ArchiveInputStream
instanceKlass org/codehaus/plexus/components/io/resources/ClosingInputStream
instanceKlass org/apache/commons/compress/compressors/CompressorInputStream
instanceKlass org/apache/commons/io/input/BoundedInputStream
instanceKlass org/apache/commons/compress/archivers/ArchiveInputStream
instanceKlass org/apache/commons/compress/compressors/CompressorInputStream
instanceKlass org/codehaus/plexus/components/io/resources/ClosingInputStream
instanceKlass org/apache/commons/compress/archivers/ArchiveInputStream
instanceKlass org/codehaus/plexus/components/io/resources/ClosingInputStream
instanceKlass org/apache/commons/compress/compressors/CompressorInputStream
instanceKlass org/apache/commons/io/input/BoundedInputStream
instanceKlass org/iq80/snappy/AbstractSnappyInputStream
instanceKlass org/apache/commons/compress/archivers/ArchiveInputStream
instanceKlass org/codehaus/plexus/components/io/resources/ClosingInputStream
instanceKlass org/apache/commons/compress/compressors/CompressorInputStream
instanceKlass org/codehaus/plexus/util/StringInputStream
instanceKlass org/apache/maven/plugins/assembly/utils/WindowsLineFeedInputStream
instanceKlass org/apache/maven/plugins/assembly/utils/LinuxLineFeedInputStream
instanceKlass org/apache/commons/io/input/BoundedInputStream
instanceKlass org/iq80/snappy/AbstractSnappyInputStream
instanceKlass org/apache/commons/compress/archivers/ArchiveInputStream
instanceKlass org/apache/commons/compress/compressors/CompressorInputStream
instanceKlass org/codehaus/plexus/components/io/resources/ClosingInputStream
instanceKlass org/codehaus/plexus/components/io/resources/ClosingInputStream
instanceKlass org/apache/commons/compress/archivers/ArchiveInputStream
instanceKlass org/apache/commons/compress/compressors/CompressorInputStream
instanceKlass org/codehaus/plexus/components/io/resources/ClosingInputStream
instanceKlass org/apache/commons/compress/archivers/ArchiveInputStream
instanceKlass org/apache/commons/compress/compressors/CompressorInputStream
instanceKlass jdk/nio/zipfs/ZipFileSystem$EntryInputStream
instanceKlass org/eclipse/jgit/lib/ObjectStream
instanceKlass java/util/jar/JarVerifier$VerifierStream
instanceKlass com/sun/org/apache/xerces/internal/impl/XMLEntityManager$RewindableInputStream
instanceKlass sun/nio/ch/ChannelInputStream
instanceKlass java/util/zip/ZipFile$ZipFileInputStream
instanceKlass java/io/FilterInputStream
instanceKlass java/io/FileInputStream
instanceKlass java/io/ByteArrayInputStream
ciInstanceKlass java/io/InputStream 1 1 184 100 1 10 7 12 1 1 1 100 1 10 10 7 12 1 1 1 10 7 12 1 1 1 10 12 1 100 1 3 10 12 1 1 100 1 8 1 10 12 1 10 7 12 1 1 1 3 100 1 8 1 10 10 7 12 1 1 1 7 1 10 11 7 12 1 1 1 10 12 1 1 11 12 1 1 11 7 12 1 1 1 11 12 1 1 7 1 10 7 12 1 1 1 5 0 10 12 1 10 12 1 1 100 1 10 8 1 10 8 1 8 1 10 12 1 1 10 100 12 1 1 1 100 1 1 1 1 3 1 3 1 1 1 1 1 1 1 1 1 1 1 1 1 1 1 1 1 1 1 1 1 1 1 1 1 1 1 1 1 1 1 1 1 1 1 1 1 1 1 1 1 1 1 1 1 1 1 1 1 1 1 1 1
ciInstanceKlass java/io/ByteArrayInputStream 1 1 117 10 7 12 1 1 1 9 7 12 1 1 1 9 12 1 1 9 12 1 9 12 1 10 7 12 1 1 1 10 7 12 1 1 1 10 7 12 1 1 1 10 100 12 1 1 1 10 12 1 1 3 10 100 1 10 100 12 1 1 1 9 12 1 1 100 1 10 10 7 12 1 1 1 1 1 1 1 1 1 1 1 1 1 1 1 1 1 1 1 1 1 1 1 1 1 1 1 1 1 1 1 100 1 1 1 1 1 1 1 1 1 1 1 1 1 1
staticfield java/io/ByteArrayInputStream $assertionsDisabled Z 1
instanceKlass org/apache/maven/shared/utils/cli/CommandLineUtils$ProcessHook
instanceKlass com/sun/tools/javac/file/BaseFileManager$1
instanceKlass org/eclipse/jgit/util/FS$GobblerThread
instanceKlass java/util/concurrent/ForkJoinWorkerThread
instanceKlass java/util/logging/LogManager$Cleaner
instanceKlass org/apache/maven/shared/utils/logging/MessageUtils$1
instanceKlass jdk/internal/misc/InnocuousThread
instanceKlass java/lang/ref/Finalizer$FinalizerThread
instanceKlass java/lang/ref/Reference$ReferenceHandler
ciInstanceKlass java/lang/Thread 1 1 612 9 7 12 1 1 1 9 12 1 1 10 12 1 1 9 12 1 1 9 12 1 1 100 1 8 1 10 12 1 1 3 8 1 100 1 5 0 10 12 1 1 10 7 12 1 1 9 12 1 1 9 12 1 9 12 1 1 9 12 1 100 1 8 1 10 9 12 1 1 10 7 12 1 1 1 10 100 12 1 1 1 10 10 7 12 1 1 10 12 1 1 10 12 1 1 9 100 12 1 1 1 10 12 1 1 10 12 1 9 12 1 1 10 12 1 1 10 12 1 1 9 12 1 10 12 1 1 9 12 1 1 10 7 12 1 1 1 9 12 1 1 9 12 1 1 10 12 1 1 10 7 12 1 1 1 9 12 1 10 12 1 1 9 12 1 100 1 10 7 1 10 8 1 10 12 1 1 10 12 1 10 12 1 10 12 1 1 10 12 1 10 12 1 9 12 1 100 1 10 10 12 1 1 10 12 1 10 12 1 100 1 11 7 12 1 1 9 7 12 1 1 1 10 12 1 10 12 1 10 12 9 12 1 1 10 9 12 1 10 12 1 100 1 10 10 12 1 1 9 12 1 10 12 1 11 100 12 1 1 10 12 1 9 12 1 10 12 1 10 12 1 10 10 12 1 10 12 1 10 12 1 10 12 1 10 12 1 1 100 1 10 10 12 1 10 12 1 10 12 1 9 100 12 1 1 1 10 12 1 1 10 12 1 100 1 8 1 10 10 12 1 10 12 8 1 10 12 1 8 1 10 8 1 8 1 10 100 12 1 1 10 100 12 1 1 1 100 1 8 1 10 9 12 1 9 12 1 1 10 12 1 1 10 10 12 1 1 9 12 1 10 12 1 1 100 1 10 12 11 100 12 1 1 1 9 100 12 1 1 1 9 12 1 1 10 12 1 1 100 1 10 12 1 11 100 12 1 1 1 100 1 10 12 1 10 12 1 1 11 12 1 10 12 1 100 1 10 12 1 10 12 1 1 10 7 12 1 1 1 8 1 9 12 1 10 12 1 1 11 100 12 1 1 1 10 100 12 1 1 1 11 12 1 10 12 1 7 1 1 1 1 3 1 3 1 3 1 1 1 1 1 1 1 1 1 1 1 1 1 1 1 1 1 1 1 100 1 1 1 1 1 1 1 1 1 1 1 1 100 1 100 1 1 1 1 1 1 1 1 1 1 1 1 1 1 1 1 1 1 1 1 1 1 1 1 1 1 1 1 1 1 1 1 1 1 1 1 1 1 1 1 1 1 1 100 100 1 1 1 1 1 1 1 1 1 100 1 1 1 1 1 1 1 1 1 1 1 1 1 1 1 1 1 1 1 1 1 1 1 1 1 1 1 1 100 1 1 1 1 1 1 100 1 1 100 1 1 1 1 1 1
staticfield java/lang/Thread EMPTY_STACK_TRACE [Ljava/lang/StackTraceElement; 0 [Ljava/lang/StackTraceElement;
instanceKlass org/apache/maven/artifact/repository/metadata/RepositoryMetadataDeploymentException
instanceKlass org/apache/maven/artifact/repository/metadata/RepositoryMetadataInstallationException
instanceKlass java/lang/Exception
instanceKlass java/lang/Error
ciInstanceKlass java/lang/Throwable 1 1 393 10 7 12 1 1 1 9 7 12 1 1 1 9 12 1 1 9 12 1 9 12 1 1 9 12 1 10 12 1 1 9 12 1 1 10 12 1 1 10 12 1 100 1 100 1 10 8 1 10 12 1 1 8 1 10 100 12 1 1 10 10 12 1 100 1 8 1 10 10 12 1 1 10 7 12 1 1 10 12 1 8 1 9 100 12 1 1 1 10 12 1 1 100 1 10 12 10 12 1 100 1 10 10 7 12 1 1 1 11 100 12 1 1 1 10 100 12 1 1 1 10 12 1 1 10 12 1 1 8 1 10 12 1 10 12 1 1 8 1 8 1 10 12 1 1 10 12 1 8 1 8 1 9 12 1 1 10 100 12 1 1 100 1 10 11 12 1 8 1 8 1 10 7 12 1 1 8 1 10 12 1 8 1 100 1 10 12 1 9 12 1 1 10 12 1 10 7 12 1 9 12 1 1 10 12 1 1 100 1 8 1 10 12 1 10 100 12 1 1 10 12 1 1 100 1 10 100 12 1 1 1 10 12 1 11 100 12 1 1 1 11 100 12 1 1 1 11 12 1 8 1 10 12 1 1 8 1 10 10 9 100 12 1 1 1 8 1 10 12 1 1 10 100 1 8 1 10 11 12 1 1 8 1 9 12 1 10 100 12 1 1 11 9 12 1 1 11 12 1 1 100 10 12 1 10 12 1 1 100 1 1 1 1 5 0 1 1 1 1 1 1 1 1 1 1 1 1 1 100 1 1 1 1 1 1 1 1 1 1 1 1 1 1 1 1 1 1 1 1 1 1 1 1 1 1 1 1 1 1 1 1 1 1 1 1 1 1 1 1 1 1 100 1 100 1 1 1 1 1 1 1 1 1 1 1 1 1 1 1 1 1 1
staticfield java/lang/Throwable UNASSIGNED_STACK [Ljava/lang/StackTraceElement; 0 [Ljava/lang/StackTraceElement;
staticfield java/lang/Throwable SUPPRESSED_SENTINEL Ljava/util/List; java/util/Collections$EmptyList
staticfield java/lang/Throwable EMPTY_THROWABLE_ARRAY [Ljava/lang/Throwable; 0 [Ljava/lang/Throwable;
staticfield java/lang/Throwable $assertionsDisabled Z 1
instanceKlass org/codehaus/plexus/components/interactivity/PrompterException
instanceKlass org/sonatype/plexus/components/sec/dispatcher/SecDispatcherException
instanceKlass org/sonatype/plexus/components/cipher/PlexusCipherException
instanceKlass org/apache/maven/doxia/module/site/manager/SiteModuleNotFoundException
instanceKlass org/apache/maven/doxia/siterenderer/RendererException
instanceKlass org/apache/maven/doxia/macro/MacroExecutionException
instanceKlass org/codehaus/plexus/archiver/jar/ManifestException
instanceKlass org/codehaus/plexus/archiver/manager/NoSuchArchiverException
instanceKlass org/apache/maven/doxia/parser/manager/ParserNotFoundException
instanceKlass org/apache/maven/doxia/macro/manager/MacroNotFoundException
instanceKlass org/codehaus/plexus/archiver/ArchiveFilterException
instanceKlass org/apache/maven/doxia/parser/ParseException
instanceKlass org/apache/maven/shared/dependency/tree/DependencyTreeBuilderException
instanceKlass org/apache/maven/shared/dependency/graph/DependencyGraphBuilderException
instanceKlass org/codehaus/plexus/components/interactivity/PrompterException
instanceKlass org/sonatype/plexus/components/sec/dispatcher/SecDispatcherException
instanceKlass org/apache/maven/doxia/module/site/manager/SiteModuleNotFoundException
instanceKlass org/apache/maven/doxia/siterenderer/RendererException
instanceKlass org/apache/maven/doxia/parser/manager/ParserNotFoundException
instanceKlass org/apache/maven/doxia/parser/ParseException
instanceKlass org/apache/maven/doxia/macro/manager/MacroNotFoundException
instanceKlass org/apache/maven/doxia/macro/MacroExecutionException
instanceKlass org/codehaus/plexus/archiver/jar/ManifestException
instanceKlass org/codehaus/plexus/archiver/ArchiveFilterException
instanceKlass org/codehaus/plexus/archiver/manager/NoSuchArchiverException
instanceKlass org/sonatype/plexus/components/cipher/PlexusCipherException
instanceKlass org/apache/maven/shared/dependency/tree/DependencyTreeBuilderException
instanceKlass org/apache/maven/shared/dependency/graph/DependencyGraphBuilderException
instanceKlass org/sonatype/plexus/components/cipher/PlexusCipherException
instanceKlass org/sonatype/plexus/components/cipher/shaded/PlexusCipherException
instanceKlass org/sonatype/plexus/components/sec/dispatcher/shaded/SecDispatcherException
instanceKlass org/apache/maven/doxia/module/site/manager/SiteModuleNotFoundException
instanceKlass org/apache/maven/doxia/siterenderer/RendererException
instanceKlass org/apache/maven/doxia/parser/manager/ParserNotFoundException
instanceKlass org/codehaus/plexus/archiver/jar/ManifestException
instanceKlass org/codehaus/plexus/archiver/manager/NoSuchArchiverException
instanceKlass org/sonatype/plexus/components/sec/dispatcher/SecDispatcherException
instanceKlass org/sonatype/plexus/components/cipher/PlexusCipherException
instanceKlass org/apache/maven/doxia/parser/ParseException
instanceKlass org/apache/maven/doxia/macro/manager/MacroNotFoundException
instanceKlass org/apache/maven/doxia/macro/MacroExecutionException
instanceKlass org/codehaus/plexus/archiver/ArchiveFilterException
instanceKlass org/apache/maven/shared/dependency/graph/DependencyGraphBuilderException
instanceKlass org/codehaus/plexus/components/interactivity/PrompterException
instanceKlass org/apache/maven/doxia/module/site/manager/SiteModuleNotFoundException
instanceKlass org/apache/maven/doxia/siterenderer/RendererException
instanceKlass org/apache/maven/doxia/parser/manager/ParserNotFoundException
instanceKlass org/sonatype/plexus/components/sec/dispatcher/SecDispatcherException
instanceKlass org/sonatype/plexus/components/cipher/PlexusCipherException
instanceKlass org/codehaus/plexus/archiver/jar/ManifestException
instanceKlass org/codehaus/plexus/archiver/manager/NoSuchArchiverException
instanceKlass org/codehaus/plexus/archiver/ArchiveFilterException
instanceKlass org/apache/maven/doxia/parser/ParseException
instanceKlass org/apache/maven/doxia/macro/manager/MacroNotFoundException
instanceKlass org/apache/maven/doxia/macro/MacroExecutionException
instanceKlass org/apache/maven/shared/dependency/tree/DependencyTreeBuilderException
instanceKlass org/apache/maven/shared/dependency/graph/DependencyGraphBuilderException
instanceKlass org/apache/maven/doxia/siterenderer/RendererException
instanceKlass org/codehaus/plexus/components/interactivity/PrompterException
instanceKlass org/apache/maven/doxia/module/site/manager/SiteModuleNotFoundException
instanceKlass org/apache/maven/doxia/parser/manager/ParserNotFoundException
instanceKlass org/apache/maven/doxia/macro/manager/MacroNotFoundException
instanceKlass org/sonatype/plexus/components/sec/dispatcher/SecDispatcherException
instanceKlass org/sonatype/plexus/components/cipher/PlexusCipherException
instanceKlass org/codehaus/plexus/archiver/jar/ManifestException
instanceKlass org/codehaus/plexus/archiver/manager/NoSuchArchiverException
instanceKlass org/apache/maven/doxia/macro/MacroExecutionException
instanceKlass org/apache/maven/doxia/parser/ParseException
instanceKlass org/codehaus/plexus/archiver/ArchiveFilterException
instanceKlass org/apache/maven/shared/dependency/tree/DependencyTreeBuilderException
instanceKlass org/apache/maven/shared/dependency/graph/DependencyGraphBuilderException
instanceKlass org/apache/maven/doxia/siterenderer/RendererException
instanceKlass org/apache/maven/doxia/parser/manager/ParserNotFoundException
instanceKlass org/apache/maven/doxia/module/site/manager/SiteModuleNotFoundException
instanceKlass org/apache/maven/shared/dependency/graph/DependencyGraphBuilderException
instanceKlass org/apache/maven/doxia/parser/ParseException
instanceKlass org/apache/maven/doxia/macro/manager/MacroNotFoundException
instanceKlass org/apache/maven/doxia/macro/MacroExecutionException
instanceKlass org/codehaus/plexus/components/interactivity/PrompterException
instanceKlass org/codehaus/plexus/archiver/jar/ManifestException
instanceKlass org/codehaus/plexus/archiver/ArchiveFilterException
instanceKlass org/codehaus/plexus/archiver/manager/NoSuchArchiverException
instanceKlass org/apache/maven/shared/dependency/tree/DependencyTreeBuilderException
instanceKlass org/apache/maven/doxia/module/site/manager/SiteModuleNotFoundException
instanceKlass org/apache/maven/doxia/siterenderer/RendererException
instanceKlass org/apache/maven/doxia/parser/manager/ParserNotFoundException
instanceKlass org/codehaus/plexus/archiver/jar/ManifestException
instanceKlass org/codehaus/plexus/components/interactivity/PrompterException
instanceKlass org/apache/maven/doxia/parser/ParseException
instanceKlass org/apache/maven/doxia/macro/MacroExecutionException
instanceKlass org/apache/maven/doxia/macro/manager/MacroNotFoundException
instanceKlass org/codehaus/plexus/archiver/manager/NoSuchArchiverException
instanceKlass org/sonatype/plexus/components/sec/dispatcher/SecDispatcherException
instanceKlass org/sonatype/plexus/components/cipher/PlexusCipherException
instanceKlass org/codehaus/plexus/archiver/ArchiveFilterException
instanceKlass org/apache/maven/shared/dependency/tree/DependencyTreeBuilderException
instanceKlass org/apache/maven/shared/dependency/graph/DependencyGraphBuilderException
instanceKlass org/apache/maven/shared/dependency/graph/DependencyGraphBuilderException
instanceKlass org/codehaus/plexus/components/interactivity/PrompterException
instanceKlass org/codehaus/plexus/archiver/jar/ManifestException
instanceKlass org/codehaus/plexus/archiver/ArchiveFilterException
instanceKlass org/codehaus/plexus/archiver/manager/NoSuchArchiverException
instanceKlass org/apache/maven/shared/dependency/tree/DependencyTreeBuilderException
instanceKlass org/apache/maven/doxia/module/site/manager/SiteModuleNotFoundException
instanceKlass org/apache/maven/doxia/siterenderer/RendererException
instanceKlass org/codehaus/plexus/components/interactivity/PrompterException
instanceKlass org/apache/maven/doxia/macro/manager/MacroNotFoundException
instanceKlass org/apache/maven/doxia/macro/MacroExecutionException
instanceKlass org/apache/maven/doxia/parser/ParseException
instanceKlass org/apache/maven/doxia/parser/manager/ParserNotFoundException
instanceKlass org/codehaus/plexus/archiver/jar/ManifestException
instanceKlass org/codehaus/plexus/archiver/ArchiveFilterException
instanceKlass org/codehaus/plexus/archiver/manager/NoSuchArchiverException
instanceKlass org/apache/maven/shared/dependency/graph/DependencyGraphBuilderException
instanceKlass org/apache/maven/shared/dependency/tree/DependencyTreeBuilderException
instanceKlass org/sonatype/plexus/components/cipher/PlexusCipherException
instanceKlass org/sonatype/plexus/components/sec/dispatcher/shaded/SecDispatcherException
instanceKlass org/sonatype/plexus/components/cipher/shaded/PlexusCipherException
instanceKlass org/apache/maven/doxia/module/site/manager/SiteModuleNotFoundException
instanceKlass org/apache/maven/doxia/siterenderer/RendererException
instanceKlass org/sonatype/plexus/components/sec/dispatcher/SecDispatcherException
instanceKlass org/apache/maven/doxia/parser/ParseException
instanceKlass org/sonatype/plexus/components/cipher/PlexusCipherException
instanceKlass org/apache/maven/doxia/macro/manager/MacroNotFoundException
instanceKlass org/apache/maven/doxia/macro/MacroExecutionException
instanceKlass org/codehaus/plexus/archiver/jar/ManifestException
instanceKlass org/apache/maven/doxia/parser/manager/ParserNotFoundException
instanceKlass org/codehaus/plexus/archiver/manager/NoSuchArchiverException
instanceKlass org/apache/maven/shared/dependency/graph/DependencyGraphBuilderException
instanceKlass org/apache/maven/scm/repository/UnknownRepositoryStructure
instanceKlass org/apache/maven/scm/ScmException
instanceKlass org/apache/maven/scm/repository/UnknownRepositoryStructure
instanceKlass org/apache/maven/scm/ScmException
instanceKlass org/apache/maven/scm/repository/UnknownRepositoryStructure
instanceKlass org/apache/maven/scm/ScmException
instanceKlass org/codehaus/plexus/components/interactivity/PrompterException
instanceKlass org/sonatype/plexus/components/sec/dispatcher/SecDispatcherException
instanceKlass org/sonatype/plexus/components/cipher/PlexusCipherException
instanceKlass org/apache/maven/doxia/macro/manager/MacroNotFoundException
instanceKlass org/apache/maven/doxia/macro/MacroExecutionException
instanceKlass org/apache/maven/doxia/module/site/manager/SiteModuleNotFoundException
instanceKlass org/apache/maven/doxia/siterenderer/RendererException
instanceKlass org/apache/maven/doxia/parser/manager/ParserNotFoundException
instanceKlass org/apache/maven/doxia/parser/ParseException
instanceKlass org/codehaus/plexus/archiver/jar/ManifestException
instanceKlass org/codehaus/plexus/archiver/manager/NoSuchArchiverException
instanceKlass org/codehaus/plexus/archiver/ArchiveFilterException
instanceKlass org/apache/maven/shared/dependency/tree/DependencyTreeBuilderException
instanceKlass org/apache/maven/shared/dependency/graph/DependencyGraphBuilderException
instanceKlass org/sonatype/plexus/components/sec/dispatcher/SecDispatcherException
instanceKlass org/apache/maven/doxia/module/site/manager/SiteModuleNotFoundException
instanceKlass org/apache/maven/doxia/siterenderer/RendererException
instanceKlass org/apache/maven/doxia/parser/manager/ParserNotFoundException
instanceKlass org/apache/maven/shared/dependency/graph/DependencyGraphBuilderException
instanceKlass org/codehaus/plexus/archiver/jar/ManifestException
instanceKlass org/apache/maven/doxia/parser/ParseException
instanceKlass org/apache/maven/doxia/macro/manager/MacroNotFoundException
instanceKlass org/apache/maven/doxia/macro/MacroExecutionException
instanceKlass org/codehaus/plexus/archiver/manager/NoSuchArchiverException
instanceKlass org/sonatype/plexus/components/cipher/PlexusCipherException
instanceKlass org/codehaus/plexus/archiver/ArchiveFilterException
instanceKlass org/apache/maven/shared/dependency/tree/DependencyTreeBuilderException
instanceKlass org/sonatype/plexus/components/cipher/PlexusCipherException
instanceKlass org/sonatype/plexus/components/sec/dispatcher/shaded/SecDispatcherException
instanceKlass org/sonatype/plexus/components/cipher/shaded/PlexusCipherException
instanceKlass org/sonatype/plexus/components/cipher/PlexusCipherException
instanceKlass org/sonatype/plexus/components/sec/dispatcher/shaded/SecDispatcherException
instanceKlass org/sonatype/plexus/components/cipher/shaded/PlexusCipherException
instanceKlass org/apache/maven/doxia/siterenderer/RendererException
instanceKlass org/apache/maven/doxia/module/site/manager/SiteModuleNotFoundException
instanceKlass org/apache/maven/doxia/macro/manager/MacroNotFoundException
instanceKlass org/codehaus/plexus/archiver/jar/ManifestException
instanceKlass org/codehaus/plexus/archiver/manager/NoSuchArchiverException
instanceKlass org/sonatype/plexus/components/sec/dispatcher/SecDispatcherException
instanceKlass org/sonatype/plexus/components/cipher/PlexusCipherException
instanceKlass org/apache/maven/doxia/parser/ParseException
instanceKlass org/apache/maven/doxia/parser/manager/ParserNotFoundException
instanceKlass org/apache/maven/doxia/macro/MacroExecutionException
instanceKlass org/apache/maven/reporting/MavenReportException
instanceKlass javax/xml/transform/TransformerException
instanceKlass org/apache/maven/shared/dependency/graph/DependencyGraphBuilderException
instanceKlass com/jcraft/jsch/SftpException
instanceKlass com/jcraft/jsch/agentproxy/AgentProxyException
instanceKlass com/jcraft/jsch/JSchException
instanceKlass org/codehaus/plexus/components/interactivity/PrompterException
instanceKlass org/codehaus/plexus/interpolation/reflection/MethodMap$AmbiguousException
instanceKlass org/codehaus/plexus/interpolation/InterpolationException
instanceKlass org/apache/maven/shared/utils/cli/CommandLineException
instanceKlass org/sonatype/plexus/components/sec/dispatcher/SecDispatcherException
instanceKlass org/apache/maven/shared/transfer/artifact/deploy/ArtifactDeployerException
instanceKlass org/apache/maven/shared/transfer/project/NoFileAssignedException
instanceKlass org/apache/maven/shared/transfer/repository/RepositoryManagerException
instanceKlass org/apache/maven/shared/filtering/MavenFilteringException
instanceKlass org/sonatype/plexus/components/cipher/PlexusCipherException
instanceKlass org/apache/maven/plugins/assembly/repository/RepositoryAssemblyException
instanceKlass org/apache/maven/shared/transfer/artifact/resolve/ArtifactResolverException
instanceKlass org/apache/maven/shared/transfer/dependencies/resolve/DependencyResolverException
instanceKlass org/apache/maven/shared/transfer/artifact/install/ArtifactInstallerException
instanceKlass org/apache/maven/shared/io/download/DownloadFailedException
instanceKlass org/apache/maven/plugins/assembly/artifact/DependencyResolutionException
instanceKlass org/codehaus/plexus/archiver/jar/ManifestException
instanceKlass org/codehaus/plexus/archiver/manager/NoSuchArchiverException
instanceKlass org/apache/maven/shared/transfer/dependencies/collect/DependencyCollectorException
instanceKlass org/apache/maven/plugins/assembly/format/AssemblyFormattingException
instanceKlass org/apache/maven/plugins/assembly/archive/ArchiveCreationException
instanceKlass org/apache/maven/plugins/assembly/InvalidAssemblerConfigurationException
instanceKlass org/apache/maven/plugins/assembly/io/AssemblyReadException
instanceKlass org/codehaus/plexus/interpolation/reflection/MethodMap$AmbiguousException
instanceKlass org/codehaus/plexus/util/cli/CommandLineException
instanceKlass org/codehaus/plexus/interpolation/InterpolationException
instanceKlass org/sonatype/plexus/components/sec/dispatcher/SecDispatcherException
instanceKlass org/sonatype/plexus/components/cipher/PlexusCipherException
instanceKlass org/codehaus/plexus/components/interactivity/PrompterException
instanceKlass org/codehaus/plexus/archiver/jar/ManifestException
instanceKlass org/codehaus/plexus/archiver/manager/NoSuchArchiverException
instanceKlass org/codehaus/plexus/archiver/ArchiveFilterException
instanceKlass org/apache/maven/surefire/api/testset/TestSetFailedException
instanceKlass org/apache/maven/surefire/booter/SurefireExecutionException
instanceKlass org/apache/maven/surefire/booter/SurefireBooterForkException
instanceKlass org/sonatype/plexus/components/sec/dispatcher/SecDispatcherException
instanceKlass org/sonatype/plexus/components/cipher/PlexusCipherException
instanceKlass org/codehaus/plexus/util/cli/CommandLineException
instanceKlass org/codehaus/plexus/compiler/util/scan/InclusionScanException
instanceKlass org/codehaus/plexus/compiler/CompilerException
instanceKlass org/codehaus/plexus/compiler/manager/NoSuchCompilerException
instanceKlass org/apache/maven/shared/filtering/MavenFilteringException
instanceKlass org/codehaus/plexus/util/cli/CommandLineException
instanceKlass org/codehaus/plexus/interpolation/InterpolationException
instanceKlass org/codehaus/plexus/components/interactivity/PrompterException
instanceKlass org/codehaus/plexus/archiver/jar/ManifestException
instanceKlass org/codehaus/plexus/archiver/manager/NoSuchArchiverException
instanceKlass org/sonatype/plexus/components/sec/dispatcher/SecDispatcherException
instanceKlass org/sonatype/plexus/components/cipher/PlexusCipherException
instanceKlass org/codehaus/plexus/archiver/ArchiveFilterException
instanceKlass org/apache/maven/surefire/api/testset/TestSetFailedException
instanceKlass org/apache/maven/surefire/booter/SurefireExecutionException
instanceKlass org/apache/maven/surefire/booter/SurefireBooterForkException
instanceKlass com/sun/tools/javac/parser/ReferenceParser$ParseException
instanceKlass com/sun/tools/javac/jvm/JNIWriter$TypeSignature$SignatureException
instanceKlass com/sun/tools/javac/jvm/ModuleNameReader$BadClassFile
instanceKlass jdk/javadoc/internal/doclint/DocLint$BadArgs
instanceKlass com/sun/tools/javac/main/Option$InvalidValueException
instanceKlass org/codehaus/plexus/util/cli/CommandLineException
instanceKlass org/sonatype/plexus/components/sec/dispatcher/SecDispatcherException
instanceKlass org/sonatype/plexus/components/cipher/PlexusCipherException
instanceKlass org/codehaus/plexus/compiler/util/scan/InclusionScanException
instanceKlass org/codehaus/plexus/compiler/CompilerException
instanceKlass org/codehaus/plexus/compiler/manager/NoSuchCompilerException
instanceKlass org/apache/maven/shared/filtering/MavenFilteringException
instanceKlass org/eclipse/jgit/errors/InvalidPatternException
instanceKlass javax/management/JMException
instanceKlass org/eclipse/jgit/errors/StoredObjectRepresentationNotAvailableException
instanceKlass pl/project13/core/CannotReadFileException
instanceKlass java/util/zip/DataFormatException
instanceKlass org/eclipse/jgit/errors/CommandFailedException
instanceKlass org/eclipse/jgit/errors/BinaryBlobException
instanceKlass org/eclipse/jgit/errors/ConfigInvalidException
instanceKlass org/eclipse/jgit/api/errors/GitAPIException
instanceKlass org/sonatype/plexus/components/sec/dispatcher/SecDispatcherException
instanceKlass org/sonatype/plexus/components/cipher/PlexusCipherException
instanceKlass pl/project13/core/GitCommitIdExecutionException
instanceKlass org/codehaus/plexus/interpolation/InterpolationException
instanceKlass org/codehaus/plexus/interpolation/InterpolationException
instanceKlass org/apache/maven/artifact/DependencyResolutionRequiredException
instanceKlass org/codehaus/plexus/util/introspection/MethodMap$AmbiguousException
instanceKlass java/net/URISyntaxException
instanceKlass org/xml/sax/SAXException
instanceKlass javax/xml/parsers/ParserConfigurationException
instanceKlass org/codehaus/plexus/interpolation/reflection/MethodMap$AmbiguousException
instanceKlass java/security/PrivilegedActionException
instanceKlass org/apache/maven/model/resolution/UnresolvableModelException
instanceKlass org/apache/maven/model/resolution/InvalidRepositoryException
instanceKlass org/apache/maven/cli/internal/ExtensionResolutionException
instanceKlass org/apache/maven/toolchain/building/ToolchainsBuildingException
instanceKlass org/apache/maven/execution/MavenExecutionRequestPopulationException
instanceKlass org/apache/maven/settings/building/SettingsBuildingException
instanceKlass org/apache/maven/repository/legacy/resolver/conflict/ConflictResolverNotFoundException
instanceKlass org/apache/maven/configuration/BeanConfigurationException
instanceKlass org/apache/maven/model/building/ModelBuildingException
instanceKlass org/sonatype/plexus/components/sec/dispatcher/SecDispatcherException
instanceKlass org/sonatype/plexus/components/cipher/PlexusCipherException
instanceKlass org/apache/maven/plugin/version/PluginVersionNotFoundException
instanceKlass org/apache/maven/plugin/InvalidPluginException
instanceKlass org/codehaus/plexus/component/composition/CycleDetectedInComponentGraphException
instanceKlass org/codehaus/plexus/configuration/PlexusConfigurationException
instanceKlass org/codehaus/plexus/component/configurator/ComponentConfigurationException
instanceKlass org/codehaus/plexus/component/configurator/expression/ExpressionEvaluationException
instanceKlass org/apache/maven/BuildFailureException
instanceKlass org/codehaus/plexus/util/dag/CycleDetectedException
instanceKlass org/apache/maven/MavenExecutionException
instanceKlass org/apache/maven/project/DuplicateProjectException
instanceKlass org/apache/maven/repository/metadata/MetadataGraphTransformationException
instanceKlass org/apache/maven/artifact/repository/metadata/RepositoryMetadataReadException
instanceKlass org/apache/maven/artifact/repository/metadata/RepositoryMetadataStoreException
instanceKlass org/apache/http/HttpException
instanceKlass org/apache/maven/artifact/deployer/ArtifactDeploymentException
instanceKlass org/apache/maven/project/DependencyResolutionException
instanceKlass org/apache/maven/lifecycle/LifecycleExecutionException
instanceKlass org/apache/maven/lifecycle/LifecycleNotFoundException
instanceKlass org/apache/maven/lifecycle/LifecyclePhaseNotFoundException
instanceKlass org/apache/maven/project/interpolation/ModelInterpolationException
instanceKlass org/apache/maven/plugin/PluginConfigurationException
instanceKlass org/apache/maven/plugin/PluginManagerException
instanceKlass org/apache/maven/artifact/installer/ArtifactInstallationException
instanceKlass org/apache/maven/plugin/prefix/NoPluginFoundForPrefixException
instanceKlass org/apache/maven/toolchain/MisconfiguredToolchainException
instanceKlass org/apache/maven/project/ProjectBuildingException
instanceKlass org/apache/maven/artifact/repository/metadata/RepositoryMetadataResolutionException
instanceKlass org/apache/maven/plugin/InvalidPluginDescriptorException
instanceKlass org/apache/maven/plugin/MojoNotFoundException
instanceKlass org/apache/maven/plugin/PluginDescriptorParsingException
instanceKlass org/apache/maven/plugin/version/PluginVersionResolutionException
instanceKlass org/apache/maven/artifact/InvalidRepositoryException
instanceKlass org/apache/maven/artifact/versioning/InvalidVersionSpecificationException
instanceKlass org/apache/maven/repository/ArtifactDoesNotExistException
instanceKlass org/apache/maven/repository/ArtifactTransferFailedException
instanceKlass org/apache/maven/repository/metadata/GraphConflictResolutionException
instanceKlass org/apache/maven/repository/metadata/MetadataResolutionException
instanceKlass org/apache/maven/plugin/PluginResolutionException
instanceKlass org/eclipse/aether/RepositoryException
instanceKlass java/security/GeneralSecurityException
instanceKlass org/codehaus/plexus/component/repository/exception/ComponentLifecycleException
instanceKlass org/apache/maven/wagon/WagonException
instanceKlass org/apache/maven/lifecycle/internal/builder/BuilderNotFoundException
instanceKlass org/apache/maven/lifecycle/NoGoalSpecifiedException
instanceKlass org/apache/maven/lifecycle/MissingProjectException
instanceKlass org/codehaus/plexus/personality/plexus/lifecycle/phase/InitializationException
instanceKlass org/apache/maven/repository/legacy/metadata/ArtifactMetadataRetrievalException
instanceKlass org/apache/maven/artifact/resolver/AbstractArtifactResolutionException
instanceKlass org/apache/maven/plugin/AbstractMojoExecutionException
instanceKlass java/util/concurrent/TimeoutException
instanceKlass com/google/common/collect/RegularImmutableMap$BucketOverflowException
instanceKlass java/util/concurrent/ExecutionException
instanceKlass java/lang/InterruptedException
instanceKlass com/google/inject/internal/ErrorsException
instanceKlass com/google/inject/internal/InternalProvisionException
instanceKlass org/codehaus/plexus/context/ContextException
instanceKlass java/text/ParseException
instanceKlass org/codehaus/plexus/PlexusContainerException
instanceKlass org/codehaus/plexus/component/repository/exception/ComponentLookupException
instanceKlass org/codehaus/plexus/util/xml/pull/XmlPullParserException
instanceKlass java/lang/CloneNotSupportedException
instanceKlass sun/nio/fs/WindowsException
instanceKlass org/codehaus/plexus/interpolation/InterpolationException
instanceKlass org/apache/commons/cli/ParseException
instanceKlass org/apache/maven/cli/MavenCli$ExitException
instanceKlass org/codehaus/plexus/classworlds/ClassWorldException
instanceKlass org/codehaus/plexus/classworlds/launcher/ConfigurationException
instanceKlass java/io/IOException
instanceKlass java/lang/ReflectiveOperationException
instanceKlass java/lang/RuntimeException
ciInstanceKlass java/lang/Exception 1 1 40 10 7 12 1 1 1 10 12 1 10 12 1 10 12 1 10 12 1 100 1 1 1 1 5 0 1 1 1 1 1 1 1 1 1 1 1 1 1 1
instanceKlass java/lang/InstantiationException
instanceKlass java/lang/NoSuchFieldException
instanceKlass java/lang/IllegalAccessException
instanceKlass java/lang/reflect/InvocationTargetException
instanceKlass java/lang/NoSuchMethodException
instanceKlass java/lang/ClassNotFoundException
ciInstanceKlass java/lang/ReflectiveOperationException 1 1 34 10 7 12 1 1 1 10 12 1 10 12 1 10 12 1 100 1 1 1 1 5 0 1 1 1 1 1 1 1 1 1 1 1
instanceKlass com/sun/tools/javac/tree/Pretty$UncheckedIOException
instanceKlass com/sun/source/util/TreePath$1Result
instanceKlass com/sun/tools/javac/file/PathFileObject$CannotCreateUriError
instanceKlass com/sun/tools/javac/tree/TreeInfo$1Result
instanceKlass com/sun/tools/javac/processing/ServiceProxy$ServiceConfigurationError
instanceKlass com/sun/tools/javac/util/Abort
instanceKlass com/sun/tools/javac/processing/AnnotationProcessingError
instanceKlass com/sun/tools/javac/util/FatalError
instanceKlass java/util/ServiceConfigurationError
instanceKlass com/google/common/util/concurrent/ExecutionError
instanceKlass java/lang/AssertionError
instanceKlass java/io/IOError
instanceKlass org/apache/maven/BuildAbort
instanceKlass java/lang/VirtualMachineError
instanceKlass java/lang/LinkageError
instanceKlass java/lang/ThreadDeath
ciInstanceKlass java/lang/Error 1 1 40 10 7 12 1 1 1 10 12 1 10 12 1 10 12 1 10 12 1 100 1 1 1 1 5 0 1 1 1 1 1 1 1 1 1 1 1 1 1 1
ciInstanceKlass java/lang/ThreadDeath 0 0 21 10 100 12 1 1 1 100 1 1 1 1 5 0 1 1 1 1 1 1 1
ciInstanceKlass java/lang/ClassNotFoundException 1 1 96 7 1 10 7 12 1 1 1 10 12 1 10 12 1 1 10 100 12 1 1 1 8 1 10 100 12 1 1 1 10 7 12 1 1 10 100 12 1 1 1 10 100 12 1 1 1 10 12 1 1 7 1 10 12 1 9 12 1 1 1 1 1 5 0 1 1 1 1 1 1 1 1 1 1 1 1 1 1 1 1 1 1 100 1 1 1 1 1 1 1 1 1 1 1 1
staticfield java/lang/ClassNotFoundException serialPersistentFields [Ljava/io/ObjectStreamField; 1 [Ljava/io/ObjectStreamField;
instanceKlass java/lang/ClassFormatError
instanceKlass java/lang/ExceptionInInitializerError
instanceKlass java/lang/UnsatisfiedLinkError
instanceKlass java/lang/IncompatibleClassChangeError
instanceKlass java/lang/BootstrapMethodError
instanceKlass java/lang/NoClassDefFoundError
ciInstanceKlass java/lang/LinkageError 1 1 31 10 7 12 1 1 1 10 12 1 10 12 1 100 1 1 1 1 5 0 1 1 1 1 1 1 1 1 1 1 1
instanceKlass jdk/internal/misc/ThreadTracker$ThreadRef
instanceKlass sun/security/pkcs/SignerInfo$AlgorithmInfo
ciInstanceKlass java/lang/Record 1 1 22 10 7 12 1 1 1 100 1 1 1 1 1 1 1 1 1 1 1 1 1 1
ciInstanceKlass java/lang/Boolean 1 1 151 10 7 12 1 1 1 9 7 12 1 1 1 10 12 1 1 10 12 1 8 1 10 7 12 1 1 9 12 1 1 9 12 1 8 1 10 12 1 1 10 12 1 1 10 7 12 1 1 1 100 1 100 1 10 12 1 1 9 100 12 1 1 9 12 10 100 12 1 1 1 10 12 1 1 8 1 10 7 12 1 1 1 9 12 1 1 100 1 100 1 100 1 1 1 1 1 1 5 0 1 1 1 1 1 1 1 1 1 1 3 1 1 1 1 1 1 1 1 1 1 1 1 1 1 1 1 1 1 1 1 100 1 1 1 1 1 1 1 1 1 1 100 1 1 1 1 1 1 1 1
staticfield java/lang/Boolean TRUE Ljava/lang/Boolean; java/lang/Boolean
staticfield java/lang/Boolean FALSE Ljava/lang/Boolean; java/lang/Boolean
staticfield java/lang/Boolean TYPE Ljava/lang/Class; java/lang/Class
instanceKlass java/util/concurrent/locks/AbstractQueuedSynchronizer
ciInstanceKlass java/util/concurrent/locks/AbstractOwnableSynchronizer 1 1 32 10 7 12 1 1 1 9 7 12 1 1 1 100 1 1 1 1 5 0 1 1 1 1 1 1 1 1 1 1 1 1
instanceKlass java/math/BigDecimal
instanceKlass java/util/concurrent/atomic/Striped64
instanceKlass java/math/BigInteger
instanceKlass java/util/concurrent/atomic/AtomicLong
instanceKlass java/util/concurrent/atomic/AtomicInteger
instanceKlass java/lang/Long
instanceKlass java/lang/Integer
instanceKlass java/lang/Short
instanceKlass java/lang/Byte
instanceKlass java/lang/Double
instanceKlass java/lang/Float
ciInstanceKlass java/lang/Number 1 1 37 10 7 12 1 1 1 10 100 12 1 1 1 100 1 1 1 1 5 0 1 1 1 1 1 1 1 1 1 1 1 1 1 1 1 1 1
instanceKlass java/lang/LiveStackFrameInfo
ciInstanceKlass java/lang/StackFrameInfo 0 0 132 10 100 12 1 1 1 9 100 12 1 1 1 9 100 1 9 12 1 1 11 100 12 1 1 1 9 12 1 1 11 12 1 1 10 12 1 1 10 100 12 1 1 1 10 12 1 11 12 1 11 12 1 1 11 12 1 10 12 1 1 9 12 1 1 10 12 1 1 10 100 12 1 1 10 12 1 1 11 12 1 1 10 12 1 9 12 1 1 10 12 1 1 100 1 8 1 10 12 1 10 100 12 1 1 1 100 1 1 1 1 1 1 1 1 1 1 1 1 1 1 1 1 1 1 100 1 1 1 1 1 1
ciInstanceKlass java/lang/LiveStackFrameInfo 0 0 97 10 100 12 1 1 1 9 100 12 1 1 1 9 12 1 9 12 1 9 12 1 9 12 1 1 100 1 10 12 1 1 10 12 1 8 1 10 12 1 1 8 1 8 1 8 1 10 100 1 10 12 1 100 1 10 12 1 100 1 100 1 1 1 3 1 3 1 1 1 1 1 1 1 1 1 1 1 1 1 1 1 1 1 1 1 1 1 1 1 1 1 1 1 100 1 1
ciInstanceKlass java/lang/Character 1 1 576 7 1 100 1 100 1 9 12 1 1 8 1 9 12 1 1 100 1 9 12 1 1 10 100 12 1 1 1 10 100 12 1 1 1 10 100 12 1 1 1 10 7 12 1 1 1 9 7 12 1 1 1 10 12 1 10 12 1 1 10 12 1 1 10 7 12 1 1 10 12 1 1 3 3 3 3 3 10 12 1 1 10 12 1 3 11 7 12 1 1 1 11 12 1 1 10 12 1 1 10 12 1 1 100 1 10 10 12 1 3 10 12 1 1 10 12 1 10 12 1 1 100 1 8 1 10 12 1 1 10 12 1 10 12 1 10 12 1 10 12 1 10 12 1 1 10 12 1 10 7 12 1 1 10 10 12 1 10 10 12 1 10 12 1 1 10 12 1 10 10 12 1 10 12 1 10 12 1 10 12 1 10 12 1 10 12 1 10 12 1 10 12 10 10 12 10 10 12 1 10 10 12 1 10 10 12 1 10 10 12 1 10 10 12 1 10 10 12 1 10 10 12 1 1 10 10 12 1 10 5 0 10 12 1 10 12 1 10 10 12 1 10 10 12 1 1 10 10 12 1 10 10 12 1 9 12 1 1 100 1 10 10 12 1 10 12 1 1 3 10 100 12 1 1 1 10 12 1 10 100 12 1 1 100 1 10 10 12 1 1 10 12 1 1 10 12 1 1 8 1 10 12 1 9 100 12 1 1 1 10 12 1 10 10 12 1 10 12 1 1 10 12 1 10 10 12 1 1 10 10 12 1 1 100 1 8 1 10 12 1 1 10 7 12 1 1 1 8 1 10 12 1 1 9 12 1 1 100 1 100 1 100 1 1 1 1 3 1 3 1 3 1 3 1 1 1 1 1 3 1 1 3 1 3 1 3 1 3 1 3 1 3 1 3 1 3 1 3 1 3 1 3 1 3 1 3 1 3 1 3 1 3 1 3 1 3 1 3 1 3 1 3 1 3 1 3 1 3 1 3 1 3 1 3 1 3 1 1 1 1 1 1 1 1 1 1 1 1 1 1 1 1 1 1 1 3 1 1 1 1 1 1 1 3 1 1 3 1 1 1 1 1 3 1 1 5 0 1 1 1 1 1 1 1 1 1 1 1 1 1 1 1 1 1 1 1 1 1 1 1 1 1 1 1 1 1 1 1 1 1 1 1 1 1 1 1 1 1 1 1 1 1 1 1 1 1 1 1 1 1 1 1 1 1 1 1 1 1 1 1 1 1 1 1 1 1 1 1 1 1 1 1 1 1 1 1 1 1 1 1 1 1 1 1 1 1 100 1 100 1 1 1 1 1 1
staticfield java/lang/Character TYPE Ljava/lang/Class; java/lang/Class
staticfield java/lang/Character $assertionsDisabled Z 1
ciInstanceKlass java/lang/Float 1 1 223 7 1 100 1 10 7 12 1 1 1 10 100 12 1 1 1 4 100 1 10 12 1 1 10 12 1 1 8 1 8 1 10 100 12 1 1 1 10 12 1 1 10 12 1 1 10 4 4 4 10 7 12 1 1 9 12 1 1 10 12 1 1 10 12 1 10 12 1 10 12 1 1 10 12 1 10 12 1 3 10 12 1 1 10 12 1 1 10 12 1 10 100 12 1 1 1 10 12 1 1 10 12 1 1 8 1 10 7 12 1 1 1 9 12 1 1 100 1 100 1 100 1 1 1 1 1 4 1 1 1 4 1 1 3 1 3 1 3 1 3 1 1 1 1 5 0 1 1 1 1 1 1 1 1 1 1 7 1 1 1 1 1 1 1 1 1 1 1 1 1 3 1 1 1 1 1 1 1 1 1 1 1 1 1 1 1 1 1 1 1 1 1 1 1 1 1 1 1 1 1 1 1 1 1 1 1 1 1 1 7 1 1 1 1 1 1 1 100 1 100 1 1
staticfield java/lang/Float TYPE Ljava/lang/Class; java/lang/Class
ciInstanceKlass java/lang/Double 1 1 285 7 1 100 1 10 7 12 1 1 1 10 12 1 1 10 12 1 100 1 10 12 1 1 10 100 12 1 1 1 6 0 8 1 10 12 1 1 8 1 10 12 1 1 8 1 6 0 10 12 1 1 100 1 5 0 5 0 8 1 8 1 10 100 12 1 1 1 10 100 12 1 1 1 8 1 10 12 1 1 8 1 8 1 8 1 10 12 1 1 10 12 1 10 12 1 1 10 12 1 10 12 1 10 12 1 1 10 12 1 10 6 0 6 0 6 0 10 7 12 1 1 9 12 1 1 10 12 1 10 12 1 10 12 1 10 12 1 5 0 10 12 1 1 10 12 1 10 12 1 10 100 12 1 1 1 10 12 1 1 10 12 1 1 8 1 10 7 12 1 1 1 9 12 1 1 100 1 100 1 100 1 1 1 1 1 6 0 1 1 1 6 0 1 1 3 1 3 1 3 1 3 1 1 1 1 5 0 1 1 1 1 1 1 1 1 1 1 1 1 1 1 1 1 7 1 1 1 1 1 1 1 1 1 1 1 1 3 1 1 1 1 1 1 1 1 1 1 1 1 1 1 1 1 1 1 1 1 1 1 1 1 1 1 1 1 1 1 1 1 1 1 7 1 1 1 1 1 1 1 100 1 100 1 1
staticfield java/lang/Double TYPE Ljava/lang/Class; java/lang/Class
ciInstanceKlass java/lang/Byte 1 1 215 7 1 100 1 10 100 12 1 1 1 9 12 1 1 8 1 9 12 1 1 100 1 10 12 1 1 10 12 1 1 10 100 12 1 1 1 10 100 12 1 1 1 9 7 12 1 1 1 10 12 1 1 7 1 100 1 10 12 1 1 8 1 10 12 1 1 8 1 10 12 1 10 12 1 10 12 1 10 12 1 1 10 12 1 10 12 1 10 12 1 1 10 8 1 8 1 10 7 1 9 12 1 1 10 12 1 10 12 1 1 10 12 1 1 10 12 1 1 10 12 1 5 0 10 12 1 1 8 1 10 7 12 1 1 1 9 12 1 1 100 1 100 1 1 1 3 1 3 1 1 1 1 3 1 3 1 1 5 0 1 1 1 1 1 1 1 1 1 1 1 1 1 1 1 1 1 1 1 1 1 1 1 1 1 1 1 1 1 1 1 1 1 1 1 1 1 1 1 1 1 1 1 1 1 1 1 1 1 1 1 1 1 1 1
staticfield java/lang/Byte TYPE Ljava/lang/Class; java/lang/Class
ciInstanceKlass java/lang/Short 1 1 224 7 1 100 1 100 1 10 100 12 1 1 1 10 12 1 1 7 1 100 1 10 12 1 1 8 1 10 12 1 1 8 1 10 12 1 10 12 1 10 12 1 10 12 1 1 10 12 1 1 10 12 1 9 12 1 1 8 1 9 12 1 1 100 1 10 12 1 1 10 12 1 10 100 12 1 1 1 10 100 12 1 1 1 9 7 12 1 1 1 10 12 1 10 12 1 1 10 8 1 8 1 10 7 1 9 12 1 1 10 12 1 10 12 1 1 10 12 1 1 10 12 1 1 10 12 1 3 3 5 0 10 12 1 1 8 1 10 7 12 1 1 1 9 12 1 1 100 1 100 1 1 1 3 1 3 1 1 1 1 3 1 3 1 1 5 0 1 1 1 1 1 1 1 1 1 1 1 1 1 1 1 1 1 1 1 1 1 1 1 1 1 1 1 3 1 1 1 1 1 1 1 1 1 1 1 1 1 1 1 1 1 1 1 1 1 1 1 1 1 1 1 1 1
staticfield java/lang/Short TYPE Ljava/lang/Class; java/lang/Class
ciInstanceKlass java/lang/Integer 1 1 445 7 1 100 1 7 1 7 1 10 12 1 1 9 12 1 1 9 12 1 1 10 7 12 1 1 1 10 12 1 1 10 100 12 1 1 1 10 10 12 1 1 10 100 12 1 1 1 10 12 1 10 12 1 1 10 7 12 1 1 1 10 12 1 1 10 12 1 1 10 12 1 10 12 1 10 12 1 1 10 10 12 1 9 12 1 1 9 12 1 7 1 8 1 10 12 1 100 1 10 12 1 8 1 10 12 1 1 10 12 1 8 1 10 12 1 8 1 10 12 1 1 3 10 12 1 1 3 10 12 1 1 10 12 1 1 10 7 12 1 1 1 11 7 1 100 1 10 11 10 12 1 1 8 1 10 12 1 1 8 1 100 1 10 12 1 1 10 12 1 1 5 0 8 1 10 12 1 10 12 1 10 12 1 10 12 1 1 7 1 9 12 1 1 9 12 1 1 10 12 1 10 7 1 9 12 1 10 12 1 10 12 1 10 12 1 1 10 7 12 1 1 1 100 1 100 1 10 12 1 1 10 12 1 1 8 1 8 1 10 12 1 1 8 1 8 1 8 1 8 1 8 1 8 1 10 12 1 10 12 1 10 12 1 5 0 3 3 3 3 10 12 1 3 10 12 1 10 100 12 1 1 1 10 12 1 1 10 12 1 1 8 1 10 7 12 1 1 1 9 12 1 1 3 3 3 3 3 3 9 12 1 1 100 1 100 1 100 1 1 1 1 1 1 1 3 1 3 1 1 5 0 1 1 1 1 1 1 1 1 1 100 1 1 1 1 1 1 1 1 1 1 1 1 1 1 1 1 1 1 1 1 1 1 1 1 1 1 1 1 1 1 1 1 1 1 1 1 1 1 1 3 1 1 1 1 1 1 1 1 1 1 1 1 1 1 1 1 100 1 1 1 1 1 1 1 1 1 1 1 1 1 1 1 1 1 1 1 1 1 1 1 1 1 1 1 1 1 1 1 7 1 1 1 1 1 1 1 1 1 100 1 100 1 1
staticfield java/lang/Integer TYPE Ljava/lang/Class; java/lang/Class
staticfield java/lang/Integer digits [C 36
staticfield java/lang/Integer DigitTens [B 100
staticfield java/lang/Integer DigitOnes [B 100
staticfield java/lang/Integer sizeTable [I 10
ciMethod java/lang/Integer numberOfLeadingZeros (I)I 34 0 7165 0 -1
ciInstanceKlass java/lang/Long 1 1 506 7 1 100 1 7 1 7 1 10 12 1 1 9 12 1 1 9 7 12 1 1 1 10 100 12 1 1 1 10 12 1 1 10 100 12 1 1 1 10 10 12 10 12 1 10 12 1 10 12 1 5 0 5 0 100 1 10 12 1 1 10 12 1 1 10 12 1 10 12 1 10 12 1 10 12 1 1 10 100 12 1 1 10 12 1 10 12 1 1 10 12 1 1 10 12 1 1 10 12 1 1 10 100 12 1 1 1 10 12 1 1 10 12 1 10 12 1 10 12 1 10 12 1 1 10 10 12 1 5 0 5 0 9 12 1 1 9 12 1 5 0 7 1 8 1 10 12 1 8 1 10 12 1 8 1 8 1 10 12 1 1 5 0 10 12 1 1 5 0 10 12 1 1 10 12 1 1 10 100 12 1 1 1 11 100 1 100 1 10 11 10 12 1 1 8 1 10 12 1 1 8 1 100 1 10 12 1 1 10 12 1 8 1 8 1 11 12 1 1 10 12 1 10 12 1 10 12 1 5 0 5 0 9 7 12 1 1 1 10 12 1 10 12 1 1 8 1 8 1 10 12 1 1 8 1 8 1 8 1 8 1 8 1 8 1 10 12 1 10 12 1 10 12 1 1 10 7 1 9 12 1 1 10 12 1 10 12 1 1 10 100 12 1 1 1 100 1 100 1 10 12 1 1 10 12 1 1 5 0 10 12 1 10 12 1 5 0 5 0 5 0 10 12 1 1 5 0 5 0 10 12 1 10 12 1 10 100 12 1 1 1 10 12 1 1 10 12 1 1 8 1 10 7 12 1 1 1 9 12 1 1 100 1 100 1 100 1 1 1 1 5 0 1 1 1 1 3 1 3 1 5 0 1 1 1 1 1 1 1 1 1 100 1 1 1 1 1 1 1 1 1 1 1 1 1 1 1 1 1 1 1 1 1 1 1 1 1 1 1 1 1 1 1 1 1 1 1 1 1 1 1 1 1 1 1 1 1 1 1 1 1 1 1 1 1 1 3 1 1 1 1 1 1 1 1 1 1 1 1 1 1 1 100 1 1 1 1 1 1 1 1 1 1 1 1 1 1 1 1 1 1 1 1 1 1 1 1 1 1 1 7 1 1 1 1 1 1 1 1 1 100 1 100 1 1
staticfield java/lang/Long TYPE Ljava/lang/Class; java/lang/Class
instanceKlass java/lang/ref/PhantomReference
instanceKlass java/lang/ref/FinalReference
instanceKlass java/lang/ref/WeakReference
instanceKlass java/lang/ref/SoftReference
ciInstanceKlass java/lang/ref/Reference 1 1 195 9 7 12 1 1 1 9 7 12 1 1 10 12 1 1 10 12 1 1 9 12 1 1 10 12 1 1 9 12 1 1 9 12 1 1 7 1 10 12 1 10 7 12 1 1 10 12 1 10 12 1 1 10 12 1 9 12 1 10 12 1 1 10 12 1 10 12 1 9 12 1 100 1 100 1 10 12 1 9 12 1 9 12 1 100 1 10 10 12 1 10 10 7 12 1 1 10 7 12 1 1 1 10 12 1 1 10 7 12 1 1 7 1 8 1 10 12 1 10 12 1 1 10 12 1 1 10 12 1 7 1 10 10 7 12 1 1 1 1 1 1 1 1 1 1 1 1 1 1 1 1 1 1 1 100 1 1 1 100 1 1 1 1 1 1 1 1 1 1 1 1 1 1 1 1 1 1 1 1 1 1 1 1 1 1 1 1 1 1 1 1 1 1 1
staticfield java/lang/ref/Reference processPendingLock Ljava/lang/Object; java/lang/Object
staticfield java/lang/ref/Reference $assertionsDisabled Z 1
instanceKlass org/eclipse/jgit/internal/storage/file/WindowCache$SoftRef
instanceKlass java/util/ResourceBundle$BundleReference
instanceKlass sun/security/util/MemoryCache$SoftCacheEntry
instanceKlass org/eclipse/sisu/inject/MildElements$Soft
instanceKlass sun/util/locale/provider/LocaleResources$ResourceReference
instanceKlass sun/util/resources/Bundles$BundleReference
instanceKlass org/eclipse/sisu/inject/MildKeys$Soft
instanceKlass java/lang/invoke/LambdaFormEditor$Transform
instanceKlass sun/util/locale/LocaleObjectCache$CacheEntry
ciInstanceKlass java/lang/ref/SoftReference 1 1 47 10 7 12 1 1 1 9 7 12 1 1 1 9 12 1 10 12 1 10 12 1 1 1 1 1 1 1 1 1 1 1 1 1 1 1 1 1 1 1 1 100 1 1 1 1 1
instanceKlass java/util/ResourceBundle$KeyElementReference
instanceKlass sun/nio/ch/FileLockTable$FileLockReference
instanceKlass org/eclipse/sisu/inject/MildElements$Weak
instanceKlass com/google/common/collect/MapMakerInternalMap$AbstractWeakKeyEntry
instanceKlass com/google/common/cache/LocalCache$WeakEntry
instanceKlass java/lang/WeakPairMap$WeakRefPeer
instanceKlass java/lang/ClassValue$Entry
instanceKlass java/util/logging/LogManager$LoggerWeakRef
instanceKlass java/util/logging/Level$KnownLevel
instanceKlass org/eclipse/sisu/inject/MildKeys$Weak
instanceKlass java/lang/invoke/MethodType$ConcurrentWeakInternSet$WeakEntry
instanceKlass java/lang/ThreadLocal$ThreadLocalMap$Entry
instanceKlass java/util/WeakHashMap$Entry
ciInstanceKlass java/lang/ref/WeakReference 1 1 31 10 7 12 1 1 1 10 12 1 100 1 1 1 1 1 1 1 1 1 1 1 1 1 1 1 1 1 1 1 1
instanceKlass java/lang/ref/Finalizer
ciInstanceKlass java/lang/ref/FinalReference 1 1 47 10 7 12 1 1 1 10 7 12 1 1 1 10 12 1 1 100 1 8 1 10 12 1 1 1 1 1 1 1 1 1 1 1 1 1 1 1 1 1 1 1 1 1 1 1 1
ciInstanceKlass java/lang/ref/Finalizer 1 1 152 9 7 12 1 1 1 10 7 12 1 1 1 9 12 1 1 9 12 1 1 9 12 1 9 12 1 10 12 1 10 12 1 1 9 12 1 1 100 1 10 12 1 7 1 11 7 12 1 1 100 1 10 12 1 100 1 10 12 1 10 100 12 1 1 1 10 100 12 1 1 1 100 1 10 10 12 1 10 7 12 1 1 1 7 1 10 7 1 10 10 7 12 1 1 1 10 12 1 1 10 7 12 1 1 7 1 10 12 1 10 12 1 1 10 12 1 1 10 12 1 1 1 1 1 1 1 1 1 1 1 1 1 1 1 1 1 1 1 1 1 1 1 1 1 1 1 1 1 1 1 1
staticfield java/lang/ref/Finalizer lock Ljava/lang/Object; java/lang/Object
staticfield java/lang/ref/Finalizer $assertionsDisabled Z 1
instanceKlass jdk/internal/ref/PhantomCleanable
instanceKlass jdk/internal/ref/Cleaner
ciInstanceKlass java/lang/ref/PhantomReference 1 1 39 10 100 12 1 1 1 10 7 12 1 1 1 1 1 1 1 1 1 1 1 1 1 1 1 1 1 1 1 1 1 1 1 1 1 1 1 1 1
instanceKlass java/lang/reflect/Executable
instanceKlass java/lang/reflect/Field
ciInstanceKlass java/lang/reflect/AccessibleObject 1 1 398 10 7 12 1 1 1 9 100 12 1 1 1 10 100 12 1 1 1 10 7 12 1 1 10 7 12 1 1 1 10 7 12 1 1 1 10 12 1 1 10 12 1 1 9 12 1 1 100 1 10 7 12 1 1 1 11 12 1 100 1 10 12 1 7 1 100 1 10 12 1 10 12 1 1 7 1 10 7 12 1 1 1 10 12 1 1 7 1 10 12 1 1 7 1 10 10 10 7 12 1 1 1 10 12 1 1 10 12 1 10 12 1 10 12 1 1 10 12 1 8 1 100 1 10 10 12 1 1 8 1 10 12 1 10 12 1 8 1 8 1 8 1 8 1 8 1 8 1 100 1 10 12 1 10 12 1 9 12 1 1 10 12 1 1 10 12 1 10 11 100 1 100 1 8 1 10 10 12 1 10 12 1 1 8 1 10 12 1 8 1 10 12 1 1 10 100 1 8 1 10 11 7 12 1 1 10 12 1 1 10 12 1 1 10 12 1 1 9 12 1 1 100 1 10 12 1 7 1 10 12 1 10 12 1 1 10 100 1 10 12 1 10 12 10 12 1 10 12 1 1 10 12 1 10 12 1 1 10 12 1 9 12 1 10 100 12 1 1 8 1 10 100 12 1 1 1 8 1 10 100 12 1 1 1 9 12 1 100 1 10 7 1 10 10 7 12 1 1 1 7 1 10 10 7 12 1 1 1 7 1 9 12 1 1 1 1 1 1 1 1 1 1 1 1 1 1 1 1 1 1 1 1 1 1 1 1 1 1 1 1 1 1 1 1 1 1 1 1 1 1 1 1 1 1 1 1 1 1 1 1 1 1 1 1 1 1 1 1 1 1 1 1 1 1 1 1 1 1 1 1 1 1 1 1 1 1 1 1 1 1 1 1 1 1 1 1 1
staticfield java/lang/reflect/AccessibleObject reflectionFactory Ljdk/internal/reflect/ReflectionFactory; jdk/internal/reflect/ReflectionFactory
instanceKlass java/lang/reflect/Constructor
instanceKlass java/lang/reflect/Method
ciInstanceKlass java/lang/reflect/Executable 1 1 548 10 7 12 1 1 1 10 7 12 1 1 1 10 7 12 1 1 1 11 7 12 1 1 1 10 7 12 1 1 1 10 12 1 1 10 7 12 1 1 1 10 7 12 1 1 1 10 12 1 8 1 10 10 12 1 1 10 12 1 1 10 100 12 1 1 1 18 12 1 1 11 100 12 1 1 1 8 1 8 1 8 1 10 100 12 1 1 1 11 12 1 1 100 1 8 1 8 1 10 12 1 100 1 8 1 10 12 1 8 1 11 100 12 1 1 1 100 1 10 12 1 1 11 12 1 8 1 18 8 1 10 12 1 10 12 1 1 18 8 1 10 12 1 100 1 10 12 1 10 12 1 11 100 12 1 1 10 12 1 1 8 1 8 1 10 12 1 1 10 12 1 1 10 10 12 1 100 1 10 10 12 1 10 12 1 1 10 7 12 1 1 10 12 1 10 12 1 10 12 1 1 10 7 12 1 1 10 12 1 10 12 1 10 100 12 1 1 1 10 12 1 8 1 10 12 1 10 12 1 3 100 1 8 1 10 12 1 10 12 1 10 10 12 1 10 12 1 1 8 1 8 1 8 1 9 12 1 10 12 1 100 1 8 1 9 12 1 10 12 1 10 12 1 1 10 12 1 1 10 12 1 10 12 10 12 1 7 1 10 12 1 10 12 1 1 100 1 10 100 12 1 1 1 7 1 10 7 12 1 1 1 10 12 1 1 11 7 12 1 1 10 7 12 1 1 10 100 12 1 1 1 10 12 1 1 9 12 1 10 12 1 1 10 12 1 10 12 1 1 9 7 12 1 1 1 10 7 12 1 1 1 10 12 1 10 12 1 1 9 12 1 10 10 10 10 100 12 1 1 1 10 12 1 9 12 1 10 12 1 1 9 12 1 100 1 100 1 1 1 1 1 1 1 1 1 1 1 1 1 1 1 1 1 1 1 1 1 1 1 1 1 1 1 1 1 1 1 1 1 1 100 1 1 1 1 1 1 1 1 100 1 1 1 1 1 1 1 1 1 1 1 1 100 1 1 1 1 1 1 1 1 1 1 1 1 1 1 1 1 1 1 1 1 1 1 1 1 1 1 1 1 1 1 1 1 1 1 1 1 1 1 1 1 1 100 1 1 1 1 1 1 1 1 1 1 1 1 1 1 1 1 1 1 1 1 1 100 1 100 1 1 15 10 100 12 1 1 1 16 15 16 1 16 1 15 10 12 16 1 100 1 1 100 1 100 1 1
ciInstanceKlass java/lang/reflect/Constructor 1 1 433 10 7 12 1 1 1 10 7 12 1 1 9 7 12 1 1 1 10 12 1 1 10 12 1 1 10 7 12 1 1 9 12 1 1 10 7 12 1 1 1 9 12 1 1 9 12 1 1 9 12 1 9 12 1 1 9 12 1 9 12 1 1 9 12 1 1 9 12 1 100 1 8 1 10 12 1 10 12 1 9 12 1 1 10 7 12 1 1 10 7 12 1 1 1 10 12 1 1 10 12 1 1 10 12 1 7 1 100 1 8 1 10 10 12 1 10 12 1 10 12 1 1 10 12 1 1 9 100 12 1 1 1 10 7 12 1 1 10 12 1 1 10 12 1 10 12 1 1 10 7 12 1 1 1 10 100 12 1 1 10 12 1 1 10 12 1 10 100 12 1 1 1 8 1 10 10 12 1 100 1 8 1 10 12 1 10 12 1 1 10 12 1 1 10 12 1 10 12 1 10 12 1 1 10 12 1 1 9 12 1 1 10 12 1 1 10 12 1 1 10 12 1 8 1 10 12 1 1 11 7 12 1 1 1 10 12 1 1 10 12 1 10 12 1 9 12 1 1 10 7 12 1 1 1 10 12 1 1 10 12 1 1 10 12 1 1 10 12 1 1 10 12 1 9 100 12 1 1 10 12 1 10 12 1 10 12 1 100 1 8 1 10 10 12 1 1 10 12 1 10 10 12 1 1 10 12 1 1 10 100 12 1 1 1 11 100 12 1 1 1 10 12 1 1 9 100 12 1 1 1 10 100 12 1 1 1 10 12 1 1 1 1 1 1 1 1 1 1 1 1 1 1 1 1 1 1 1 1 1 1 1 1 1 1 1 1 1 1 1 1 1 1 1 1 1 1 1 1 1 1 1 1 1 1 1 1 1 1 1 100 1 100 1 100 1 100 1 1 1 1 1 1 1 1 1 1 1 1 1 1 1 1 1 1 1 1 1 1 1 1 1 1 1 1 1 1 1 1 1 100 1 1
ciInstanceKlass java/lang/reflect/Method 1 1 450 9 7 12 1 1 1 10 7 12 1 1 1 10 7 12 1 1 9 12 1 1 10 12 1 1 10 12 1 1 10 7 12 1 1 10 7 12 1 1 1 9 12 1 1 9 12 1 9 12 1 1 9 12 1 9 12 1 9 12 1 1 9 12 1 9 12 1 1 9 12 1 9 12 1 9 12 1 1 100 1 8 1 10 12 1 10 12 1 9 12 1 1 8 1 10 7 12 1 1 10 7 12 1 1 1 10 12 1 1 10 12 1 1 10 12 1 10 12 1 1 10 12 1 1 9 7 12 1 1 1 10 12 1 1 10 12 10 7 12 1 1 10 12 1 1 10 12 1 10 12 1 10 12 1 10 7 12 1 1 1 10 12 1 1 10 7 1 10 100 12 1 1 1 10 7 12 1 1 10 12 1 1 10 12 1 1 10 12 1 10 7 12 1 1 1 10 12 1 10 8 1 10 12 1 10 12 1 7 1 8 1 8 1 8 1 10 12 1 10 12 1 1 10 12 1 1 10 10 12 1 1 10 12 1 11 100 1 9 12 1 1 10 12 1 1 10 12 1 10 12 1 1 10 12 1 1 11 7 12 1 1 1 10 12 1 10 12 1 10 12 1 10 12 1 10 12 1 9 12 1 1 10 7 12 1 1 1 10 12 1 1 10 7 12 1 1 1 10 7 12 1 1 1 10 7 12 1 1 1 11 7 12 1 1 1 10 7 12 1 1 1 7 1 100 1 100 1 10 12 1 10 12 1 1 10 12 1 100 1 8 1 10 12 1 10 10 12 1 1 10 12 1 1 10 12 1 1 10 12 1 1 8 1 10 12 1 1 1 1 1 1 1 1 1 1 1 1 1 1 1 1 1 1 1 1 1 1 1 1 1 1 1 1 1 1 1 1 1 1 1 1 1 1 1 1 1 1 1 1 1 1 1 1 1 1 1 1 1 100 1 100 1 100 1 1 1 1 1 1 1 1 1 1 1 1 1 1 1 1 1 1 1 1 1 1 1 1 1 1
ciInstanceKlass java/lang/reflect/Field 1 1 437 9 7 12 1 1 1 10 12 1 1 10 7 12 1 1 1 10 7 12 1 1 9 12 1 1 10 12 1 1 10 12 1 1 10 7 12 1 1 10 7 12 1 1 1 9 12 1 1 9 12 1 9 12 1 9 12 1 1 9 12 1 1 9 12 1 9 12 1 1 9 12 1 1 100 1 8 1 10 12 1 10 12 1 9 12 1 1 9 12 1 10 12 1 10 7 12 1 1 10 12 1 1 10 12 1 1 10 12 1 10 12 1 1 7 1 10 12 1 1 10 12 1 1 10 12 1 1 10 12 1 10 12 1 10 7 1 10 7 12 1 1 100 1 10 8 1 10 12 1 1 10 12 1 1 8 1 10 12 10 12 1 8 1 8 1 10 11 100 1 9 12 1 10 12 1 1 10 12 1 1 11 7 12 1 1 1 11 12 1 1 11 12 1 1 11 12 1 1 11 12 1 1 11 12 1 1 11 12 1 1 11 12 1 1 11 12 1 1 11 12 1 1 11 12 1 1 11 12 1 1 11 12 1 1 11 12 1 1 11 12 1 1 11 12 1 1 11 12 1 1 11 12 1 1 10 12 1 10 7 12 1 1 10 12 1 10 12 1 1 10 12 9 12 1 1 10 7 12 1 1 1 10 12 1 1 10 7 12 1 1 10 12 1 1 11 7 1 10 12 1 7 1 10 100 12 1 1 1 10 7 12 1 1 1 9 12 1 10 7 12 1 1 1 11 7 12 1 1 1 10 12 1 1 10 12 1 1 9 7 12 1 1 1 10 7 12 1 1 1 10 12 1 1 100 1 1 1 1 1 1 1 1 1 1 1 1 1 1 1 1 1 1 1 1 1 1 1 1 1 1 1 1 1 1 1 1 1 1 1 100 1 1 1 1 1 1 1 1 1 1 1 1 1 1 1 1 1 1 1 1 1 1 1 1 1 1 1 1 1 1 1 1 1 1 100 1 1 1 1 1 1 1 1 100 1 1
ciInstanceKlass java/lang/reflect/Parameter 1 1 226 10 7 12 1 1 1 9 7 12 1 1 1 9 12 1 1 9 12 1 1 9 12 1 10 12 1 1 10 12 1 1 10 100 12 1 1 1 100 1 10 10 12 1 1 11 100 12 1 1 1 10 12 1 10 100 12 1 1 1 10 12 1 1 10 12 1 10 12 1 8 1 8 1 10 100 12 1 1 1 10 12 1 10 12 10 12 1 8 1 10 12 1 9 12 1 1 10 12 1 1 9 12 1 1 10 12 1 1 10 12 1 1 10 12 1 1 10 12 1 10 10 12 1 10 100 12 1 1 1 10 12 1 1 11 100 12 1 1 10 100 12 1 1 100 1 10 100 12 1 1 1 10 12 1 1 10 12 1 1 10 12 1 1 10 12 1 1 9 12 1 100 1 10 11 12 1 1 11 12 1 1 100 1 1 1 1 1 1 1 1 1 1 1 1 1 1 1 1 1 1 1 1 1 1 1 1 1 1 1 1 1 1 1 1 1 1 1 1 1 1 100 1 1 1 1
ciInstanceKlass java/lang/StringBuffer 1 1 470 10 7 12 1 1 1 10 12 1 10 12 1 10 12 1 1 9 7 12 1 1 1 10 12 1 1 10 12 1 10 12 1 1 9 12 1 1 10 12 1 10 12 1 1 10 12 1 1 10 12 1 10 12 1 1 10 12 1 10 12 1 1 10 12 1 1 10 100 12 1 1 1 10 12 1 1 10 12 1 10 12 1 10 12 1 10 12 1 10 12 1 10 12 1 10 12 1 10 12 1 10 12 1 10 12 1 10 12 1 10 12 1 10 12 1 10 12 1 1 10 12 1 10 12 1 1 10 12 1 1 10 10 12 1 1 10 12 1 10 12 1 10 12 1 10 12 1 10 12 1 10 12 1 10 12 10 12 1 10 12 1 10 12 1 10 12 1 1 10 12 1 10 12 1 10 10 12 1 1 10 12 1 1 9 12 1 1 10 7 12 1 1 1 10 7 1 10 10 100 12 1 1 1 10 10 12 1 10 8 10 100 12 1 1 1 8 10 12 1 8 1 10 12 1 10 12 1 10 100 12 1 1 1 10 100 12 1 1 1 7 1 10 12 100 1 8 1 10 10 12 1 1 10 12 1 1 10 12 1 1 10 12 1 10 12 1 10 12 1 10 12 1 10 12 1 10 12 1 10 12 1 10 12 1 10 12 1 10 12 1 10 12 1 10 12 1 10 12 1 10 12 1 10 12 1 10 12 1 10 12 10 12 10 12 1 10 12 1 10 12 1 10 12 10 12 1 10 12 1 10 12 1 10 12 1 10 12 1 10 12 1 10 12 1 10 12 1 10 12 1 10 12 1 10 12 1 7 1 10 12 1 9 7 12 1 1 1 9 7 1 9 12 1 1 100 1 100 1 100 1 1 1 1 5 0 1 1 1 1 1 1 1 1 1 1 1 1 1 1 1 1 1 1 1 1 1 1 1 1 1 1 1 1 1 1 1 1 1 1 1 1 1 1 1 1 1 1 1 1 1 1 1 1 1 1 1 1 1 1 1 1 1 1 1 1 100 1 1 1 1 1 100 1 1 1 1 1 1 1 1 1 1 1 1 1 1 1 1 1
staticfield java/lang/StringBuffer serialPersistentFields [Ljava/io/ObjectStreamField; 3 [Ljava/io/ObjectStreamField;
instanceKlass java/lang/StringBuilder
instanceKlass java/lang/StringBuffer
ciInstanceKlass java/lang/AbstractStringBuilder 1 1 547 7 1 7 1 10 7 12 1 1 1 9 7 12 1 1 1 9 12 1 9 12 1 1 9 12 1 1 10 7 12 1 1 1 10 12 1 1 3 3 10 12 1 10 12 1 1 11 7 1 100 1 100 1 10 8 1 10 12 1 10 12 1 10 12 1 1 10 12 1 10 12 1 10 12 1 9 12 1 1 10 12 1 1 10 7 12 1 1 1 10 10 12 1 10 12 1 10 12 1 1 10 12 1 1 10 7 12 1 1 1 10 7 12 1 1 1 100 1 8 1 10 10 12 1 1 100 1 10 12 10 12 1 1 10 10 12 1 1 10 12 1 1 10 12 1 1 10 12 1 1 100 1 10 10 12 1 10 7 12 1 1 1 10 12 1 1 10 12 1 10 12 1 1 10 10 12 1 1 10 12 10 12 1 10 12 1 1 10 12 1 1 10 12 1 1 10 12 1 10 10 12 1 1 10 12 1 10 12 1 1 8 1 10 12 1 1 10 12 1 10 12 1 10 12 1 10 12 1 10 12 1 10 12 1 10 7 12 1 1 10 12 1 10 12 1 10 100 12 1 1 1 10 12 1 10 12 1 10 12 1 10 12 1 10 12 1 1 10 12 1 10 12 1 1 10 12 1 1 10 10 7 12 1 1 1 10 12 1 10 12 1 10 12 1 1 10 12 1 10 12 1 10 12 1 10 12 1 10 12 1 10 12 1 10 12 1 10 12 1 10 12 1 1 10 12 1 10 12 1 10 12 10 12 1 1 18 12 1 1 100 1 10 100 12 1 1 1 18 10 12 1 1 10 12 1 10 12 1 1 11 12 1 10 12 1 10 12 1 10 10 12 1 10 8 1 8 1 8 1 10 10 100 1 10 12 1 100 1 10 100 1 10 100 1 1 1 3 1 1 1 1 1 1 1 1 1 1 100 1 1 1 1 1 1 1 1 1 1 1 1 1 1 1 1 1 1 1 1 1 1 1 1 1 1 1 1 1 1 1 1 1 1 1 1 1 1 1 1 1 1 1 1 1 1 1 1 1 1 1 1 1 1 1 1 1 1 1 1 1 1 1 1 1 1 1 1 1 1 1 1 1 1 1 1 1 1 1 1 1 1 1 1 1 1 1 1 1 1 1 1 1 1 1 1 1 100 1 1 100 1 1 1 1 1 100 1 1 1 1 1 1 15 10 100 12 1 1 1 16 1 15 10 12 16 15 10 12 1 1 1 1 100 1 100 1 1
staticfield java/lang/AbstractStringBuilder EMPTYVALUE [B 0
ciInstanceKlass java/lang/SecurityManager 0 0 576 10 100 12 1 1 1 9 100 12 1 1 1 10 100 12 1 1 1 100 1 8 1 10 12 1 10 12 1 1 10 100 12 1 1 1 10 100 1 10 100 1 10 9 100 12 1 1 1 10 100 12 1 1 1 10 12 1 1 10 100 12 1 1 100 1 8 1 10 9 12 1 1 9 12 1 8 1 9 12 1 100 1 10 8 1 10 12 1 1 10 12 1 10 12 1 1 100 1 10 10 12 1 1 100 1 8 1 10 12 1 8 1 8 1 8 1 8 1 8 1 8 1 10 12 1 8 1 8 1 8 1 8 1 8 1 10 100 12 1 1 1 10 12 1 1 8 1 100 1 8 1 10 8 1 8 1 8 1 8 1 8 1 10 100 12 1 1 8 1 100 1 8 1 8 1 10 8 1 10 12 1 100 1 8 1 10 10 12 1 1 10 12 1 10 12 1 10 12 1 10 100 12 1 1 1 10 12 1 10 100 12 1 1 11 100 12 1 1 1 18 12 1 1 11 100 12 1 1 1 18 12 1 1 11 12 1 1 18 18 11 12 1 18 12 1 11 12 1 1 9 12 1 1 9 12 1 9 12 1 9 12 1 100 1 10 100 12 1 1 10 12 1 10 12 1 18 12 1 18 10 100 12 1 1 1 18 12 1 10 12 1 18 18 8 1 10 12 1 9 12 1 1 11 100 12 1 1 1 8 1 100 1 10 12 1 10 12 1 1 10 12 1 1 9 12 1 1 10 12 1 10 12 1 1 8 1 100 1 10 9 12 1 8 1 10 12 1 8 1 100 1 10 10 100 12 1 1 10 100 1 9 100 12 1 1 1 11 12 1 1 10 12 1 11 12 1 10 12 1 100 1 10 10 12 1 1 10 12 1 1 1 1 1 1 1 1 1 1 1 100 1 1 1 1 1 1 1 1 1 1 1 1 1 1 1 1 1 1 1 1 1 1 1 1 1 1 1 1 1 1 1 1 1 1 1 1 1 1 1 1 1 1 1 1 1 1 1 1 1 1 1 1 1 1 1 1 3 1 1 1 1 1 1 1 1 1 1 100 1 1 1 1 1 1 1 1 1 1 1 1 1 1 1 1 1 1 1 1 1 1 1 1 1 1 1 1 1 1 1 1 1 1 1 1 1 1 15 10 100 12 1 1 1 16 15 10 100 12 1 1 1 16 1 16 15 10 12 16 1 15 10 12 16 15 11 100 1 16 1 16 1 15 10 12 16 15 10 12 16 15 10 12 1 16 1 15 11 12 1 15 10 12 16 15 10 16 1 1 1 1 100 1 100 1 1
instanceKlass org/codehaus/plexus/archiver/ArchiverException
instanceKlass org/codehaus/plexus/archiver/ArchiverException
instanceKlass com/sun/jersey/api/client/ClientHandlerException
instanceKlass com/sun/jersey/api/client/UniformInterfaceException
instanceKlass org/sonatype/nexus/client/core/NexusClientException
instanceKlass org/codehaus/plexus/archiver/ArchiverException
instanceKlass org/codehaus/plexus/archiver/ArchiverException
instanceKlass org/codehaus/plexus/archiver/ArchiverException
instanceKlass org/codehaus/plexus/archiver/ArchiverException
instanceKlass org/codehaus/plexus/archiver/ArchiverException
instanceKlass org/codehaus/plexus/archiver/ArchiverException
instanceKlass org/codehaus/plexus/archiver/ArchiverException
instanceKlass com/sun/jersey/api/client/ClientHandlerException
instanceKlass org/sonatype/nexus/client/core/exception/NexusClientException
instanceKlass org/codehaus/plexus/archiver/ArchiverException
instanceKlass org/codehaus/plexus/archiver/ArchiverException
instanceKlass org/codehaus/plexus/archiver/ArchiverException
instanceKlass com/sun/jersey/api/client/ClientHandlerException
instanceKlass org/sonatype/nexus/client/core/exception/NexusClientException
instanceKlass com/sun/jersey/api/client/ClientHandlerException
instanceKlass org/sonatype/nexus/client/core/exception/NexusClientException
instanceKlass org/codehaus/plexus/archiver/ArchiverException
instanceKlass org/codehaus/plexus/interpolation/fixed/InterpolationCycleException
instanceKlass org/codehaus/plexus/archiver/ArchiverException
instanceKlass org/codehaus/plexus/archiver/ArchiverException
instanceKlass org/apache/maven/surefire/api/util/SurefireReflectionException
instanceKlass org/codehaus/plexus/archiver/ArchiverException
instanceKlass org/apache/maven/surefire/api/util/SurefireReflectionException
instanceKlass java/lang/LayerInstantiationException
instanceKlass javax/lang/model/UnknownEntityException
instanceKlass com/sun/tools/javac/jvm/Gen$CodeSizeOverflow
instanceKlass com/sun/tools/javac/code/Types$SignatureGenerator$InvalidSignatureException
instanceKlass com/sun/tools/javac/comp/Infer$GraphStrategy$NodeNotFoundException
instanceKlass com/sun/tools/javac/code/Types$AdaptFailure
instanceKlass com/sun/tools/javac/comp/Attr$BreakAttr
instanceKlass com/sun/tools/javac/comp/Resolve$InapplicableMethodException
instanceKlass com/sun/tools/javac/code/Types$FunctionDescriptorLookupError
instanceKlass com/sun/tools/javac/jvm/ClassWriter$StringOverflow
instanceKlass com/sun/tools/javac/jvm/ClassWriter$PoolOverflow
instanceKlass com/sun/tools/javac/code/Symbol$CompletionFailure
instanceKlass java/nio/file/FileSystemAlreadyExistsException
instanceKlass java/nio/file/FileSystemNotFoundException
instanceKlass java/nio/file/ProviderNotFoundException
instanceKlass com/sun/tools/javac/util/ClientCodeException
instanceKlass com/sun/tools/javac/util/PropagatedException
instanceKlass org/eclipse/jgit/errors/StopWalkException
instanceKlass org/eclipse/jgit/errors/TranslationBundleException
instanceKlass java/util/MissingResourceException
instanceKlass org/eclipse/jgit/errors/RevWalkException
instanceKlass org/eclipse/jgit/errors/LargeObjectException
instanceKlass org/eclipse/jgit/api/errors/JGitInternalException
instanceKlass org/apache/maven/project/DuplicateArtifactAttachmentException
instanceKlass java/time/DateTimeException
instanceKlass kr/motd/maven/os/DetectionException
instanceKlass org/eclipse/aether/named/support/LockUpgradeNotSupportedException
instanceKlass java/util/ConcurrentModificationException
instanceKlass com/google/inject/internal/aop/GlueException
instanceKlass java/io/UncheckedIOException
instanceKlass org/apache/maven/artifact/InvalidArtifactRTException
instanceKlass com/google/inject/OutOfScopeException
instanceKlass java/lang/annotation/IncompleteAnnotationException
instanceKlass java/lang/reflect/UndeclaredThrowableException
instanceKlass com/google/common/util/concurrent/UncheckedExecutionException
instanceKlass com/google/common/cache/CacheLoader$InvalidCacheLoadException
instanceKlass java/util/NoSuchElementException
instanceKlass com/google/inject/CreationException
instanceKlass com/google/inject/ConfigurationException
instanceKlass com/google/inject/ProvisionException
instanceKlass java/lang/TypeNotPresentException
instanceKlass java/lang/IndexOutOfBoundsException
instanceKlass java/lang/UnsupportedOperationException
instanceKlass java/lang/SecurityException
instanceKlass java/lang/IllegalStateException
instanceKlass java/lang/IllegalArgumentException
instanceKlass java/lang/ArithmeticException
instanceKlass java/lang/NullPointerException
instanceKlass java/lang/IllegalMonitorStateException
instanceKlass java/lang/ArrayStoreException
instanceKlass java/lang/ClassCastException
ciInstanceKlass java/lang/RuntimeException 1 1 40 10 7 12 1 1 1 10 12 1 10 12 1 10 12 1 10 12 1 100 1 1 1 1 5 0 1 1 1 1 1 1 1 1 1 1 1 1 1 1
instanceKlass java/lang/IllegalThreadStateException
instanceKlass java/nio/file/ProviderMismatchException
instanceKlass java/util/regex/PatternSyntaxException
instanceKlass org/eclipse/jgit/dircache/InvalidPathException
instanceKlass org/joda/time/IllegalInstantException
instanceKlass org/joda/time/IllegalFieldValueException
instanceKlass org/eclipse/jgit/errors/RevisionSyntaxException
instanceKlass java/nio/charset/IllegalCharsetNameException
instanceKlass org/eclipse/jgit/errors/InvalidObjectIdException
instanceKlass java/nio/file/InvalidPathException
instanceKlass java/nio/charset/UnsupportedCharsetException
instanceKlass org/apache/maven/cli/MavenCli$IllegalUseOfUndefinedProperty
instanceKlass java/lang/NumberFormatException
ciInstanceKlass java/lang/IllegalArgumentException 1 1 35 10 7 12 1 1 1 10 12 1 10 12 1 10 12 1 100 1 1 1 1 5 0 1 1 1 1 1 1 1 1 1 1 1 1
ciInstanceKlass java/lang/ArithmeticException 1 1 26 10 100 12 1 1 1 10 12 1 100 1 1 1 1 5 0 1 1 1 1 1 1 1 1 1
ciInstanceKlass java/lang/NullPointerException 1 1 52 10 7 12 1 1 1 10 12 1 9 7 12 1 1 1 10 12 1 1 9 12 1 1 10 12 1 1 10 12 1 1 1 1 5 0 1 1 1 1 1 1 1 1 100 1 100 1 100 1 1 1
instanceKlass java/util/concurrent/ConcurrentSkipListMap
instanceKlass org/eclipse/jgit/util/RefMap
instanceKlass org/apache/maven/project/DefaultProjectBuilder$1
instanceKlass java/util/Collections$SingletonMap
instanceKlass org/eclipse/sisu/wire/EntryMapAdapter
instanceKlass com/google/common/collect/Maps$ViewCachingAbstractMap
instanceKlass com/google/common/collect/MapMakerInternalMap
instanceKlass org/eclipse/sisu/wire/MergedProperties
instanceKlass com/google/common/cache/LocalCache
instanceKlass java/util/EnumMap
instanceKlass java/util/TreeMap
instanceKlass java/util/IdentityHashMap
instanceKlass java/util/WeakHashMap
instanceKlass java/util/Collections$EmptyMap
instanceKlass sun/util/PreHashedMap
instanceKlass java/util/HashMap
instanceKlass java/util/ImmutableCollections$AbstractImmutableMap
instanceKlass java/util/concurrent/ConcurrentHashMap
ciInstanceKlass java/util/AbstractMap 1 1 192 10 7 12 1 1 1 10 7 12 1 1 1 11 7 12 1 1 1 10 11 12 1 1 11 7 12 1 1 1 11 12 1 1 7 1 11 12 1 10 12 1 1 11 12 1 100 1 10 11 12 1 11 7 1 10 12 1 1 11 12 1 9 12 1 1 7 1 10 12 1 9 12 1 1 7 1 10 11 11 12 1 1 11 12 1 100 1 100 1 11 12 1 8 1 100 1 10 10 12 1 1 8 1 10 12 1 10 12 1 1 10 12 1 1 1 1 1 1 1 1 1 1 1 1 1 1 1 1 1 1 1 1 1 1 1 1 1 1 1 1 1 1 1 1 1 1 1 1 1 1 1 1 100 1 1 1 1 1 1 1 1 1 1 1 1 1 1 1 1 7 1 1 1 1 1 1 1 1 1 100 1 100 1 100 1 100 1 1 1 1 1
ciInstanceKlass java/util/Collections$EmptyList 1 1 150 10 7 12 1 1 1 10 7 12 1 1 1 10 12 1 1 11 100 12 1 1 1 7 1 100 1 100 1 10 8 1 10 12 1 1 10 12 1 10 12 1 1 10 12 1 100 1 11 10 100 12 1 1 1 10 7 12 1 1 1 9 12 1 1 100 1 100 1 100 1 1 1 1 5 0 1 1 1 1 1 1 1 1 1 1 1 1 1 1 1 1 1 1 1 1 1 1 1 1 1 1 1 1 1 1 1 1 1 1 1 1 1 1 1 1 1 1 1 1 1 1 1 1 1 1 1 1 1 1 1 1 1 1 1 1 1 1 1 1 1 1 1 1 1 1 1 1 1 1
ciInstanceKlass java/security/AccessControlContext 1 1 373 9 7 12 1 1 1 9 12 1 1 10 100 12 1 1 1 8 1 10 100 12 1 1 1 10 7 12 1 1 1 9 12 1 9 12 1 1 9 12 1 1 10 7 12 1 1 100 1 10 12 1 11 100 12 1 1 1 11 12 1 11 12 1 11 12 1 1 7 1 11 12 1 1 10 12 1 10 7 12 1 1 1 9 100 12 1 1 1 10 100 12 1 1 1 11 100 12 1 1 1 10 7 1 100 1 8 1 10 12 1 10 12 1 1 7 1 10 7 12 1 1 1 9 12 1 9 12 1 9 12 1 9 12 1 1 9 12 1 1 9 12 1 9 12 1 10 7 12 1 1 1 9 12 1 10 12 1 1 10 12 1 1 8 1 10 12 1 1 10 12 1 1 10 100 12 1 1 1 100 1 10 10 12 1 1 10 100 12 1 1 1 10 8 1 10 100 12 1 1 8 1 10 100 12 1 1 8 1 8 1 10 12 1 8 1 10 12 1 8 1 10 12 1 10 12 1 10 12 1 1 8 1 8 1 100 1 10 12 1 10 12 1 1 100 1 10 12 1 8 1 10 12 1 10 12 1 10 8 1 10 12 1 1 10 12 1 1 10 12 1 1 10 12 1 1 10 12 1 10 12 1 10 12 1 10 12 1 1 10 10 10 12 1 1 1 1 1 1 1 1 1 1 1 1 1 1 1 1 1 1 1 1 1 1 1 1 100 1 1 1 1 1 1 1 1 1 1 1 1 1 1 1 1 1 1 1 1 1 1 1 1 1 1 1 1 1 1 1 1 1 1 1 1 1 1 1 1 1 1 1 1 1 1 1 1 1 1 1 1 3 1 1
ciInstanceKlass java/net/URL 1 1 743 10 7 12 1 1 1 10 12 1 10 7 12 1 1 9 12 1 1 9 12 1 10 7 12 1 1 1 10 12 1 1 10 12 1 1 9 12 1 1 10 7 12 1 1 1 8 1 10 12 1 1 100 1 10 10 12 1 1 8 1 10 12 1 1 9 12 1 100 1 8 1 10 12 1 10 12 1 8 1 9 12 1 10 12 1 1 9 12 1 10 12 1 10 12 1 9 12 1 9 12 1 8 1 9 12 1 10 12 1 1 8 1 9 12 1 1 10 12 1 1 10 7 12 1 1 1 8 1 10 12 1 7 1 10 12 1 10 12 1 10 12 1 10 12 1 1 10 12 1 1 8 1 10 12 1 1 10 12 1 8 1 9 12 1 8 1 10 12 1 10 7 12 1 1 1 100 1 10 12 1 10 12 1 1 10 7 12 1 1 1 100 1 8 1 10 10 12 1 8 1 10 12 1 1 10 12 1 10 12 1 10 12 1 10 12 1 10 12 1 8 1 10 12 1 10 10 7 12 1 1 1 10 12 1 9 100 12 1 1 1 10 100 12 1 1 1 9 12 1 1 10 12 1 10 100 12 1 1 1 100 1 100 1 10 12 1 10 12 1 10 12 1 10 12 1 10 12 1 10 12 10 10 10 12 1 100 1 10 12 1 10 12 1 1 8 1 9 100 12 1 1 1 10 100 12 1 1 1 10 12 1 1 9 100 12 1 1 1 10 12 1 1 100 1 10 12 1 10 12 1 10 10 12 1 1 10 12 1 1 10 12 1 10 12 1 10 12 1 10 7 12 1 1 1 10 12 1 1 10 12 1 9 12 1 1 9 12 1 1 100 1 8 1 10 10 12 1 9 12 1 1 10 7 12 1 1 8 1 10 7 12 1 1 8 1 10 12 1 1 10 12 1 8 1 8 1 10 7 12 1 1 1 100 1 10 100 12 1 1 1 10 12 1 10 12 1 7 1 10 9 12 1 1 10 7 12 1 1 8 1 10 12 1 1 7 1 10 10 7 12 1 1 1 8 9 100 12 1 1 1 10 12 1 10 12 1 10 12 1 10 12 1 10 7 12 1 1 11 7 12 1 1 10 12 1 10 12 1 9 12 1 10 12 1 1 10 100 12 1 1 10 100 12 1 1 1 8 10 100 12 1 1 100 1 10 8 8 10 12 1 8 8 8 100 1 10 12 1 9 12 1 1 10 12 1 10 12 1 1 10 12 1 10 12 10 12 1 1 10 12 1 1 10 10 10 12 1 10 12 1 10 12 1 10 12 1 10 12 1 10 10 12 1 100 1 8 1 10 10 10 12 1 1 10 12 1 10 12 1 1 8 1 7 1 10 10 10 7 1 10 12 1 9 7 12 1 1 1 9 12 1 1 7 1 10 10 7 12 1 1 1 100 1 1 1 1 1 5 0 1 1 1 1 1 1 1 1 1 1 1 1 1 1 1 1 1 1 1 1 1 1 1 1 1 1 1 1 1 1 1 1 1 1 1 1 1 1 1 100 1 1 1 1 1 1 1 1 1 1 1 1 1 1 1 1 1 1 1 1 1 1 1 1 1 1 1 1 1 1 1 1 1 1 1 1 1 100 1 1 1 1 1 1 1 1 1 1 1 1 1 1 1 1 100 1 1 1 1 1 1 1 1 1 1 1 1 1 1 1 1 1 1
staticfield java/net/URL defaultFactory Ljava/net/URLStreamHandlerFactory; java/net/URL$DefaultFactory
staticfield java/net/URL streamHandlerLock Ljava/lang/Object; java/lang/Object
staticfield java/net/URL serialPersistentFields [Ljava/io/ObjectStreamField; 7 [Ljava/io/ObjectStreamField;
instanceKlass org/codehaus/plexus/archiver/jar/Manifest
instanceKlass org/codehaus/plexus/archiver/jar/Manifest
instanceKlass org/codehaus/plexus/archiver/jar/Manifest
instanceKlass org/codehaus/plexus/archiver/jar/Manifest
instanceKlass org/codehaus/plexus/archiver/jar/Manifest
instanceKlass org/codehaus/plexus/archiver/jar/Manifest
instanceKlass org/codehaus/plexus/archiver/jar/Manifest
instanceKlass org/codehaus/plexus/archiver/jar/Manifest
instanceKlass org/codehaus/plexus/archiver/jar/Manifest
instanceKlass org/codehaus/plexus/archiver/jar/Manifest
instanceKlass org/codehaus/plexus/archiver/jar/Manifest
instanceKlass org/codehaus/plexus/archiver/jar/Manifest
instanceKlass org/codehaus/plexus/archiver/jar/Manifest
instanceKlass org/codehaus/plexus/archiver/jar/Manifest
instanceKlass org/codehaus/plexus/archiver/jar/Manifest
instanceKlass org/codehaus/plexus/archiver/jar/Manifest
ciInstanceKlass java/util/jar/Manifest 1 1 336 10 7 12 1 1 1 7 1 10 9 7 12 1 1 1 7 1 10 9 12 1 1 9 12 1 1 10 12 1 10 12 1 1 10 12 1 1 10 12 1 1 10 12 1 1 11 7 1 11 12 1 1 10 12 1 1 10 100 12 1 1 1 100 1 100 1 10 8 1 10 12 1 1 10 12 1 1 10 12 1 10 12 1 11 7 1 10 12 1 10 12 1 1 11 12 1 1 10 12 1 11 12 1 1 11 7 12 1 1 1 11 7 12 1 1 11 12 1 1 100 1 10 12 1 8 1 11 12 1 7 1 10 12 1 1 11 12 1 10 12 1 10 12 1 10 100 12 1 1 1 8 1 10 12 1 1 10 9 7 12 1 1 1 10 12 1 1 10 7 12 1 10 12 1 10 12 1 9 100 12 1 1 1 8 1 10 12 1 8 1 8 1 7 1 10 12 1 10 12 1 10 12 1 1 100 1 8 1 10 12 1 1 8 1 10 10 12 1 1 8 1 10 12 1 1 10 7 12 1 1 1 10 12 1 10 11 12 1 1 10 12 1 10 7 12 1 1 1 10 12 1 1 10 12 1 1 11 10 12 1 11 10 12 1 100 1 1 1 1 1 1 1 1 1 1 1 1 1 1 1 1 1 1 1 1 1 1 1 1 1 1 1 1 1 1 1 1 1 1 1 1 1 1 1 1 1 1 1 100 1 1 1 1 1 1 1 1 1 1 1 1 1 1 100 1 1 1 1 1 1 1 1 1 1 1
ciInstanceKlass java/util/Objects 1 1 151 10 7 12 1 1 1 100 1 8 1 10 12 1 10 12 1 1 10 7 12 1 1 1 10 12 1 1 10 12 1 10 7 12 1 1 1 10 12 1 1 11 100 12 1 1 1 100 1 10 10 12 1 8 1 10 7 12 1 1 1 8 1 100 1 11 12 1 1 8 1 10 7 12 1 1 1 10 12 1 1 10 12 1 10 12 1 10 12 1 10 12 1 1 1 1 1 1 1 1 1 1 1 1 1 1 1 1 1 1 1 1 1 1 1 1 1 1 1 1 1 1 1 1 1 1 1 1 1 1 1 1 1 1 1 1 1 1 1 1 1 1 1 1 1 1 1 1 1 1 1
ciInstanceKlass java/util/Collection 1 1 115 11 100 12 1 1 1 100 1 11 7 12 1 1 1 10 100 12 1 1 1 11 12 1 1 11 100 12 1 1 1 11 12 1 1 11 100 12 1 1 1 11 12 1 1 10 7 12 1 1 1 11 12 1 10 7 12 1 1 1 100 1 100 1 1 1 1 1 1 1 1 1 1 1 1 1 1 1 1 1 1 1 1 1 1 1 1 1 1 1 1 1 1 1 1 1 1 1 1 1 1 1 1 1 1 1 1 1 1 1 1 1 1 1 1
instanceKlass java/util/EnumMap$Values
instanceKlass com/sun/tools/javac/util/List
instanceKlass java/util/AbstractMap$2
instanceKlass org/eclipse/sisu/inject/MildElements
instanceKlass org/eclipse/sisu/inject/MildValues$1
instanceKlass com/google/common/collect/AbstractMapBasedMultimap$WrappedCollection
instanceKlass com/google/common/collect/Maps$Values
instanceKlass com/google/common/collect/AbstractMultimap$Values
instanceKlass java/util/TreeMap$Values
instanceKlass com/google/common/collect/ImmutableCollection
instanceKlass java/util/IdentityHashMap$Values
instanceKlass java/util/HashMap$Values
instanceKlass java/util/AbstractQueue
instanceKlass java/util/LinkedHashMap$LinkedValues
instanceKlass java/util/ArrayDeque
instanceKlass java/util/AbstractSet
instanceKlass java/util/ImmutableCollections$AbstractImmutableCollection
instanceKlass java/util/AbstractList
ciInstanceKlass java/util/AbstractCollection 1 1 160 10 7 12 1 1 1 10 7 12 1 1 1 10 12 1 1 11 7 12 1 1 1 11 12 1 1 10 12 1 1 10 100 12 1 1 1 10 12 1 1 10 12 1 1 10 7 12 1 1 10 7 12 1 1 1 7 1 10 100 12 1 1 1 10 100 12 1 1 1 100 1 10 11 12 1 11 7 1 10 12 1 10 12 1 10 7 12 1 1 1 11 8 1 7 1 10 10 12 1 1 8 1 10 12 1 10 12 1 1 1 1 1 1 1 1 1 1 1 1 1 1 1 1 1 1 1 1 1 1 1 1 1 1 1 1 1 1 1 1 1 1 1 1 1 1 1 1 1 1 1 1 1 1 1 1 1 1 1 1
ciInstanceKlass java/util/List 1 1 217 10 100 12 1 1 1 11 100 12 1 1 1 11 100 12 1 1 1 11 12 1 1 11 100 12 1 1 11 12 1 1 11 12 1 1 10 100 12 1 1 1 7 1 100 1 10 12 1 1 100 1 10 7 12 1 1 1 9 7 12 1 1 1 7 1 10 12 10 12 1 7 1 10 12 1 1 10 12 1 10 12 1 1 100 1 1 1 1 1 1 1 1 1 1 1 1 1 1 1 1 1 1 1 1 1 1 1 1 1 1 1 1 1 1 1 1 1 1 1 1 1 1 1 1 1 1 1 1 1 1 1 1 1 1 100 1 100 1 1 1 1 1 1 1 1 1 1 1 1 1 1 1 1 1 1 1 1 1 1 1 1 1 1 1 1 1 1 1 1 1 1 1 1 1 1 1 1 1 1 1 1 1 1 1 1 1 1 1 1 1 1 1 1 1 1 1 1 1 1 1 1 1 1 1 1 1 1 1 1 100 1 1 100 1 1 1
ciMethod java/util/AbstractCollection <init> ()V 518 0 4676761 0 64
instanceKlass com/sun/tools/javac/model/FilteredMemberList
instanceKlass org/apache/maven/project/MavenProject$LoggingList
instanceKlass sun/security/jca/ProviderList$ServiceList
instanceKlass org/eclipse/aether/util/graph/visitor/Stack
instanceKlass org/apache/maven/model/merge/ModelMerger$MergingList
instanceKlass java/util/ArrayList$SubList
instanceKlass sun/security/jca/ProviderList$3
instanceKlass com/google/common/collect/Lists$TransformingRandomAccessList
instanceKlass java/util/Collections$SingletonList
instanceKlass java/util/AbstractSequentialList
instanceKlass java/util/Vector
instanceKlass java/util/Arrays$ArrayList
instanceKlass java/util/Collections$EmptyList
instanceKlass java/util/ArrayList
ciInstanceKlass java/util/AbstractList 1 1 218 10 7 12 1 1 1 9 7 12 1 1 1 10 12 1 1 10 12 1 1 100 1 10 10 12 1 1 11 7 12 1 1 1 11 12 1 1 11 12 1 10 7 12 1 1 1 10 12 1 11 12 1 11 12 1 11 12 1 10 12 1 1 10 12 1 1 11 100 12 1 1 1 11 7 1 11 7 1 10 12 1 7 1 10 12 1 10 12 1 1 100 1 100 1 10 12 1 100 1 10 100 1 100 1 10 8 1 10 12 1 1 10 12 1 10 12 1 1 10 12 1 8 1 100 1 8 1 8 1 8 1 10 7 1 11 10 10 12 1 11 12 1 10 12 1 1 8 1 8 1 1 1 1 1 1 1 1 1 1 1 1 1 1 1 1 1 1 1 1 1 1 1 1 1 1 1 1 1 1 1 1 1 1 1 1 1 1 1 1 1 1 1 1 1 1 1 1 1 1 1 1 1 1 1 1 1 1 100 1 100 1 1 1 1 1 1 1
ciMethod java/util/Objects requireNonNull (Ljava/lang/Object;)Ljava/lang/Object; 518 0 1414675 0 -1
ciInstanceKlass java/lang/AssertionStatusDirectives 0 0 24 10 100 12 1 1 1 100 1 1 1 1 1 1 1 1 1 1 1 1 1 1 1 1
ciInstanceKlass java/lang/invoke/MethodHandleNatives$CallSiteContext 1 1 49 10 7 12 1 1 1 7 1 10 10 7 12 1 1 1 10 7 12 1 1 1 10 7 12 1 1 1 100 1 1 1 1 1 1 1 1 1 1 1 1 1 1 1 1 1 100 1 1
ciInstanceKlass jdk/internal/invoke/NativeEntryPoint 0 0 92 10 100 12 1 1 1 9 100 12 1 1 1 10 100 12 1 1 1 100 1 9 12 1 9 12 1 9 12 1 1 9 12 1 1 9 12 1 1 100 1 8 1 10 12 1 11 100 12 1 1 1 10 12 1 1 10 12 1 11 100 12 1 1 11 12 1 10 12 1 1 10 12 1 1 1 1 1 1 1 1 1 1 1 1 1 1 1 1 1 1 1
instanceKlass java/lang/invoke/VolatileCallSite
instanceKlass java/lang/invoke/MutableCallSite
instanceKlass java/lang/invoke/ConstantCallSite
ciInstanceKlass java/lang/invoke/CallSite 1 1 302 10 7 12 1 1 1 10 7 12 1 1 1 9 7 12 1 1 1 10 12 1 1 9 12 1 1 10 7 12 1 1 1 10 12 1 100 1 10 12 1 1 10 12 1 1 9 100 12 1 1 1 10 100 12 1 1 10 12 1 1 100 1 100 1 10 10 100 12 1 1 1 10 12 1 1 8 1 10 12 1 10 12 1 1 10 12 1 10 12 1 1 10 12 1 1 10 10 100 12 1 1 10 12 1 1 9 12 1 9 100 12 1 1 1 8 1 10 7 12 1 1 1 10 12 1 1 100 1 10 12 1 1 9 12 1 8 1 100 1 10 12 1 10 12 1 100 1 8 1 10 10 12 1 10 12 1 1 100 1 10 12 1 1 10 12 1 10 12 1 10 12 1 1 10 12 1 1 9 12 1 1 8 10 12 1 1 9 12 1 1 100 1 10 10 12 1 10 100 12 1 1 1 10 12 1 1 10 12 1 1 10 12 1 10 7 12 1 1 1 100 1 8 1 10 10 12 10 12 1 1 100 1 100 1 100 1 8 1 10 12 1 10 7 12 1 1 1 1 1 1 1 1 1 1 1 1 1 1 1 1 1 1 1 1 1 1 1 1 1 1 1 1 1 1 1 1 1 1 1 1 1 1 1 1 1 1 1 1 1 1 1 1 1 1 1 1 1 1 1 1 1
staticfield java/lang/invoke/CallSite $assertionsDisabled Z 1
ciInstanceKlass java/lang/invoke/VolatileCallSite 0 0 37 10 100 12 1 1 1 10 12 1 10 100 12 1 1 1 10 12 1 10 12 1 1 1 1 1 1 1 1 1 1 1 1 1 1 1 1
ciInstanceKlass java/lang/invoke/MethodType 1 1 771 7 1 10 7 12 1 1 1 9 12 1 1 9 12 1 1 9 12 1 1 10 7 12 1 1 1 9 7 12 1 1 8 1 10 100 12 1 1 1 9 7 1 9 7 1 10 12 1 1 100 1 10 8 1 10 12 1 1 10 12 1 10 12 1 1 100 1 8 1 10 12 1 100 1 10 10 12 1 10 12 1 1 10 12 1 1 11 7 12 1 1 1 9 12 1 11 12 1 1 7 7 1 10 7 12 1 1 1 10 12 1 9 12 1 1 10 7 12 1 1 10 12 1 1 10 7 12 1 1 1 10 7 12 1 1 1 10 12 1 9 12 1 1 10 12 1 1 100 1 10 12 1 1 10 12 1 1 10 12 1 1 10 12 1 1 10 12 1 1 10 12 1 10 12 1 10 12 1 1 10 12 1 8 1 8 1 10 12 1 1 9 12 1 1 100 1 10 10 12 1 1 10 12 1 10 12 1 1 10 12 1 1 10 12 1 10 12 1 1 10 12 1 8 1 10 12 1 1 10 100 12 1 1 1 10 12 1 10 12 1 1 10 12 1 10 12 1 10 12 1 1 10 12 1 10 12 1 9 12 1 10 12 1 10 10 12 1 1 10 12 1 9 12 1 1 10 12 1 1 10 12 1 1 10 12 1 1 10 12 1 1 7 1 10 12 10 12 1 10 12 1 100 1 8 1 8 1 8 1 10 12 1 10 12 1 10 12 1 10 11 12 1 1 11 12 1 10 100 12 1 1 1 9 12 1 10 12 1 10 12 1 1 10 12 1 1 10 12 1 10 12 1 10 100 12 1 1 1 10 12 1 1 10 12 1 10 12 1 10 12 1 10 9 12 1 1 7 1 10 12 1 10 12 1 1 9 100 12 1 1 1 10 100 12 1 1 1 10 100 12 1 1 1 10 12 1 1 10 100 12 1 1 1 10 12 1 1 8 1 10 7 12 1 1 1 11 12 1 1 9 12 1 1 10 12 1 1 10 12 1 10 12 1 1 10 12 1 1 10 100 12 1 1 100 1 10 12 1 1 11 100 12 1 1 1 18 12 1 1 11 12 1 1 18 12 1 11 12 1 100 1 11 100 12 1 1 10 12 1 100 1 10 12 1 10 100 12 1 1 10 12 1 1 9 12 1 1 9 100 12 1 1 1 10 100 12 1 1 1 9 12 1 10 100 12 1 1 10 12 1 100 10 12 1 1 10 12 1 10 7 1 7 1 9 12 1 1 100 1 100 1 100 1 1 1 5 0 1 1 1 1 1 1 1 3 1 3 1 3 1 1 1 1 1 1 1 1 1 1 1 1 1 1 1 1 1 1 1 1 1 1 1 1 1 1 1 1 1 1 1 1 1 1 1 1 1 1 1 1 1 1 1 1 1 1 1 1 1 1 1 1 1 1 1 1 1 1 1 1 1 1 1 1 1 1 1 1 1 1 1 1 1 1 1 1 1 1 1 1 1 1 1 1 1 1 1 1 1 1 1 1 1 1 1 1 1 1 1 1 1 1 1 1 1 1 1 1 1 1 1 1 1 1 1 1 1 1 1 1 1 1 1 1 1 1 1 100 1 100 1 1 1 1 1 1 1 1 1 1 1 1 1 100 1 1 1 100 1 1 1 1 1 1 1 1 1 1 1 1 1 1 1 1 1 1 1 1 1 15 10 100 12 1 1 1 16 15 10 12 16 16 15 10 12 16 1 1 1 1 100 1 1 100 1 1 100 1 100 1 1
staticfield java/lang/invoke/MethodType internTable Ljava/lang/invoke/MethodType$ConcurrentWeakInternSet; java/lang/invoke/MethodType$ConcurrentWeakInternSet
staticfield java/lang/invoke/MethodType NO_PTYPES [Ljava/lang/Class; 0 [Ljava/lang/Class;
staticfield java/lang/invoke/MethodType objectOnlyTypes [Ljava/lang/invoke/MethodType; 20 [Ljava/lang/invoke/MethodType;
staticfield java/lang/invoke/MethodType METHOD_HANDLE_ARRAY [Ljava/lang/Class; 1 [Ljava/lang/Class;
staticfield java/lang/invoke/MethodType serialPersistentFields [Ljava/io/ObjectStreamField; 0 [Ljava/io/ObjectStreamField;
staticfield java/lang/invoke/MethodType $assertionsDisabled Z 1
ciInstanceKlass java/lang/BootstrapMethodError 0 0 45 10 100 12 1 1 1 10 12 1 10 12 1 10 100 12 1 1 1 10 100 12 1 1 1 1 1 1 5 0 1 1 1 1 1 1 1 1 1 1 1 100 1 1 1
ciInstanceKlass jdk/internal/loader/ClassLoaders$AppClassLoader 1 1 119 8 1 10 7 12 1 1 1 10 7 12 1 1 1 10 100 12 1 1 1 10 12 1 1 10 100 12 1 1 1 10 12 1 1 10 12 1 1 7 1 8 1 10 12 10 7 12 1 1 1 10 7 12 1 1 10 12 1 1 10 12 1 1 10 7 12 1 1 1 100 1 10 12 1 1 1 1 1 1 1 1 1 1 1 1 1 1 1 1 1 1 1 1 1 100 1 1 1 1 1 1 1 1 1 1 1 1 1 1 1 1 1 1 1 7 1 1 1
ciInstanceKlass jdk/internal/loader/ClassLoaders$PlatformClassLoader 1 1 42 8 1 10 7 12 1 1 1 10 7 12 1 1 1 100 1 10 12 1 100 1 1 1 1 1 1 1 1 1 1 1 1 1 1 100 1 1 1 100 1 1
ciInstanceKlass java/lang/ArrayStoreException 1 1 26 10 100 12 1 1 1 10 12 1 100 1 1 1 1 5 0 1 1 1 1 1 1 1 1 1
ciInstanceKlass java/lang/ClassCastException 1 1 26 10 7 12 1 1 1 10 12 1 100 1 1 1 1 5 0 1 1 1 1 1 1 1 1 1
ciInstanceKlass java/lang/NoClassDefFoundError 1 1 26 10 7 12 1 1 1 10 12 1 100 1 1 1 1 5 0 1 1 1 1 1 1 1 1 1
ciInstanceKlass java/lang/IllegalMonitorStateException 1 1 26 10 100 12 1 1 1 10 12 1 100 1 1 1 1 5 0 1 1 1 1 1 1 1 1 1
ciInstanceKlass java/lang/StackOverflowError 1 1 26 10 100 12 1 1 1 10 12 1 100 1 1 1 1 5 0 1 1 1 1 1 1 1 1 1
instanceKlass java/lang/StackOverflowError
instanceKlass java/lang/OutOfMemoryError
instanceKlass java/lang/InternalError
ciInstanceKlass java/lang/VirtualMachineError 1 1 34 10 100 12 1 1 1 10 12 1 10 12 1 10 12 1 100 1 1 1 1 5 0 1 1 1 1 1 1 1 1 1 1 1
ciInstanceKlass java/lang/OutOfMemoryError 1 1 26 10 100 12 1 1 1 10 12 1 100 1 1 1 1 5 0 1 1 1 1 1 1 1 1 1
ciInstanceKlass java/lang/InternalError 0 0 34 10 100 12 1 1 1 10 12 1 10 12 1 10 12 1 100 1 1 1 1 5 0 1 1 1 1 1 1 1 1 1 1 1
ciInstanceKlass java/lang/StackTraceElement 1 1 224 10 7 12 1 1 1 10 7 12 1 1 9 12 1 1 9 12 1 1 9 12 1 9 12 1 8 1 10 100 12 1 1 1 7 1 9 12 1 8 1 9 12 1 9 12 1 9 12 1 1 8 1 10 12 1 1 10 12 1 7 1 10 10 12 1 1 8 1 10 12 1 1 10 12 1 8 1 8 1 8 1 10 12 1 8 1 8 1 10 12 1 8 1 8 1 10 12 1 1 10 12 1 10 12 1 1 10 12 1 9 12 1 1 10 7 12 1 1 1 10 12 1 1 7 1 10 12 1 1 10 7 12 1 1 10 7 12 1 1 1 10 7 12 1 1 10 7 12 1 1 10 10 12 1 1 10 12 1 10 12 1 1 100 1 1 1 1 1 3 1 3 1 1 5 0 1 1 1 1 1 1 1 1 1 1 1 1 1 1 1 1 1 1 1 1 1 1 1 1 1 1 100 1 100 1 1 1 1 1 1 1 1 1 1 100 1 1 1 1 1 1 1 1
instanceKlass java/nio/IntBuffer
instanceKlass java/nio/LongBuffer
instanceKlass java/nio/CharBuffer
instanceKlass java/nio/ByteBuffer
ciInstanceKlass java/nio/Buffer 1 1 224 100 1 10 7 12 1 1 1 9 7 12 1 1 1 9 12 1 9 12 1 1 9 12 1 9 12 1 1 10 12 1 1 10 12 1 1 10 12 100 1 100 1 10 8 1 10 12 1 1 10 12 1 8 1 8 1 10 12 1 1 10 12 1 8 1 9 12 1 1 100 1 8 1 10 12 1 8 1 8 1 9 12 10 12 1 8 1 8 1 8 1 10 12 1 8 1 8 1 8 1 100 1 10 100 1 10 100 1 10 100 1 10 10 100 12 1 1 1 10 11 100 12 1 1 10 7 12 1 1 1 10 7 12 1 1 1 9 12 1 1 10 7 12 1 1 1 9 12 1 1 7 1 10 10 7 12 1 1 1 1 1 3 1 1 1 1 1 1 1 1 1 1 1 1 1 1 1 1 1 1 100 1 1 1 1 1 1 1 1 1 1 1 1 1 1 1 1 1 1 1 1 1 1 1 1 1 1 1 1 1 1 1 1 1 1 1 1 1 1 1 1 1 1
staticfield java/nio/Buffer UNSAFE Ljdk/internal/misc/Unsafe; jdk/internal/misc/Unsafe
staticfield java/nio/Buffer SCOPED_MEMORY_ACCESS Ljdk/internal/misc/ScopedMemoryAccess; jdk/internal/misc/ScopedMemoryAccess
staticfield java/nio/Buffer $assertionsDisabled Z 1
ciInstanceKlass jdk/internal/misc/UnsafeConstants 1 1 34 10 100 12 1 1 1 9 7 12 1 1 1 9 12 1 9 12 1 1 9 12 1 9 12 1 1 1 1 1 1 1 1 1
staticfield jdk/internal/misc/UnsafeConstants ADDRESS_SIZE0 I 8
staticfield jdk/internal/misc/UnsafeConstants PAGE_SIZE I 4096
staticfield jdk/internal/misc/UnsafeConstants BIG_ENDIAN Z 0
staticfield jdk/internal/misc/UnsafeConstants UNALIGNED_ACCESS Z 1
staticfield jdk/internal/misc/UnsafeConstants DATA_CACHE_LINE_FLUSH_SIZE I 0
instanceKlass java/lang/invoke/DelegatingMethodHandle
instanceKlass java/lang/invoke/BoundMethodHandle
instanceKlass java/lang/invoke/DirectMethodHandle
ciInstanceKlass java/lang/invoke/MethodHandle 1 1 641 100 1 9 7 12 1 1 1 10 7 12 1 1 1 10 7 12 1 1 1 7 1 7 1 10 12 1 1 9 12 1 1 10 12 1 10 12 1 1 10 12 1 1 10 100 12 1 1 1 10 12 1 1 10 12 1 1 11 100 12 1 1 1 10 12 1 1 10 12 1 10 12 1 9 12 1 1 10 12 1 1 100 1 100 1 10 8 1 10 12 1 1 10 12 1 8 1 10 12 1 1 10 12 1 10 7 12 1 1 1 10 12 1 10 12 1 1 10 12 1 1 10 12 1 1 10 12 1 1 10 7 12 1 1 1 10 100 12 1 1 1 7 1 10 12 1 1 10 12 1 1 10 12 1 1 8 1 10 7 12 1 1 1 8 1 10 12 1 1 10 12 1 1 10 12 1 1 10 12 1 8 1 10 12 1 1 8 1 10 12 1 8 1 10 100 12 1 1 1 9 12 1 1 100 1 10 9 100 12 1 1 1 9 100 1 8 1 10 12 1 1 10 12 1 10 12 1 1 10 12 1 10 12 1 1 10 12 1 10 12 1 1 10 12 1 10 12 1 1 10 12 1 1 8 1 10 12 1 1 8 1 10 12 1 10 12 1 1 10 12 1 10 12 1 10 12 1 1 9 100 12 1 1 1 10 12 1 1 11 12 1 10 12 1 10 12 1 1 10 100 12 1 1 1 100 1 11 12 1 10 100 1 11 12 1 100 1 10 12 1 11 12 1 9 100 12 1 1 1 11 12 1 1 11 100 12 1 1 1 10 12 1 1 9 12 1 11 12 1 9 12 1 9 12 1 9 12 1 11 12 1 1 9 12 1 9 12 1 9 12 1 9 12 1 9 12 1 9 12 1 9 12 1 8 1 10 12 1 10 12 1 8 1 10 12 1 10 12 1 10 10 7 12 1 1 10 12 1 1 100 1 8 1 10 12 1 1 10 12 1 1 10 12 1 10 12 1 100 1 10 100 12 1 1 1 10 12 1 9 7 12 1 1 1 10 12 1 1 10 12 1 1 8 1 9 12 1 9 12 1 1 9 12 1 1 10 12 1 7 1 10 12 1 10 12 1 1 9 12 1 1 9 12 1 1 10 7 12 1 1 1 11 7 12 1 1 9 12 1 10 12 1 1 9 12 1 10 12 1 8 10 12 1 1 8 1 1 1 1 1 1 100 1 1 1 1 1 1 1 1 1 1 1 1 1 1 1 1 1 1 1 1 1 1 1 1 1 1 1 1 1 1 1 1 1 1 1 1 1 1 1 1 1 1 1 1 1 1 1 1 1 1 1 1 1 1 1 1 1 1 1 1 1 1 1 1 1 1 1 1 1 100 1 1 1 1 1 1 1 1 1 100 1 1 1 1 1 1 1 1 1 1 1 1 1 1 1 1 1 1 1 1 1 1 1 1 1 1 1 100 1 1 100 1 1 100 1 1 1 1
staticfield java/lang/invoke/MethodHandle FORM_OFFSET J 20
staticfield java/lang/invoke/MethodHandle UPDATE_OFFSET J 13
staticfield java/lang/invoke/MethodHandle $assertionsDisabled Z 1
instanceKlass com/sun/tools/javac/comp/CompileStates
instanceKlass org/apache/maven/artifact/versioning/ManagedVersionMap
instanceKlass java/lang/ProcessEnvironment
instanceKlass java/util/LinkedHashMap
ciInstanceKlass java/util/HashMap 1 1 610 10 7 12 1 1 1 7 1 10 12 1 1 100 1 10 7 12 1 1 1 100 1 11 12 1 1 11 12 1 11 12 1 1 10 7 12 1 1 1 7 1 3 10 7 12 1 1 1 100 1 100 1 10 8 1 10 12 1 1 10 12 1 10 12 1 1 10 12 1 10 7 12 1 1 1 8 1 10 12 1 9 12 1 1 10 12 1 9 12 1 1 4 10 12 1 10 12 1 1 11 7 12 1 1 9 12 1 1 4 10 12 1 1 11 12 1 1 11 7 12 1 1 1 11 7 12 1 1 1 11 12 1 1 7 1 11 12 1 11 12 1 10 12 1 10 12 1 1 9 12 10 12 1 1 9 7 12 1 1 1 9 12 9 12 1 10 12 1 1 9 12 1 7 1 10 12 1 1 10 12 1 1 10 12 1 1 10 12 1 1 10 12 1 1 9 12 1 10 12 1 1 3 10 12 1 1 10 12 1 1 9 12 1 1 9 10 12 1 1 10 12 1 1 10 12 1 1 10 12 1 9 12 1 1 7 1 10 12 1 10 12 1 10 7 12 1 1 1 7 1 9 12 1 1 7 1 10 9 12 7 1 10 100 1 10 11 7 12 1 1 1 100 1 10 11 100 12 1 1 11 100 12 1 1 1 10 12 1 100 1 100 1 10 12 1 10 12 1 10 12 1 10 100 12 1 1 10 12 1 1 10 12 1 1 10 100 12 1 1 1 8 10 100 12 1 1 1 100 1 10 4 10 100 12 1 1 1 4 10 12 1 10 100 12 1 1 1 10 12 1 8 1 4 10 100 12 1 1 1 100 1 11 100 12 1 1 1 10 12 1 10 12 1 10 10 12 1 1 100 1 100 1 1 1 1 5 0 1 3 1 1 1 3 1 3 1 3 1 1 1 1 1 1 1 1 1 1 1 1 1 1 1 1 1 1 1 1 1 1 100 1 1 1 1 1 1 1 1 1 1 1 1 1 1 1 1 1 1 1 1 1 1 1 1 1 1 1 1 1 1 1 1 100 1 1 1 1 1 1 1 1 1 1 1 1 1 1 1 1 1 1 1 1 1 1 1 1 1 1 1 1 1 1 1 1 1 1 1 1 1 1 1 1 1 1 1 1 1 1 1 1 1 1 100 1 1 1 1 1 1 1 1 1 1 1 1 1 1 1 1 1 1 1 1 1 1 1 1 1 1 1 1 1 1 1 1 1 1 1 1 1 1 1 1 1 1 1 1 1 1 1 1 100 1 1 1 1 1 1 1 1 100 1 1 1 1 1 1 1 1 1 1 1 1 1 1 100 1 100 1 100 1 100 1 100 1 100 1 100 1 100 1 1 1 1 1 1 1 1 1 1 1 1 1 1 1 1 1 1
ciInstanceKlass java/util/LinkedHashMap 1 1 289 9 7 12 1 1 1 9 12 1 9 7 12 1 1 9 12 1 10 7 12 1 1 1 10 12 1 1 10 12 1 1 9 12 1 1 9 12 1 1 9 12 1 10 12 1 1 7 1 10 10 12 1 1 10 12 1 10 12 1 1 9 12 1 1 9 12 1 10 100 12 1 1 1 10 12 1 10 12 1 10 12 10 12 1 1 10 100 12 1 1 1 10 12 1 1 10 12 1 1 9 7 1 10 12 1 9 12 1 1 7 1 10 12 1 9 12 1 1 7 1 10 9 12 1 7 1 10 100 1 10 11 100 12 1 1 1 100 1 10 11 100 12 1 1 1 100 1 1 1 1 5 0 1 1 1 1 1 1 1 1 1 1 1 1 1 1 1 1 1 1 1 1 1 1 1 1 1 1 1 1 1 1 1 1 1 1 1 1 1 1 1 1 1 1 1 1 1 1 1 1 1 1 1 100 1 1 1 1 1 1 1 1 1 1 1 1 1 1 1 1 1 1 1 1 1 1 1 1 1 100 1 1 1 1 1 1 1 1 100 1 1 1 1 1 100 1 1 1 1 1 1 1 1 1 1 1 1 1 1 1 1 1 1 1 1 1 1 100 1 100 1 100 1 100 1 1 1 1 1 100 1 1 1 1 1 1 1 1
instanceKlass java/lang/invoke/DirectMethodHandle$Special
instanceKlass java/lang/invoke/DirectMethodHandle$Interface
instanceKlass java/lang/invoke/DirectMethodHandle$Accessor
instanceKlass java/lang/invoke/DirectMethodHandle$Constructor
ciInstanceKlass java/lang/invoke/DirectMethodHandle 1 1 940 7 1 7 1 100 1 7 1 7 1 10 7 12 1 1 1 10 7 12 1 1 1 100 1 10 12 1 10 12 1 1 10 7 12 1 1 10 12 1 1 10 12 1 10 12 1 7 1 10 12 1 1 10 12 1 1 10 12 1 10 12 1 1 10 7 12 1 1 1 10 12 1 9 12 1 1 100 1 10 9 12 1 1 9 12 1 10 12 1 10 12 1 10 12 1 1 10 12 1 10 12 1 10 12 1 10 7 12 1 1 1 10 12 1 10 12 1 1 8 1 10 12 1 1 7 1 10 12 1 7 1 10 10 12 1 10 12 1 10 12 1 10 7 12 1 1 1 10 12 1 1 100 1 10 12 1 10 12 1 7 1 10 12 1 10 12 1 1 10 12 1 1 10 12 1 8 10 100 12 1 1 1 10 12 1 10 12 1 10 12 1 1 10 12 1 9 7 12 1 1 1 7 1 10 12 1 10 7 12 1 1 1 10 12 1 10 12 1 1 9 12 1 1 100 1 10 8 1 10 12 1 1 10 12 1 10 12 1 10 10 12 1 10 12 1 10 12 1 10 12 1 10 12 1 1 10 12 1 10 12 1 1 10 12 1 10 12 1 1 10 10 7 12 1 1 1 10 12 1 10 12 1 1 10 12 1 10 12 1 1 8 1 9 7 12 1 1 1 8 1 9 12 1 9 12 1 8 1 9 12 1 9 12 1 8 1 9 12 1 9 12 1 8 1 10 12 1 10 12 1 1 9 12 1 1 7 1 10 12 1 1 100 1 10 7 12 1 1 1 10 12 1 1 10 12 1 10 12 1 1 7 1 10 12 1 1 10 12 1 10 12 1 1 7 1 10 12 1 1 10 7 12 1 1 1 10 12 1 10 12 1 10 12 1 9 12 1 1 10 7 1 9 12 9 12 1 10 7 12 1 1 1 10 12 1 7 1 7 1 7 1 9 12 1 1 10 7 12 1 10 12 1 1 10 12 1 100 1 10 12 1 10 12 1 1 9 100 12 1 1 1 10 12 1 1 100 1 10 100 12 1 1 1 10 12 1 10 12 1 8 1 9 12 1 9 12 1 10 12 1 9 12 1 1 10 100 12 1 1 1 9 12 1 1 9 12 1 1 10 12 1 10 12 1 10 12 1 10 12 1 10 12 1 1 10 12 1 10 7 12 1 1 9 12 1 10 12 1 10 12 1 10 12 1 10 12 1 1 10 12 1 1 9 12 1 1 10 12 1 1 9 7 12 1 1 1 9 12 1 9 12 1 9 12 1 9 12 1 9 12 1 9 12 1 9 12 1 9 12 1 9 12 1 9 12 1 9 12 1 9 12 1 9 12 1 9 12 1 9 12 1 9 12 1 9 12 1 9 12 1 9 12 1 9 12 1 9 12 1 9 12 1 9 12 1 9 12 1 9 12 1 9 12 1 9 12 1 9 12 1 9 12 1 9 12 1 9 12 1 9 12 1 9 12 1 9 12 1 9 12 1 9 12 1 8 1 9 12 1 1 9 12 1 1 10 12 1 10 12 1 1 9 7 1 10 12 1 9 12 1 1 10 12 10 12 1 10 12 1 10 12 1 10 8 1 8 1 8 1 8 1 10 12 1 1 9 12 1 1 10 12 1 10 100 12 1 1 1 8 9 12 1 1 10 12 1 1 8 1 8 8 9 12 1 8 1 8 8 8 8 8 1 8 10 12 1 10 12 1 8 1 8 1 10 12 1 10 12 1 10 12 1 10 12 1 1 7 1 1 1 1 3 1 3 1 3 1 3 1 3 1 3 1 3 1 3 1 3 1 3 1 1 1 1 1 1 1 1 1 1 3 1 3 1 1 1 1 3 1 1 1 1 1 1 1 1 1 1 1 1 1 1 1 1 1 1 1 1 1 1 1 1 1 1 1 1 1 1 1 1 1 1 1 1 1 1 1 1 1 1 1 1 1 1 1 1 1 1 1 1 1 1 1 1 100 1 1 1 1 1 1 1 1 1 1 1 1 100 1 1 1 1 1 1 1 1 1 1 1 1 1 1 1 1 1 1 1 1 1 1 1 1 1 1 1 1 1 1 1 1 1 1 1 1 1 1 1 1 1 1 1 1 1 1 1 1 1 1 1
staticfield java/lang/invoke/DirectMethodHandle IMPL_NAMES Ljava/lang/invoke/MemberName$Factory; java/lang/invoke/MemberName$Factory
staticfield java/lang/invoke/DirectMethodHandle FT_UNCHECKED_REF I 8
staticfield java/lang/invoke/DirectMethodHandle ACCESSOR_FORMS [Ljava/lang/invoke/LambdaForm; 132 [Ljava/lang/invoke/LambdaForm;
staticfield java/lang/invoke/DirectMethodHandle ALL_WRAPPERS [Lsun/invoke/util/Wrapper; 10 [Lsun/invoke/util/Wrapper;
staticfield java/lang/invoke/DirectMethodHandle NFS [Ljava/lang/invoke/LambdaForm$NamedFunction; 12 [Ljava/lang/invoke/LambdaForm$NamedFunction;
staticfield java/lang/invoke/DirectMethodHandle OBJ_OBJ_TYPE Ljava/lang/invoke/MethodType; java/lang/invoke/MethodType
staticfield java/lang/invoke/DirectMethodHandle LONG_OBJ_TYPE Ljava/lang/invoke/MethodType; java/lang/invoke/MethodType
staticfield java/lang/invoke/DirectMethodHandle $assertionsDisabled Z 1
ciInstanceKlass java/lang/Void 1 1 31 10 100 12 1 1 1 8 1 10 7 12 1 1 1 9 7 12 1 1 1 1 1 1 1 1 1 1 1 1 1
staticfield java/lang/Void TYPE Ljava/lang/Class; java/lang/Class
ciInstanceKlass java/lang/invoke/LambdaForm 1 1 1052 100 1 9 7 12 1 1 1 10 7 12 1 1 1 10 7 12 1 1 9 12 1 1 9 12 1 1 10 12 1 1 100 1 10 9 12 1 10 12 1 1 9 12 1 10 7 12 1 1 1 9 12 1 9 12 1 9 12 1 1 9 12 1 10 12 1 1 7 1 10 12 1 10 100 12 1 1 1 10 100 12 1 1 1 10 12 1 10 12 1 1 9 100 12 1 1 1 10 12 1 1 9 12 1 10 12 1 1 10 12 1 10 12 1 1 10 12 1 1 10 100 12 1 1 1 7 1 10 10 12 1 1 8 1 10 12 1 10 12 1 10 12 1 1 7 1 10 7 12 1 1 1 10 12 1 1 10 12 1 10 12 1 1 9 12 1 1 9 12 1 9 12 1 1 10 12 1 9 12 1 10 100 12 1 1 1 10 12 1 1 10 12 1 9 12 1 1 10 100 12 1 1 1 10 12 1 10 12 1 10 12 1 10 12 1 10 12 1 10 12 1 1 10 12 1 10 12 1 1 8 1 10 12 1 10 12 1 8 1 8 1 9 12 1 9 12 1 9 12 1 1 10 12 1 1 10 12 1 9 12 1 10 12 1 1 10 7 12 1 1 1 10 12 1 1 10 12 1 10 12 1 10 12 1 1 9 12 1 10 12 1 8 1 8 1 8 1 8 1 8 1 8 1 8 1 8 1 10 12 1 9 12 1 7 1 10 12 1 1 9 12 1 10 12 1 10 12 1 1 10 12 10 12 1 10 12 1 1 10 12 1 1 10 10 12 1 1 10 12 1 1 7 1 8 1 10 12 1 1 10 12 1 10 12 1 1 10 8 1 10 12 1 1 8 1 8 1 8 1 10 12 1 9 12 1 1 10 12 1 1 10 12 1 1 100 1 10 12 1 1 10 12 1 10 7 12 1 1 1 10 12 1 1 9 12 1 1 8 1 10 100 12 1 1 1 10 7 12 1 1 10 12 10 10 12 1 1 9 12 1 8 10 12 1 1 100 1 10 12 1 1 10 12 1 9 7 12 1 1 9 12 1 1 8 1 10 100 12 1 1 10 12 1 1 100 1 100 1 10 10 12 1 1 10 12 1 1 8 1 8 1 100 1 8 1 10 12 10 12 1 10 12 1 10 12 1 1 8 1 8 1 9 100 12 1 1 1 10 12 1 10 12 1 1 8 1 8 1 8 1 100 1 8 1 100 1 8 1 100 1 8 1 10 12 1 8 1 9 10 7 12 1 1 1 10 12 1 9 12 1 1 10 12 1 10 10 12 1 10 12 1 10 12 1 10 12 1 1 10 12 1 10 12 1 1 10 12 1 1 10 12 1 1 8 1 100 10 12 1 10 12 1 9 12 1 1 10 7 12 1 1 8 1 8 1 100 1 8 1 8 1 8 1 8 1 8 1 8 1 8 1 8 1 10 12 1 1 10 12 1 1 10 12 1 10 12 1 8 1 8 1 8 1 10 12 1 8 1 10 12 1 8 1 8 1 8 1 8 1 8 1 10 12 1 10 12 1 10 12 1 1 10 7 12 1 1 1 10 12 1 10 12 1 10 12 1 10 12 1 10 12 1 10 12 1 10 12 1 9 12 1 1 8 1 10 12 1 1 9 12 1 1 10 12 1 1 9 12 1 9 12 1 1 9 12 1 9 12 1 1 7 1 10 7 12 1 1 1 9 12 1 10 12 1 10 12 1 8 1 10 12 1 9 12 1 1 7 1 10 7 12 1 1 1 8 1 100 1 10 12 1 9 12 1 9 12 1 10 12 1 10 12 1 10 7 12 1 1 1 10 12 1 9 7 12 1 1 10 12 1 1 10 12 1 10 12 1 9 12 10 12 1 10 10 12 1 9 9 12 1 7 9 12 1 1 10 12 1 1 9 12 1 10 12 1 10 7 1 9 1 1 1 1 3 1 3 1 3 1 1 1 1 1 1 1 1 1 1 1 1 1 1 1 1 1 1 1 1 1 1 1 1 1 1 1 1 1 1 1 1 1 1 1 1 1 1 1 1 1 1 1 1 1 1 1 1 1 1 1 1 1 1 1 1 100 1 1 1 1 1 1 1 1 1 1 1 1 1 1 1 1 1 1 1 1 1 1 1 1 1 1 1 1 1 1 1 1 1 1 1 1 1 1 1 1 1 1 1 1 1 1 1 1 1 1 1 1 1 1 1 1 1 1 1 100 1 1 1 1 1 1 1 1 1 1 1 1 1 1 1 1 1 1 1 1 1 1 1 1 1 1 1 1 1 1 1 1 1 1 100 1 1 1 1 1 1 1 1 1 1 1 1 1 1 1 1 1 1 1 1 1 1 100 1 1 1 100 1 1 100 1 1 1 1 1 1 1 1 1 1 1
staticfield java/lang/invoke/LambdaForm COMPILE_THRESHOLD I 0
staticfield java/lang/invoke/LambdaForm INTERNED_ARGUMENTS [[Ljava/lang/invoke/LambdaForm$Name; 5 [[Ljava/lang/invoke/LambdaForm$Name;
staticfield java/lang/invoke/LambdaForm IMPL_NAMES Ljava/lang/invoke/MemberName$Factory; java/lang/invoke/MemberName$Factory
staticfield java/lang/invoke/LambdaForm LF_identity [Ljava/lang/invoke/LambdaForm; 6 [Ljava/lang/invoke/LambdaForm;
staticfield java/lang/invoke/LambdaForm LF_zero [Ljava/lang/invoke/LambdaForm; 6 [Ljava/lang/invoke/LambdaForm;
staticfield java/lang/invoke/LambdaForm NF_identity [Ljava/lang/invoke/LambdaForm$NamedFunction; 6 [Ljava/lang/invoke/LambdaForm$NamedFunction;
staticfield java/lang/invoke/LambdaForm NF_zero [Ljava/lang/invoke/LambdaForm$NamedFunction; 6 [Ljava/lang/invoke/LambdaForm$NamedFunction;
staticfield java/lang/invoke/LambdaForm createFormsLock Ljava/lang/Object; java/lang/Object
staticfield java/lang/invoke/LambdaForm DEBUG_NAME_COUNTERS Ljava/util/HashMap; null
staticfield java/lang/invoke/LambdaForm DEBUG_NAMES Ljava/util/HashMap; null
staticfield java/lang/invoke/LambdaForm TRACE_INTERPRETER Z 0
staticfield java/lang/invoke/LambdaForm $assertionsDisabled Z 1
ciInstanceKlass java/lang/invoke/MethodHandleNatives 1 1 684 100 1 10 7 12 1 1 1 9 7 12 1 1 1 10 12 1 1 100 1 10 10 12 1 1 10 12 1 10 12 1 8 1 8 1 8 1 8 1 8 1 8 1 8 1 8 1 8 1 8 1 10 12 1 1 7 1 10 7 12 1 1 1 10 100 12 1 1 1 7 1 10 10 12 1 1 8 1 10 12 1 8 1 10 12 1 1 8 1 10 12 1 1 9 100 12 1 1 1 8 1 10 100 12 1 1 1 100 1 10 12 100 1 100 1 8 1 7 1 10 10 12 1 7 1 9 7 12 1 1 10 12 1 1 10 12 1 10 7 12 1 1 1 7 1 10 12 1 1 10 7 12 1 1 1 10 12 1 10 12 1 1 10 12 1 1 9 12 1 8 1 10 12 1 8 1 10 12 1 8 1 8 1 8 1 100 1 10 12 1 8 1 10 12 1 1 10 12 1 10 100 12 1 1 1 100 1 8 1 10 100 12 1 1 1 7 1 8 1 10 12 1 8 1 8 1 8 1 8 1 8 1 10 12 1 1 10 12 1 1 10 12 1 10 12 1 1 10 12 1 1 7 1 10 12 1 100 1 100 1 10 12 1 10 12 1 8 1 8 1 10 10 12 1 1 10 12 1 1 8 1 10 100 12 1 1 1 8 1 8 1 10 12 1 1 10 7 12 1 1 1 100 1 10 12 1 1 7 1 9 12 1 1 10 7 12 1 1 1 10 10 12 1 9 12 1 10 12 1 1 9 12 1 9 12 1 10 12 1 1 10 12 1 10 12 1 1 7 1 7 1 10 12 1 1 10 12 1 10 12 1 1 10 7 12 1 1 1 10 12 1 8 1 10 12 1 10 12 1 10 12 1 1 10 12 1 10 7 12 1 1 1 10 12 1 1 100 1 8 1 10 9 7 12 1 1 1 10 12 1 1 10 12 1 1 100 1 10 12 1 1 10 12 1 1 100 1 100 1 10 10 100 1 100 1 10 100 1 10 10 12 1 1 10 100 1 10 12 1 10 12 1 10 12 1 1 10 12 1 1 10 12 1 1 10 12 1 10 12 1 1 10 8 1 100 1 10 12 1 10 12 1 10 12 1 10 12 1 10 12 1 1 10 12 1 9 12 1 1 10 7 12 1 1 1 9 12 1 1 11 7 12 1 1 1 10 12 1 10 12 1 10 10 12 1 10 7 12 1 1 1 1 1 1 1 1 1 1 1 1 1 1 1 100 1 1 1 1 1 1 1 1 1 1 1 1 1 1 1 1 1 1 1 1 1 1 1 1 1 1 1 1 1 1 1 1 1 1 1 1 1 1 1 1 1 1 1 1 1 1 1 1 1 1 1 1 1 1 1 1 1 1 1 1 1 1 1 1 1 1 1 1 1 1 1 1 1 1 1 1 1 1 1 1 1 1 1 1 1 1 1 1 1 1 1 1 1 1 1 1 1 1 100 1 1 1 1 1 1 1 1 1 1 1 1 1 1 1 1 1 1 1 1 1 1 1 1 1 1 1 1 100 1 1 1 1 1 1 1 100 1 1 1
staticfield java/lang/invoke/MethodHandleNatives JLA Ljdk/internal/access/JavaLangAccess; java/lang/System$2
staticfield java/lang/invoke/MethodHandleNatives $assertionsDisabled Z 1
ciInstanceKlass java/util/Collections 1 1 852 10 7 12 1 1 1 11 7 12 1 1 1 7 1 11 12 1 1 7 1 10 12 1 1 10 12 1 11 12 1 1 7 1 11 12 1 1 11 12 1 1 10 12 1 11 100 12 1 1 11 12 1 1 11 12 1 10 12 1 10 12 1 10 12 11 100 12 1 1 1 10 12 1 1 11 12 1 11 12 1 1 9 12 1 1 100 1 10 10 12 1 1 10 12 1 1 11 12 1 1 10 12 1 11 12 1 100 1 8 1 10 12 1 11 7 12 1 1 1 11 7 1 11 12 1 1 10 12 1 1 10 12 1 10 12 1 1 10 12 1 11 12 1 1 10 12 1 1 10 12 1 1 10 12 1 1 10 12 1 1 7 1 10 12 1 7 1 10 12 1 7 1 10 12 1 100 1 10 12 1 7 1 7 1 10 12 10 7 1 10 12 1 100 1 10 12 1 100 1 10 12 1 100 1 10 10 12 1 7 1 10 10 12 1 100 1 10 100 1 10 7 1 10 100 1 10 10 12 1 10 7 1 10 100 1 10 100 1 10 100 1 10 12 1 10 100 12 1 1 1 100 1 100 1 10 12 1 100 1 10 12 1 100 1 10 12 1 100 1 10 12 1 100 1 10 12 1 100 1 10 100 1 10 12 1 100 1 10 12 1 100 1 10 12 1 9 7 12 1 1 1 9 100 12 1 1 9 7 12 1 1 1 9 12 1 1 9 12 1 1 9 12 1 1 9 12 1 1 9 12 1 1 7 1 10 12 7 1 10 7 1 10 7 1 10 7 1 10 12 1 100 1 100 1 10 8 1 10 12 1 1 10 12 1 10 12 1 1 10 100 1 10 12 1 9 100 12 1 1 1 9 100 12 1 1 1 100 1 9 12 1 1 10 12 7 1 10 7 1 10 11 7 12 1 1 11 12 1 10 12 1 7 1 11 11 12 1 11 7 1 10 100 1 10 100 12 1 1 1 100 1 10 12 1 7 1 10 7 1 10 7 1 10 1 1 1 3 1 3 1 3 1 3 1 3 1 3 1 3 1 3 1 1 1 1 1 1 1 1 1 1 1 1 1 1 1 1 1 1 1 1 1 1 1 1 1 1 1 1 1 1 1 1 1 1 1 1 1 1 1 1 1 1 1 1 1 1 1 1 1 1 1 1 1 1 1 1 1 1 1 1 1 1 1 1 1 1 1 1 1 1 1 1 1 1 1 1 1 1 1 1 1 1 1 1 1 1 1 1 1 1 1 1 1 1 1 1 1 1 1 1 1 1 1 1 1 1 1 1 1 1 1 1 1 1 1 1 1 1 1 1 1 1 1 1 1 1 1 1 1 1 1 1 1 1 1 1 1 1 1 1 1 1 1 1 1 1 1 1 1 1 1 1 1 1 1 1 1 1 1 1 1 1 1 1 1 1 1 1 1 1 1 1 1 1 1 1 1 1 1 1 1 1 1 1 1 1 1 1 1 1 1 1 1 1 1 1 1 1 1 1 1 1 1 1 1 1 1 1 1 1 1 1 1 1 1 1 1 1 1 1 1 1 1 1 1 1 1 1 1 1 1 1 1 1 1 1 1 1 1 1 1 1 1 1 1 1 1 1 1 1 1 1 1 1 1 1 1 1 1 1 1 1 1 1 1 1 1 1 1 1 1 1 1 1 1 1 1 1 1 1 1 1 1 1 1 1 1 1 1 1 1 1 1 1 1 1 1 1 1 1 1 1 1 1 1 1 1 1 1 1 1 100 1 100 1 100 1 100 1 100 1 100 1 100 1 100 1 100 1 100 1 100 1 100 1 100 1 1 1 1 1 1 1 1 1 1 1 1 1 1 1 1 1 1 1 1 1 1 1 1 1 1 1 1 1 1 1 1 1 1 1 1 1 1 1 100 1 1 1 1 1 1 1 1 1 1 1 1 1 1
staticfield java/util/Collections EMPTY_SET Ljava/util/Set; java/util/Collections$EmptySet
staticfield java/util/Collections EMPTY_LIST Ljava/util/List; java/util/Collections$EmptyList
staticfield java/util/Collections EMPTY_MAP Ljava/util/Map; java/util/Collections$EmptyMap
ciInstanceKlass jdk/internal/reflect/CallerSensitive 0 0 17 100 1 100 1 100 1 1 1 1 1 1 1 1 1 1 1
ciInstanceKlass jdk/internal/reflect/ConstantPool 1 1 142 10 100 12 1 1 1 9 7 12 1 1 1 10 12 1 1 10 12 1 1 10 12 1 10 12 1 1 10 12 1 1 10 12 1 10 12 1 1 10 12 1 10 12 1 1 10 12 1 10 12 1 10 12 1 10 12 1 1 10 12 1 1 10 12 1 1 10 12 1 1 10 12 1 10 12 1 1 10 100 12 1 1 1 8 11 7 12 1 1 1 10 7 12 1 1 1 1 1 1 1 1 1 1 1 1 1 1 1 1 1 1 1 1 1 1 1 1 1 1 1 1 1 1 1 1 1 1 1 1 1 1 1 1 1 1 1 1 1 1 1 1
instanceKlass jdk/internal/reflect/UnsafeQualifiedStaticFieldAccessorImpl
ciInstanceKlass jdk/internal/reflect/UnsafeStaticFieldAccessorImpl 1 1 47 10 7 12 1 1 1 9 7 12 1 1 1 10 7 12 1 1 1 9 12 1 1 8 11 7 12 1 1 1 10 7 12 1 1 1 1 1 1 1 1 1 1 1 1 1 1
instanceKlass jdk/internal/reflect/UnsafeFieldAccessorImpl
ciInstanceKlass jdk/internal/reflect/FieldAccessorImpl 1 1 59 10 7 12 1 1 1 100 1 100 1 1 1 1 1 1 1 1 1 100 1 1 1 1 1 1 1 1 1 1 1 1 1 1 1 1 1 1 1 100 1 1 1 1 1 1 1 1 1 1 1 1 1 1 1 1 1 1 1
instanceKlass jdk/internal/reflect/UnsafeLongFieldAccessorImpl
instanceKlass jdk/internal/reflect/UnsafeIntegerFieldAccessorImpl
instanceKlass jdk/internal/reflect/UnsafeBooleanFieldAccessorImpl
instanceKlass jdk/internal/reflect/UnsafeQualifiedFieldAccessorImpl
instanceKlass jdk/internal/reflect/UnsafeObjectFieldAccessorImpl
instanceKlass jdk/internal/reflect/UnsafeStaticFieldAccessorImpl
ciInstanceKlass jdk/internal/reflect/UnsafeFieldAccessorImpl 1 1 254 10 7 12 1 1 1 9 7 12 1 1 1 10 7 12 1 1 1 10 7 12 1 1 1 9 12 1 1 10 7 12 1 1 1 9 12 1 1 10 12 1 10 12 1 9 12 1 10 12 1 1 10 7 12 1 1 10 7 12 1 1 1 10 12 1 1 100 1 10 10 12 1 1 10 12 1 1 8 1 10 10 12 1 100 1 8 1 10 12 1 8 1 10 12 1 8 1 10 12 1 100 1 10 12 1 1 10 8 1 10 12 1 1 8 1 10 100 12 1 1 8 1 10 100 12 1 1 8 1 10 100 12 1 1 8 1 10 100 12 1 1 8 1 10 100 12 1 1 8 1 10 100 12 1 1 8 1 10 100 12 1 1 8 1 10 100 12 1 1 10 12 1 1 8 1 8 1 8 1 8 1 8 1 8 1 10 100 12 1 1 1 8 1 8 1 8 1 10 12 10 12 1 1 1 1 1 1 1 1 1 1 1 1 1 1 1 1 1 1 1 1 1 1 1 1 1 1 1 1 1 1 1 1 1 1 1 1 1 1 1 1 1 1 1 1 1 1 1 1 1 1 1 1
staticfield jdk/internal/reflect/UnsafeFieldAccessorImpl unsafe Ljdk/internal/misc/Unsafe; jdk/internal/misc/Unsafe
ciInstanceKlass jdk/internal/reflect/NativeConstructorAccessorImpl 1 1 126 10 7 12 1 1 1 9 7 12 1 1 1 9 12 1 1 10 7 12 1 1 1 10 7 12 1 1 1 10 7 12 1 1 1 9 12 1 9 12 1 1 9 12 1 1 10 7 12 1 1 1 7 1 10 10 12 1 1 10 12 1 10 12 1 10 12 1 1 9 12 1 1 10 7 12 1 1 1 100 1 10 12 1 1 10 12 1 1 8 10 12 1 1 1 1 1 1 1 1 1 1 1 1 1 1 1 1 1 1 1 1 1 1 100 1 100 1 100 1 1 1 1 1 1 1
staticfield jdk/internal/reflect/NativeConstructorAccessorImpl U Ljdk/internal/misc/Unsafe; jdk/internal/misc/Unsafe
staticfield jdk/internal/reflect/NativeConstructorAccessorImpl GENERATED_OFFSET J 16
ciInstanceKlass java/lang/invoke/ConstantCallSite 1 1 65 10 7 12 1 1 1 9 7 12 1 1 1 9 12 1 1 10 7 12 1 1 1 10 12 1 100 1 10 12 9 12 1 1 100 1 10 10 12 1 1 10 12 1 1 1 1 1 1 1 1 1 1 1 1 1 100 1 1 1 1 1 1 1 1
staticfield java/lang/invoke/ConstantCallSite UNSAFE Ljdk/internal/misc/Unsafe; jdk/internal/misc/Unsafe
ciInstanceKlass java/lang/invoke/MutableCallSite 0 0 63 10 100 12 1 1 1 10 12 1 9 100 12 1 1 1 10 12 1 10 12 1 1 9 12 1 1 10 100 12 1 1 1 10 100 12 1 1 1 10 12 1 1 1 1 1 1 1 1 1 1 1 1 1 1 1 1 1 1 100 1 1 1
instanceKlass java/lang/invoke/VarHandleByteArrayAsLongs$ByteArrayViewVarHandle
instanceKlass java/lang/invoke/VarHandleByteArrayAsInts$ByteArrayViewVarHandle
instanceKlass java/lang/invoke/VarHandleReferences$FieldStaticReadOnly
instanceKlass java/lang/invoke/VarHandleInts$FieldStaticReadOnly
instanceKlass java/lang/invoke/VarHandleLongs$FieldInstanceReadOnly
instanceKlass java/lang/invoke/VarHandleInts$FieldInstanceReadOnly
instanceKlass java/lang/invoke/VarHandleReferences$Array
instanceKlass java/lang/invoke/VarHandleReferences$FieldInstanceReadOnly
ciInstanceKlass java/lang/invoke/VarHandle 1 1 390 10 7 12 1 1 1 10 7 12 1 1 9 12 1 1 9 12 1 1 100 1 10 8 1 10 12 1 1 10 7 12 1 1 1 10 12 1 1 10 100 12 1 1 1 9 100 12 1 1 1 10 12 1 1 10 100 12 1 1 1 10 12 1 1 9 12 1 10 12 1 9 12 1 1 10 100 12 1 1 10 12 1 9 100 12 1 1 1 9 12 1 1 10 12 1 1 100 1 100 1 10 8 1 10 12 1 1 10 12 1 8 1 10 12 1 10 12 1 10 12 1 1 9 7 12 1 1 1 10 12 1 10 12 1 1 10 12 1 10 10 100 12 1 1 1 10 12 1 1 10 12 1 1 10 100 12 1 1 1 10 100 12 1 1 1 10 100 12 1 1 1 9 12 1 1 10 9 12 1 1 10 12 1 10 12 1 10 12 1 1 10 12 1 10 100 12 1 1 1 9 12 1 1 10 12 1 1 9 12 1 10 12 1 10 12 1 10 100 12 1 1 100 1 10 9 7 12 1 1 1 9 12 1 1 10 7 12 1 1 1 10 12 1 10 12 1 10 12 1 10 12 1 10 12 1 10 12 1 1 7 1 10 10 7 12 1 1 1 9 12 1 1 8 10 12 1 1 7 1 10 12 1 1 100 1 1 1 1 1 1 1 1 1 1 1 1 1 1 1 1 1 1 1 1 1 1 1 1 1 1 1 1 1 1 1 1 1 1 1 1 1 1 1 1 1 1 1 1 1 1 1 1 1 1 1 1 1 1 1 1 1 1 1 1 1 1 1 1 1 1 1 1 1 1 1 1 1 1 1 1 1 1 1 1 1 1 1 1 1 1 1 1 1 100 1 100 1 100 1 1 1 1 1 1 1 100 1 1 1
staticfield java/lang/invoke/VarHandle AIOOBE_SUPPLIER Ljava/util/function/BiFunction; jdk/internal/util/Preconditions$1
staticfield java/lang/invoke/VarHandle VFORM_OFFSET J 16
staticfield java/lang/invoke/VarHandle $assertionsDisabled Z 1
ciInstanceKlass java/lang/invoke/MemberName 1 1 757 7 1 7 1 100 1 9 12 1 1 10 7 12 1 1 1 9 12 1 1 10 12 1 1 10 12 1 1 10 12 1 1 10 12 1 10 12 1 1 10 7 12 1 1 1 10 12 1 9 100 12 1 1 10 12 1 100 1 100 1 10 12 1 8 1 10 12 1 1 10 12 1 10 12 1 1 10 12 1 9 12 1 1 8 1 10 100 12 1 1 1 7 1 10 10 12 1 1 100 1 100 1 10 12 1 1 9 12 1 1 100 1 8 1 10 12 1 10 12 1 10 12 1 10 12 1 10 12 1 1 10 12 1 10 12 1 10 12 1 1 10 12 1 1 10 12 1 8 1 8 1 8 1 10 100 12 1 1 1 10 12 1 9 12 1 1 3 10 12 1 10 12 1 10 12 1 10 10 7 12 1 1 1 10 12 1 10 12 1 10 12 1 10 12 1 7 1 8 10 12 1 1 10 12 1 1 8 1 9 100 1 8 9 100 1 10 12 1 1 10 12 1 10 12 1 8 1 10 12 1 1 10 12 1 10 12 1 10 12 1 10 12 1 1 100 1 10 12 1 1 10 12 1 8 1 10 12 1 10 12 1 8 1 10 12 1 1 10 12 1 1 100 1 10 12 1 1 10 12 8 1 8 1 100 1 10 12 1 10 100 12 1 1 1 100 1 10 12 10 12 1 10 12 1 10 12 1 10 12 1 10 10 12 1 10 12 1 10 12 1 3 10 12 1 3 10 12 1 3 3 3 3 3 3 3 100 1 10 12 1 10 7 12 1 1 1 10 12 1 3 9 12 1 10 12 1 1 3 10 12 1 10 10 7 12 1 1 1 10 12 1 1 10 100 1 10 10 12 1 10 12 1 10 12 1 10 10 12 1 1 10 12 1 10 12 1 10 12 1 100 1 10 10 10 12 100 1 10 10 10 12 1 1 10 12 1 1 10 10 12 1 8 10 100 1 10 12 1 10 100 1 10 12 1 10 12 1 10 12 1 10 10 12 1 10 12 1 1 10 12 1 1 10 12 1 10 12 1 10 12 1 100 1 10 12 1 1 100 1 8 1 10 7 1 10 12 1 10 12 10 12 1 1 10 12 1 10 12 1 8 1 8 1 8 1 8 1 10 12 1 10 12 1 10 12 1 1 8 1 8 1 10 12 1 8 1 10 10 12 1 10 12 1 8 1 8 1 10 10 12 1 8 1 10 100 12 1 1 1 8 1 10 12 1 10 12 1 1 10 12 1 8 1 8 1 8 1 8 1 100 1 10 8 1 8 1 8 1 8 1 10 12 1 100 1 100 1 100 1 10 100 1 10 100 1 10 100 12 1 1 1 9 7 12 1 1 1 100 1 100 1 1 1 1 1 1 1 3 1 3 1 3 1 3 1 3 1 3 1 1 1 1 1 1 1 1 3 1 3 1 1 1 1 3 1 1 1 1 1 1 1 1 1 1 1 1 1 1 1 1 1 1 1 1 1 1 1 1 1 1 1 1 1 1 1 1 1 1 1 1 1 1 1 1 1 1 1 1 1 1 1 1 1 1 1 1 1 1 1 1 1 1 1 1 1 1 1 1 1 1 1 1 1 1 1 1 1 1 1 1 1 1 1 1 1 1 1 1 1 1 1 1 1 1 1 1 1 1 1 1 1 1 1 1 1 1 1 1 1 1 100 1 1 1 1 1 1 1 1 1 1 1 1 1 1 1
staticfield java/lang/invoke/MemberName $assertionsDisabled Z 1
ciInstanceKlass java/lang/invoke/ResolvedMethodName 1 1 16 10 100 12 1 1 1 100 1 1 1 1 1 1 1 1
ciInstanceKlass java/lang/StackWalker 0 0 235 9 100 12 1 1 1 10 100 12 1 1 1 100 1 10 100 12 1 1 1 10 12 1 1 11 100 12 1 1 1 10 12 1 1 10 12 1 1 10 12 1 1 100 1 8 1 10 12 1 10 12 1 10 12 1 10 100 12 1 1 9 12 1 1 9 12 1 1 9 12 1 1 9 12 1 1 10 12 1 1 9 12 1 1 10 100 12 1 1 1 11 12 1 1 100 1 8 1 10 10 100 12 1 1 9 12 1 1 10 12 1 1 10 100 12 1 1 1 10 100 12 1 1 1 18 12 1 1 100 1 8 1 10 10 12 1 1 10 100 12 1 1 1 9 100 12 1 1 11 100 12 1 1 1 10 12 1 1 1 1 1 1 1 1 1 1 1 1 1 1 1 1 1 1 1 1 1 1 1 1 1 1 1 1 1 1 1 1 1 1 1 1 1 1 1 1 1 1 1 1 1 1 1 1 1 1 1 100 1 1 15 10 100 12 1 1 1 16 15 10 12 16 1 1 1 1 1 1 1 100 1 100 1 1
ciInstanceKlass java/lang/StackStreamFactory$AbstractStackWalker 1 0 306 100 1 100 1 3 10 100 12 1 1 1 10 100 12 1 1 10 100 12 1 1 1 9 12 1 1 10 12 1 1 9 12 1 1 9 12 1 1 9 12 1 1 9 12 1 9 100 12 1 1 1 10 100 12 1 1 1 10 12 1 1 9 12 1 1 10 100 12 1 1 1 10 12 1 1 9 12 1 1 9 100 12 1 1 1 100 1 10 8 1 10 12 1 1 10 12 1 8 1 10 12 1 1 10 100 12 1 1 1 100 1 8 1 10 12 1 8 1 10 12 9 100 12 1 1 1 10 100 12 1 1 9 12 1 8 1 5 0 8 1 8 1 9 12 1 1 10 12 1 1 10 12 1 1 10 12 1 9 12 1 10 12 1 10 12 1 10 12 1 10 12 1 1 10 12 1 10 12 1 1 8 1 10 12 1 10 12 1 10 12 1 10 12 1 1 8 1 10 12 1 1 10 12 1 1 10 12 1 1 10 12 1 10 12 1 10 100 12 1 1 1 9 12 1 8 1 10 12 1 10 12 1 10 12 1 10 12 1 10 12 1 10 12 1 10 12 1 1 10 12 1 1 10 12 1 1 10 12 1 8 1 1 1 1 1 1 1 1 1 1 1 1 1 1 1 1 1 1 100 1 1 1 1 100 1 1 1 1 1 1 1 1 1 1 1 1 1 1 1 1 1 1 1 1 1
ciInstanceKlass jdk/internal/module/Modules 1 1 504 10 100 12 1 1 1 9 7 12 1 1 1 11 7 12 1 1 1 11 12 1 1 11 12 1 1 11 12 1 1 11 12 1 11 12 1 11 12 1 11 12 1 11 12 1 1 10 100 12 1 1 1 10 100 12 1 1 1 18 12 1 1 10 100 12 1 1 1 100 1 10 100 12 1 1 1 10 100 12 1 1 1 10 100 12 1 1 10 12 1 1 11 12 1 9 12 1 1 11 100 12 1 1 1 10 12 1 1 10 10 12 1 10 9 12 1 1 10 100 12 1 1 10 12 1 1 10 100 12 1 1 100 1 11 100 12 1 1 1 10 100 12 1 1 1 11 100 12 1 1 10 12 1 1 10 100 12 1 1 10 100 12 1 1 1 10 12 1 1 10 12 1 1 11 12 1 1 18 12 1 1 11 100 12 1 1 10 100 12 1 1 1 11 100 12 1 1 1 100 1 11 12 1 1 11 100 12 1 1 1 11 12 1 1 10 12 1 1 10 100 12 1 1 18 12 1 1 11 12 1 1 18 12 1 1 11 12 1 1 10 12 1 18 18 10 12 1 1 9 12 1 1 11 100 12 1 1 1 100 1 10 11 12 1 11 12 1 1 11 12 1 1 10 100 1 10 12 1 1 10 100 12 1 1 10 12 1 1 11 12 10 12 1 1 100 1 10 18 12 1 10 12 1 1 100 1 8 1 10 12 1 10 100 12 1 1 18 12 1 11 11 12 10 12 1 10 10 100 1 18 12 1 10 10 10 7 12 1 1 10 7 12 1 1 1 10 12 1 1 1 1 1 1 1 1 1 1 1 1 1 1 1 1 1 1 1 1 1 1 1 1 1 1 1 1 1 1 1 1 1 100 1 1 1 1 1 1 1 1 1 1 1 1 1 1 1 1 1 1 1 1 1 1 1 1 1 1 1 1 1 1 1 1 1 1 1 100 1 1 1 1 1 1 1 1 1 1 1 1 1 1 1 1 1 1 1 1 1 1 1 15 10 100 12 1 1 1 16 15 10 12 1 16 16 15 10 12 1 16 1 16 1 15 10 12 1 16 1 16 1 15 10 12 16 1 15 10 16 1 15 10 12 16 1 15 10 12 16 15 10 12 16 15 10 12 1 1 1 100 1 100 1 1
staticfield jdk/internal/module/Modules JLA Ljdk/internal/access/JavaLangAccess; java/lang/System$2
staticfield jdk/internal/module/Modules JLMA Ljdk/internal/access/JavaLangModuleAccess; java/lang/module/ModuleDescriptor$1
staticfield jdk/internal/module/Modules $assertionsDisabled Z 1
instanceKlass java/util/LinkedHashMap$LinkedEntryIterator
instanceKlass java/util/LinkedHashMap$LinkedKeyIterator
instanceKlass java/util/LinkedHashMap$LinkedValueIterator
ciInstanceKlass java/util/LinkedHashMap$LinkedHashIterator 1 1 89 9 7 12 1 1 1 10 7 12 1 1 1 9 7 12 1 1 1 9 12 1 9 12 1 1 9 12 1 9 12 1 100 1 10 100 1 10 9 7 12 1 1 100 1 10 9 7 12 1 1 9 12 1 1 10 12 1 1 1 1 1 1 1 1 1 1 1 1 1 1 1 1 1 1 1 1 1 1 1 1 1 1 1 1 1 100 1 1
ciInstanceKlass java/util/HashMap$KeySet 1 1 128 9 7 12 1 1 1 10 7 12 1 1 1 9 7 12 1 1 1 10 12 1 7 1 10 12 1 10 12 1 1 10 12 1 1 10 12 1 1 100 1 10 12 1 7 1 10 12 1 1 10 12 1 100 1 10 9 12 1 1 9 12 1 9 100 12 1 1 1 11 100 12 1 1 1 9 12 1 1 100 1 10 1 1 1 1 1 1 1 1 1 1 1 1 1 1 1 1 1 1 1 1 1 1 1 1 1 1 1 1 1 1 1 1 1 1 1 100 1 1 1 1 1 1 1 1 1 1
instanceKlass java/util/LinkedHashMap$Entry
ciInstanceKlass java/util/HashMap$Node 1 1 95 10 7 12 1 1 1 9 7 12 1 1 1 9 12 1 1 9 12 1 9 12 1 1 100 1 10 10 12 1 1 8 1 10 12 1 10 12 1 1 10 7 12 1 1 1 100 1 11 12 1 1 10 12 1 1 11 12 1 1 1 1 1 1 1 1 1 1 1 1 1 1 1 1 1 1 1 1 1 1 1 1 1 1 1 1 1 1 100 1 1 1 100 1 1
instanceKlass java/util/HashMap$TreeNode
ciInstanceKlass java/util/LinkedHashMap$Entry 1 1 41 10 7 12 1 1 1 100 1 1 1 1 1 1 1 1 1 1 1 1 1 1 1 1 1 1 1 1 1 1 1 1 1 1 100 1 1 100 1 1 1
ciInstanceKlass java/util/Properties$EntrySet 1 1 113 10 7 12 1 1 1 9 7 12 1 1 1 11 7 12 1 1 1 11 12 1 1 11 12 1 1 11 12 1 1 11 12 1 11 12 1 11 12 1 100 1 10 11 12 1 1 11 12 1 11 12 1 10 12 1 1 11 12 1 11 12 1 11 12 1 1 100 1 10 12 1 1 1 1 1 1 1 1 1 1 1 1 1 1 1 1 1 1 1 1 1 1 1 1 1 1 1 1 1 1 1 1 1 1 1 7 1 1 1 100 1 1
ciMethod java/util/Properties$EntrySet iterator ()Ljava/util/Iterator; 1024 0 6665 0 -1
ciMethod java/util/Properties$EntrySet <init> (Ljava/util/Set;)V 778 0 5516 0 0
ciInstanceKlass java/util/concurrent/ConcurrentHashMap$KeySetView 1 1 188 10 7 12 1 1 1 9 7 12 1 1 1 9 12 1 1 10 7 12 1 1 1 10 12 1 1 9 12 1 1 7 1 10 12 1 100 1 10 12 1 10 12 1 1 11 100 12 1 1 1 11 100 12 1 1 1 11 12 1 1 10 10 100 12 1 1 1 100 1 10 12 1 1 11 10 12 1 1 100 1 10 12 1 100 1 10 100 1 10 12 1 10 12 1 1 9 100 12 1 1 11 100 12 1 1 1 10 12 1 10 12 1 1 100 1 1 1 1 5 0 1 1 1 1 1 1 1 1 1 1 1 1 1 1 1 1 1 1 1 1 1 1 100 1 1 1 1 1 1 1 1 1 1 1 1 1 1 1 1 1 1 1 1 1 1 1 1 1 1 1 1 1 1 1 1 1 1 1 1 1 1 1 1 1 1 1 1
instanceKlass java/util/concurrent/ConcurrentHashMap$KeySetView
instanceKlass java/util/concurrent/ConcurrentHashMap$EntrySetView
instanceKlass java/util/concurrent/ConcurrentHashMap$ValuesView
ciInstanceKlass java/util/concurrent/ConcurrentHashMap$CollectionView 1 1 198 7 1 10 7 12 1 1 1 9 7 12 1 1 1 10 12 1 10 12 1 1 10 12 1 1 10 12 1 1 5 0 100 1 8 1 10 12 1 10 12 1 1 11 100 12 1 1 11 12 1 1 3 3 10 100 12 1 1 1 10 12 1 1 10 100 12 1 1 10 100 12 1 1 1 100 1 100 1 10 10 12 1 1 8 1 10 12 1 10 12 1 1 11 100 1 10 12 1 1 100 1 10 9 12 1 1 100 1 11 11 11 12 1 10 12 100 1 1 1 1 5 0 1 1 1 1 1 1 1 1 1 1 1 1 1 1 1 1 1 1 1 1 1 1 1 1 1 1 1 1 1 1 1 1 1 1 1 1 1 1 1 1 1 1 1 1 1 1 1 1 1 1 100 1 1 1 1 1 1 1 100 1 1 1 100 1 8 1 1 12 10 1 1 1 8 1 1
instanceKlass java/util/concurrent/ConcurrentHashMap$BaseIterator
ciInstanceKlass java/util/concurrent/ConcurrentHashMap$Traverser 1 1 118 10 7 12 1 1 1 9 7 12 1 1 1 9 12 1 1 9 12 1 9 12 1 9 12 1 9 12 1 1 9 7 1 10 7 12 1 1 1 9 12 1 100 1 9 12 1 10 12 1 1 100 1 9 12 1 1 9 12 1 1 10 12 1 1 9 12 1 9 100 12 1 10 9 9 12 1 9 1 1 1 1 1 1 1 1 1 1 1 1 1 1 1 1 1 1 1 1 1 1 100 1 1 1 1 1 1 1 1 1 1 1 1 1 100 1 1 1
instanceKlass java/util/concurrent/ConcurrentHashMap$KeyIterator
instanceKlass java/util/concurrent/ConcurrentHashMap$EntryIterator
instanceKlass java/util/concurrent/ConcurrentHashMap$ValueIterator
ciInstanceKlass java/util/concurrent/ConcurrentHashMap$BaseIterator 1 1 74 10 7 12 1 1 1 9 7 12 1 1 1 10 12 1 1 9 12 1 1 9 12 1 100 1 10 12 1 9 100 12 1 1 1 10 100 12 1 1 1 1 1 1 1 1 1 1 1 1 1 1 1 1 1 1 1 1 1 1 1 1 1 1 1 1 1 1 1 1 1 1 1 1
ciInstanceKlass java/util/concurrent/ConcurrentHashMap$MapEntry 1 1 89 10 7 12 1 1 1 9 7 12 1 1 1 9 12 1 9 12 1 1 10 12 1 1 10 100 12 1 1 1 100 1 11 12 1 1 11 12 1 10 12 1 1 100 1 10 10 7 12 1 1 1 1 1 1 1 1 1 1 1 1 1 1 1 1 1 1 1 1 1 1 1 1 1 1 1 1 1 1 1 1 1 1 1 1 1 100 1 1
ciMethod java/util/concurrent/ConcurrentHashMap$BaseIterator hasNext ()Z 834 0 5539 0 96
ciMethod java/util/concurrent/ConcurrentHashMap$CollectionView <init> (Ljava/util/concurrent/ConcurrentHashMap;)V 28 0 3418 0 0
ciInstanceKlass java/util/concurrent/ConcurrentHashMap$EntrySetView 1 1 209 10 7 12 1 1 1 100 1 11 12 1 1 9 7 12 1 1 1 10 7 12 1 1 1 11 12 1 10 100 12 1 1 1 10 12 1 1 9 12 1 1 7 1 10 12 1 10 12 1 1 11 100 12 1 1 1 11 100 12 1 1 1 11 12 1 10 12 1 1 10 12 1 1 100 1 10 12 1 10 12 1 1 10 100 12 1 1 1 100 1 10 12 1 1 11 10 12 1 1 100 1 10 12 1 100 1 10 12 1 100 1 9 12 1 1 9 12 1 10 12 1 11 100 12 1 1 1 100 1 1 1 1 5 0 1 1 1 1 1 1 1 1 1 1 1 1 1 1 1 1 1 1 1 1 1 1 1 1 100 1 1 1 1 1 1 1 1 1 1 1 1 1 1 1 1 1 1 1 1 1 1 1 1 1 1 1 1 1 1 1 1 1 1 1 1 1 1 1 1 100 1 1 1 1 1 1 1 1
ciInstanceKlass java/util/concurrent/ConcurrentHashMap$EntryIterator 1 1 90 10 7 12 1 1 1 9 7 12 1 1 1 100 1 10 12 1 9 7 12 1 1 1 9 12 1 9 12 1 10 12 1 1 7 1 9 12 1 1 10 12 1 10 12 1 100 1 1 1 1 1 1 1 1 1 1 1 1 1 1 1 1 1 1 1 1 1 1 1 1 1 1 1 1 1 1 1 100 1 1 1 1 1 1 100 1 100 1 1
ciMethod java/util/concurrent/ConcurrentHashMap$EntryIterator next ()Ljava/util/Map$Entry; 526 0 8291 0 1152
ciMethod java/util/concurrent/ConcurrentHashMap$EntryIterator next ()Ljava/lang/Object; 526 0 8291 0 1152
ciMethod java/util/concurrent/ConcurrentHashMap$EntrySetView <init> (Ljava/util/concurrent/ConcurrentHashMap;)V 268 0 3363 0 0
ciInstanceKlass jdk/internal/loader/ClassLoaderValue 1 1 44 10 7 12 1 1 1 10 100 12 1 1 1 10 100 12 1 1 1 10 100 12 1 1 1 1 1 1 1 1 1 1 1 1 1 1 1 1 1 1 1 1 1 1
instanceKlass java/util/concurrent/ConcurrentHashMap$ForwardingNode
instanceKlass java/util/concurrent/ConcurrentHashMap$ReservationNode
ciInstanceKlass java/util/concurrent/ConcurrentHashMap$Node 1 1 97 10 7 12 1 1 1 9 7 12 1 1 1 9 12 1 1 9 12 1 10 12 1 9 12 1 1 10 12 1 1 10 100 12 1 1 1 100 1 10 100 1 11 12 1 1 11 12 1 10 12 1 1 1 1 1 1 1 1 1 1 1 1 1 1 1 1 1 1 1 1 1 1 1 1 1 1 1 1 1 1 1 1 1 1 1 1 1 1 1 100 1 1 1 100 1 1
ciInstanceKlass java/util/concurrent/ConcurrentHashMap$ForwardingNode 1 1 71 100 1 10 7 12 1 1 1 9 7 12 1 1 1 10 12 1 1 9 12 1 1 9 12 1 1 10 100 12 1 1 1 10 12 1 1 9 12 1 1 1 1 1 1 1 1 1 1 1 1 1 1 1 1 1 1 1 1 1 1 1 100 1 1 1 1 1 1 1 1
ciInstanceKlass java/util/concurrent/ConcurrentHashMap$ReservationNode 1 1 34 100 1 10 7 12 1 1 1 100 1 1 1 1 1 1 1 1 1 1 1 1 1 1 1 1 1 1 1 1 1 1 1 1
ciMethod java/util/concurrent/ConcurrentHashMap$Node <init> (ILjava/lang/Object;Ljava/lang/Object;)V 1024 0 13964 0 -1
instanceKlass java/util/ArrayList$ListItr
ciInstanceKlass java/util/ArrayList$Itr 1 1 103 9 7 12 1 1 1 10 7 12 1 1 1 9 12 1 1 9 7 12 1 1 9 12 1 9 12 1 9 12 1 10 12 1 100 1 10 9 12 1 1 100 1 10 100 1 10 10 12 1 1 100 1 10 100 12 1 1 1 10 12 1 1 11 100 12 1 1 1 100 1 1 1 1 1 1 1 1 1 1 1 1 1 1 1 100 1 1 1 1 1 1 1 1 1 1 1 1 1 1 1 1 1
ciMethod java/util/ArrayList$Itr hasNext ()Z 856 0 62609 0 96
ciMethod java/util/ArrayList$Itr next ()Ljava/lang/Object; 592 0 6489 0 256
ciMethod java/util/ArrayList$Itr <init> (Ljava/util/ArrayList;)V 768 0 67954 0 0
ciMethod java/util/ArrayList$Itr checkForComodification ()V 514 0 19360 0 128
ciInstanceKlass java/util/ListIterator 1 0 27 100 1 100 1 100 1 1 1 1 1 1 1 1 1 1 1 1 1 1 1 1 1 1 1 1 1
ciMethod java/util/ListIterator hasNext ()Z 0 0 1 0 -1
ciMethod java/util/ListIterator next ()Ljava/lang/Object; 0 0 1 0 -1
ciMethod java/util/ListIterator set (Ljava/lang/Object;)V 0 0 1 0 -1
instanceKlass java/util/Collections$SynchronizedList
instanceKlass java/util/Collections$SynchronizedSet
ciInstanceKlass java/util/Collections$SynchronizedCollection 1 1 174 10 7 12 1 1 1 10 7 12 1 1 1 7 1 9 7 12 1 1 1 9 12 1 1 11 12 1 1 11 12 1 1 11 12 1 1 11 12 1 1 11 12 1 11 12 1 11 12 1 1 11 12 1 11 12 1 11 12 1 1 11 12 1 11 12 1 11 12 1 11 12 1 10 12 1 1 11 12 1 1 11 12 1 1 11 12 1 1 11 12 1 1 11 12 1 10 100 12 1 1 100 1 1 1 1 5 0 1 1 1 1 1 1 1 1 1 1 1 1 1 1 100 1 1 1 1 1 100 1 1 1 1 100 1 1 1 1 1 1 1 1 1 1 1 1 1 1 100 1 1 1 1 1 100 1 1 1 1 1 1 1 1 1 100 1 1 1 1 1 100 1 1 1
ciInstanceKlass java/util/Collections$SynchronizedSet 1 1 67 10 7 12 1 1 1 10 12 1 9 100 12 1 1 1 9 12 1 1 11 100 12 1 1 1 11 12 1 1 100 1 1 1 1 5 0 1 1 1 1 1 1 1 1 1 1 1 1 1 1 1 1 1 100 1 100 1 1 1 1 1 100 1 1 1 1
ciMethod java/util/Collections$SynchronizedCollection iterator ()Ljava/util/Iterator; 514 0 5377 0 96
ciInstanceKlass java/util/Collections$EmptyIterator 1 1 57 10 7 12 1 1 1 100 1 10 100 1 10 10 100 12 1 1 1 7 1 10 9 12 1 1 100 1 1 1 1 1 1 1 1 1 1 1 1 1 1 1 1 1 1 1 1 1 1 1 1 1 1 100 1 1 1
staticfield java/util/Collections$EmptyIterator EMPTY_ITERATOR Ljava/util/Collections$EmptyIterator; java/util/Collections$EmptyIterator
ciMethod java/util/Collections$EmptyIterator hasNext ()Z 256 0 128 0 0
ciMethod java/util/Collections$SynchronizedCollection <init> (Ljava/util/Collection;Ljava/lang/Object;)V 768 0 5518 0 0
ciMethod java/util/Collections$SynchronizedSet <init> (Ljava/util/Set;Ljava/lang/Object;)V 778 0 5517 0 0
ciMethod java/util/concurrent/ConcurrentHashMap$MapEntry setValue (Ljava/lang/Object;)Ljava/lang/Object; 518 0 1262 0 0
ciMethod java/util/concurrent/ConcurrentHashMap$MapEntry getValue ()Ljava/lang/Object; 504 0 252 0 0
ciMethod java/util/concurrent/ConcurrentHashMap$MapEntry <init> (Ljava/lang/Object;Ljava/lang/Object;Ljava/util/concurrent/ConcurrentHashMap;)V 526 0 8291 0 0
ciMethod java/util/concurrent/ConcurrentHashMap$Traverser advance ()Ljava/util/concurrent/ConcurrentHashMap$Node; 546 1456 4509 0 704
ciMethod java/util/concurrent/ConcurrentHashMap$Traverser pushState ([Ljava/util/concurrent/ConcurrentHashMap$Node;II)V 0 0 1 0 -1
ciMethod java/util/concurrent/ConcurrentHashMap$Traverser recoverState (I)V 0 0 1 0 -1
ciMethod java/util/LinkedHashMap$LinkedHashIterator nextNode ()Ljava/util/LinkedHashMap$Entry; 518 0 6657 0 576
ciMethod java/util/LinkedHashMap$LinkedHashIterator hasNext ()Z 778 0 6750 0 96
ciMethod java/util/LinkedHashMap$LinkedHashIterator <init> (Ljava/util/LinkedHashMap;)V 518 0 46740 0 0
ciMethod java/util/Collections emptyIterator ()Ljava/util/Iterator; 512 0 31472 0 0
ciMethod java/util/Collections synchronizedSet (Ljava/util/Set;Ljava/lang/Object;)Ljava/util/Set; 778 0 5517 0 0
ciMethod java/util/LinkedHashMap values ()Ljava/util/Collection; 1024 0 27136 0 384
ciMethod java/util/AbstractList <init> ()V 528 0 2297598 0 64
ciMethod java/util/List iterator ()Ljava/util/Iterator; 0 0 1 0 -1
ciMethod java/util/List listIterator ()Ljava/util/ListIterator; 0 0 1 0 -1
ciMethod java/util/Collection iterator ()Ljava/util/Iterator; 0 0 1 0 -1
ciMethod java/util/Collections$EmptyList iterator ()Ljava/util/Iterator; 512 0 26096 0 64
ciMethod java/util/AbstractMap <init> ()V 768 0 436603 0 64
ciMethod java/util/Map$Entry setValue (Ljava/lang/Object;)Ljava/lang/Object; 0 0 1 0 -1
ciMethod java/util/Map$Entry getValue ()Ljava/lang/Object; 0 0 1 0 -1
ciMethod java/util/Set iterator ()Ljava/util/Iterator; 0 0 1 0 -1
ciMethod java/util/Properties <init> ()V 394 0 16693 0 512
ciMethod java/util/Properties <init> (Ljava/util/Properties;I)V 396 0 6566 0 960
ciMethod java/util/Hashtable <init> (Ljava/lang/Void;)V 652 0 6566 0 0
ciMethod java/util/Dictionary <init> ()V 512 0 11949 0 0
ciMethod java/util/Map values ()Ljava/util/Collection; 0 0 1 0 -1
ciMethod jdk/internal/misc/Unsafe storeFence ()V 256 0 128 0 -1
ciMethod jdk/internal/misc/Unsafe getReferenceAcquire (Ljava/lang/Object;J)Ljava/lang/Object; 590 0 5727 0 -1
ciMethod java/util/concurrent/ConcurrentHashMap entrySet ()Ljava/util/Set; 514 0 5394 0 352
ciMethod java/util/concurrent/ConcurrentHashMap put (Ljava/lang/Object;Ljava/lang/Object;)Ljava/lang/Object; 514 0 24406 0 96
ciMethod java/util/concurrent/ConcurrentHashMap <init> (I)V 512 0 7458 0 0
ciMethod java/util/concurrent/ConcurrentHashMap <init> (IFI)V 532 0 5387 0 448
ciMethod java/util/concurrent/ConcurrentHashMap tableSizeFor (I)I 520 0 6255 0 0
ciMethod java/util/concurrent/ConcurrentHashMap spread (I)I 570 0 45745 0 -1
ciMethod java/util/concurrent/ConcurrentHashMap tabAt ([Ljava/util/concurrent/ConcurrentHashMap$Node;I)Ljava/util/concurrent/ConcurrentHashMap$Node; 580 0 5727 0 64
ciMethod java/util/concurrent/ConcurrentHashMap putVal (Ljava/lang/Object;Ljava/lang/Object;Z)Ljava/lang/Object; 1024 20 7573 0 -1
ciMethod java/util/concurrent/ConcurrentHashMap initTable ()[Ljava/util/concurrent/ConcurrentHashMap$Node; 16 0 5129 0 -1
ciMethod java/util/concurrent/ConcurrentHashMap casTabAt ([Ljava/util/concurrent/ConcurrentHashMap$Node;ILjava/util/concurrent/ConcurrentHashMap$Node;Ljava/util/concurrent/ConcurrentHashMap$Node;)Z 1024 0 1567 0 -1
ciMethod java/util/concurrent/ConcurrentHashMap helpTransfer ([Ljava/util/concurrent/ConcurrentHashMap$Node;Ljava/util/concurrent/ConcurrentHashMap$Node;)[Ljava/util/concurrent/ConcurrentHashMap$Node; 0 0 1 0 -1
ciMethod java/util/concurrent/ConcurrentHashMap treeifyBin ([Ljava/util/concurrent/ConcurrentHashMap$Node;I)V 0 0 1 0 -1
ciMethod java/util/concurrent/ConcurrentHashMap addCount (JI)V 1024 0 5649 0 -1
ciMethod java/util/ArrayList listIterator ()Ljava/util/ListIterator; 514 0 19539 0 192
ciMethod java/util/ArrayList set (ILjava/lang/Object;)Ljava/lang/Object; 512 0 5804 0 -1
ciMethod java/util/ArrayList iterator ()Ljava/util/Iterator; 768 0 41939 0 192
ciMethod java/util/ArrayList <init> ()V 492 0 2222978 0 256
ciMethod java/util/Iterator hasNext ()Z 0 0 1 0 -1
ciMethod java/util/Iterator next ()Ljava/lang/Object; 0 0 1 0 -1
ciMethod java/lang/Object <init> ()V 1024 0 13113872 0 128
ciInstanceKlass org/codehaus/plexus/util/xml/Xpp3Dom 1 1 371 7 1 10 7 12 1 1 1 9 12 1 1 7 1 10 9 12 1 1 10 12 1 9 12 1 1 10 12 1 1 10 12 1 10 12 1 1 10 12 1 10 12 1 10 12 1 10 12 1 1 10 12 1 1 10 12 1 1 10 12 1 1 10 12 1 10 12 1 9 12 1 9 12 1 1 11 7 12 1 1 1 9 12 1 1 11 12 1 1 11 7 12 1 1 1 100 11 12 1 1 7 1 10 100 12 1 1 11 12 1 100 1 8 1 10 8 1 7 1 10 11 12 1 1 11 7 12 1 1 11 12 1 11 12 1 1 11 7 12 1 1 11 12 1 1 10 12 1 1 10 12 1 11 12 1 11 9 12 1 1 11 7 10 12 1 1 10 7 12 1 1 1 11 12 1 1 11 7 12 1 1 11 12 1 10 11 12 11 12 9 12 1 1 7 1 10 12 1 10 7 12 1 1 1 10 12 1 100 1 8 1 8 1 10 10 12 1 10 12 1 1 11 10 100 12 1 1 8 1 8 1 10 12 1 1 11 12 1 11 12 1 8 10 12 1 10 12 1 1 11 11 10 12 1 11 11 7 1 10 7 1 8 1 10 12 1 10 12 1 10 12 1 10 12 1 10 12 1 100 1 1 1 1 5 0 1 1 1 1 1 8 1 1 1 1 1 1 1 1 1 1 1 1 1 1 1 1 1 1 1 1 1 1 1 1 1 1 1 1 1 1 1 1 1 1 1 1 1 1 1 1 1 1 1 1 1 1 1 1 1 1 1 1 1 1 1 1 1 1 1 1 1 1 1 1 1 1 1 1 1 1 1 1 1 1 1 1 1 1 1
staticfield org/codehaus/plexus/util/xml/Xpp3Dom EMPTY_STRING_ARRAY [Ljava/lang/String; 0 [Ljava/lang/String;
staticfield org/codehaus/plexus/util/xml/Xpp3Dom EMPTY_DOM_ARRAY [Lorg/codehaus/plexus/util/xml/Xpp3Dom; 0 [Lorg/codehaus/plexus/util/xml/Xpp3Dom;
instanceKlass java/nio/file/ClosedDirectoryStreamException
instanceKlass java/nio/file/ClosedFileSystemException
instanceKlass org/eclipse/jgit/errors/NoWorkTreeException
instanceKlass java/nio/channels/OverlappingFileLockException
instanceKlass org/apache/http/conn/ssl/SSLInitializationException
instanceKlass java/util/concurrent/CancellationException
ciInstanceKlass java/lang/IllegalStateException 0 0 35 10 100 12 1 1 1 10 12 1 10 12 1 10 12 1 100 1 1 1 1 5 0 1 1 1 1 1 1 1 1 1 1 1 1
ciInstanceKlass java/util/LinkedHashMap$LinkedValues 1 1 116 9 7 12 1 1 1 10 7 12 1 1 1 9 7 12 1 1 1 10 12 1 7 1 10 12 1 10 12 1 1 100 1 10 100 12 1 1 1 7 1 10 12 1 1 10 12 1 100 1 10 9 12 1 9 12 1 1 9 100 12 1 1 1 11 100 12 1 1 1 9 12 1 100 1 10 1 1 1 1 1 1 1 1 1 1 1 1 1 1 1 1 1 1 1 1 1 1 1 1 1 1 1 1 1 1 1 1 1 1 1 1 1 1 1 1
ciInstanceKlass java/util/LinkedHashMap$LinkedValueIterator 1 1 46 9 7 12 1 1 1 10 7 12 1 1 1 10 12 1 1 9 7 12 1 1 1 100 1 1 1 1 1 1 1 1 1 1 1 1 1 1 1 1 100 1 1 1 1 1
instanceKlass org/objectweb/asm/MethodTooLargeException
instanceKlass org/objectweb/asm/ClassTooLargeException
instanceKlass java/lang/ArrayIndexOutOfBoundsException
instanceKlass java/lang/StringIndexOutOfBoundsException
ciInstanceKlass java/lang/IndexOutOfBoundsException 1 0 49 10 100 12 1 1 1 10 12 1 100 1 10 8 1 10 12 1 1 10 12 1 10 12 1 1 10 12 1 100 1 1 1 1 5 0 1 1 1 1 1 1 1 1 1 1 1 1 1
ciInstanceKlass java/util/ArrayList$ListItr 1 1 93 9 7 12 1 1 1 10 7 12 1 1 1 9 12 1 1 10 12 1 1 100 1 10 12 9 7 12 1 1 1 100 1 10 9 12 1 100 1 10 10 12 1 1 100 1 10 12 1 1 9 12 1 9 12 1 100 1 1 1 1 1 1 1 1 1 1 1 1 1 1 1 1 1 1 1 100 1 1 1 1 1 1 1 1 1 1 1 1 1 1 1 1
ciInstanceKlass java/util/NoSuchElementException 0 0 34 10 100 12 1 1 1 10 12 1 10 12 1 10 12 1 100 1 1 1 1 5 0 1 1 1 1 1 1 1 1 1 1 1
instanceKlass java/nio/file/DirectoryIteratorException
ciInstanceKlass java/util/ConcurrentModificationException 0 0 34 10 100 12 1 1 1 10 12 1 10 12 1 10 12 1 100 1 1 1 1 5 0 1 1 1 1 1 1 1 1 1 1 1
ciInstanceKlass org/apache/maven/model/Dependency 1 1 281 10 7 12 1 1 1 8 1 9 7 12 1 1 1 10 12 1 1 11 7 12 1 1 1 10 12 1 1 9 12 1 1 7 1 10 11 12 1 1 11 7 12 1 1 1 11 12 1 7 1 10 12 1 9 12 1 1 100 1 10 12 1 100 1 100 1 7 1 10 10 12 1 1 10 100 12 1 1 1 10 12 1 1 8 1 10 12 1 10 12 1 10 12 1 1 100 1 9 12 1 9 12 1 9 12 1 7 1 10 12 1 1 8 1 10 12 1 8 8 8 1 8 8 8 1 8 1 8 8 1 9 12 1 1 9 12 1 9 12 1 9 12 1 9 12 1 9 12 1 9 12 1 9 12 1 9 12 1 9 12 1 10 12 1 1 9 12 10 12 1 1 10 11 100 12 1 1 1 11 12 1 1 100 1 9 12 9 12 9 12 11 12 1 10 7 12 1 1 1 10 12 1 1 8 1 8 1 8 1 8 1 8 1 9 12 1 8 1 10 12 1 100 1 100 1 100 1 1 1 1 1 1 1 1 1 1 1 1 1 1 1 1 1 1 1 1 1 1 1 1 1 1 1 1 1 1 1 1 1 1 1 1 1 1 1 1 1 1 1 1 1 1 1 1 1 1 100 1 1 1
ciInstanceKlass org/apache/maven/model/Model 1 1 402 10 7 12 1 1 1 8 1 9 7 12 1 1 1 8 1 9 12 1 10 12 1 1 11 7 12 1 1 1 10 12 1 10 12 1 10 12 1 10 12 1 10 12 1 1 9 12 1 1 10 7 12 1 1 9 12 1 1 10 7 12 1 1 9 12 1 1 7 1 10 11 12 1 1 11 7 12 1 1 1 11 12 1 1 7 1 10 12 1 9 12 1 7 1 10 12 1 9 12 1 7 1 10 12 1 9 12 1 7 1 10 12 1 9 12 1 1 10 7 12 1 1 9 12 1 1 10 7 12 1 1 9 12 1 1 10 7 12 1 1 9 12 1 1 10 7 12 1 1 9 12 1 1 10 7 12 1 1 9 12 1 7 1 10 12 1 10 12 1 1 100 1 100 1 7 1 10 10 100 12 1 1 1 10 100 12 1 1 1 10 12 1 1 8 1 10 12 1 10 12 1 10 12 1 1 100 1 9 12 1 9 12 1 9 12 1 9 12 1 9 12 1 9 12 1 9 12 1 9 12 1 9 12 1 11 12 1 9 12 1 1 10 7 12 1 1 1 10 12 1 10 12 1 10 12 1 8 1 8 1 10 12 1 10 12 1 10 12 1 10 12 1 10 100 12 1 1 1 10 100 12 1 1 1 10 12 1 100 1 100 1 1 1 1 1 1 1 1 1 1 1 1 1 1 1 1 1 1 1 1 1 1 1 1 1 1 1 1 1 1 1 1 1 1 1 1 1 1 1 1 1 1 1 1 1 1 1 1 1 1 1 1 1 1 1 1 1 1 1 1 1 1 1 1 1 1 1 1 1 1 1 1 1 1 1 1 1 1 1 1 1 1 1 1 1 1 1 1 1 1 1 1 1 1 1 1 1 1 1 1 1 1 1 1 1 1 1 7 1 1 1
instanceKlass org/apache/maven/model/ReportPlugin
instanceKlass org/apache/maven/model/ReportSet
instanceKlass org/apache/maven/model/PluginExecution
instanceKlass org/apache/maven/model/Plugin
ciInstanceKlass org/apache/maven/model/ConfigurationContainer 1 1 167 10 7 12 1 1 1 9 7 12 1 1 1 10 12 1 1 9 12 1 1 7 1 10 12 1 9 12 1 1 7 1 10 12 1 100 1 100 1 100 1 10 10 12 1 1 10 100 12 1 1 1 10 12 1 1 8 1 10 12 1 10 12 1 10 12 1 1 100 1 9 12 1 1 7 1 10 12 1 1 8 1 10 12 1 1 8 8 9 12 1 1 9 12 1 9 12 1 10 12 1 1 10 12 1 1 10 11 7 12 1 1 1 11 12 1 1 7 1 10 100 12 1 1 1 10 12 1 1 10 12 1 100 1 100 1 100 1 1 1 1 1 1 1 1 1 1 1 1 1 1 1 1 1 1 1 1 1 1 1 1 1 1 100 1 1 1
instanceKlass org/apache/maven/model/Profile
instanceKlass org/apache/maven/model/Model
ciInstanceKlass org/apache/maven/model/ModelBase 1 1 320 10 7 12 1 1 1 10 7 12 1 1 1 11 7 12 1 1 1 10 12 1 10 12 1 10 12 1 1 10 7 12 1 1 1 10 12 1 10 12 1 1 9 12 1 1 7 1 10 11 12 1 1 9 12 1 1 10 7 12 1 1 9 12 1 1 10 9 12 1 1 10 7 12 1 1 9 12 1 11 12 1 1 11 7 12 1 1 1 11 12 1 7 1 10 12 1 9 12 1 7 1 10 12 1 9 12 1 9 12 1 1 100 1 10 12 1 9 12 1 1 10 7 12 1 1 9 12 1 1 7 1 10 12 1 100 1 100 1 100 1 10 10 12 1 1 10 100 12 1 1 1 10 12 1 1 8 1 10 12 1 10 12 1 10 12 1 1 100 1 7 1 10 12 1 1 8 1 10 12 1 8 8 8 8 8 8 8 8 8 9 12 1 1 9 12 1 9 12 1 9 12 1 9 12 1 9 12 1 9 12 1 9 12 1 9 12 1 9 12 1 10 12 1 1 10 12 1 1 10 11 7 1 11 12 1 1 7 1 10 11 12 1 10 12 1 100 1 100 1 100 1 1 1 1 1 1 1 1 1 1 1 1 1 1 1 1 1 1 1 1 1 1 1 1 1 1 1 1 1 1 1 1 1 1 1 1 1 1 1 1 1 1 1 1 1 1 1 1 1 1 1 1 1 1 1 1 1 1 1 1 1 1 1 1 1 7 1 1 1
ciInstanceKlass org/apache/maven/model/RepositoryPolicy 1 1 165 10 7 12 1 1 1 10 12 1 1 7 1 9 12 1 1 100 1 10 12 1 100 1 100 1 100 1 10 10 12 1 1 10 100 12 1 1 1 10 12 1 1 8 1 10 12 1 10 12 1 10 12 1 1 100 1 9 12 1 1 9 12 1 7 1 10 12 1 1 8 1 10 12 1 1 8 8 1 8 9 12 1 1 9 12 1 9 12 1 9 12 1 10 12 1 1 10 12 1 1 10 11 100 12 1 1 1 11 12 1 1 100 1 9 12 10 7 12 1 1 1 10 12 1 1 10 12 1 100 1 100 1 100 1 1 1 1 1 1 1 1 1 1 1 1 1 1 1 1 1 1 1 1 1 1 1 1 1 1 1 100 1 1 1
instanceKlass org/apache/maven/model/Repository
ciInstanceKlass org/apache/maven/model/RepositoryBase 1 1 177 10 7 12 1 1 1 8 1 9 7 12 1 1 1 10 12 1 1 9 12 1 1 7 1 10 12 1 100 1 100 1 100 1 10 10 12 1 1 10 100 12 1 1 1 10 12 1 1 8 1 10 12 1 10 12 1 10 12 1 1 100 1 10 12 1 10 7 12 1 1 1 9 12 1 10 12 1 1 8 1 8 8 1 8 1 8 9 12 1 1 9 12 1 9 12 1 9 12 1 9 12 1 10 12 1 1 9 12 10 12 1 1 10 11 7 12 1 1 1 11 12 1 1 100 1 9 12 10 12 1 8 1 8 1 10 12 1 100 1 100 1 100 1 1 1 1 1 1 1 1 1 1 1 1 1 1 1 1 1 1 1 1 1 1 1 1 1 1 1 1 1 1 100 1 1 1
instanceKlass org/apache/maven/model/DeploymentRepository
ciInstanceKlass org/apache/maven/model/Repository 1 1 89 10 7 12 1 1 1 10 12 1 1 7 1 9 12 1 1 10 7 12 1 1 9 12 1 100 1 100 1 100 1 10 10 100 12 1 1 1 10 100 12 1 1 1 10 12 1 1 8 1 10 12 1 10 12 1 10 12 1 1 100 1 10 12 1 100 1 100 1 1 1 1 1 1 1 1 1 1 1 1 1 1 1 1 1 100 1 1 1
ciInstanceKlass org/apache/maven/model/DeploymentRepository 1 1 81 10 7 12 1 1 1 9 7 12 1 1 1 10 12 1 1 100 1 100 1 100 1 10 10 100 12 1 1 1 10 100 12 1 1 1 10 12 1 1 8 1 10 12 1 10 12 1 10 12 1 1 100 1 10 12 1 100 1 100 1 1 1 1 1 1 1 1 1 1 1 1 1 1 1 1 1 100 1 1 1
instanceKlass org/apache/maven/model/Build
ciInstanceKlass org/apache/maven/model/BuildBase 1 1 171 10 7 12 1 1 1 10 7 12 1 1 1 11 7 12 1 1 1 10 12 1 10 12 1 10 12 1 1 9 12 1 1 7 1 10 11 12 1 1 11 7 12 1 1 1 11 12 1 1 7 1 10 12 1 9 12 1 9 12 1 11 12 1 1 100 1 100 1 100 1 10 10 100 12 1 1 1 10 100 12 1 1 1 10 12 1 1 8 1 10 12 1 10 12 1 10 12 1 1 100 1 9 12 1 1 9 12 1 9 12 1 11 12 1 8 1 10 8 1 10 12 1 100 1 100 1 1 1 1 1 1 1 1 1 1 1 1 1 1 1 1 1 1 1 1 1 1 1 1 1 1 1 1 1 1 1 1 1 1 1 1 1 1 1 1 1 7 1 1 1
ciInstanceKlass org/apache/maven/model/Build 1 1 156 10 7 12 1 1 1 10 7 12 1 1 1 11 7 12 1 1 1 10 12 1 1 9 12 1 1 7 1 10 11 12 1 1 11 7 12 1 1 1 11 12 1 1 7 1 10 12 1 100 1 100 1 100 1 10 10 100 12 1 1 1 10 100 12 1 1 1 10 12 1 1 8 1 10 12 1 10 12 1 10 12 1 1 100 1 9 12 1 1 9 12 1 9 12 1 9 12 1 9 12 1 11 12 1 8 1 10 8 1 10 12 1 100 1 100 1 1 1 1 1 1 1 1 1 1 1 1 1 1 1 1 1 1 1 1 1 1 1 1 1 1 1 1 1 1 1 1 1 1 1 1 7 1 1 1
ciInstanceKlass org/apache/maven/model/ReportSet 1 1 116 10 7 12 1 1 1 8 1 9 7 12 1 1 1 10 12 1 1 11 7 12 1 1 1 10 12 1 1 9 12 1 1 7 1 10 11 12 1 1 100 1 100 1 100 1 10 10 100 12 1 1 1 10 100 12 1 1 1 10 12 1 1 8 1 10 12 1 10 12 1 10 12 1 1 100 1 11 12 1 10 12 1 10 12 1 100 1 100 1 1 1 1 1 1 1 1 1 1 1 1 1 1 1 1 1 1 1 1 1 1 1 100 1 1 1
ciInstanceKlass org/apache/maven/model/ReportPlugin 1 1 172 10 7 12 1 1 1 8 1 9 7 12 1 1 1 9 12 1 1 10 12 1 1 11 7 12 1 1 1 10 12 1 1 9 12 1 1 7 1 10 11 12 1 1 11 7 12 1 1 1 11 12 1 1 7 1 10 12 1 100 1 100 1 7 1 10 10 100 12 1 1 1 10 100 12 1 1 1 10 12 1 1 8 1 10 12 1 10 12 1 10 12 1 1 100 1 9 12 1 9 12 1 11 12 1 100 1 10 10 12 1 11 100 12 1 1 1 10 12 1 1 8 1 10 12 1 100 1 100 1 1 1 1 1 1 1 1 1 1 1 1 1 1 1 1 1 1 1 1 1 1 1 1 1 1 1 1 1 1 1 1 1 1 1 1 1 1 1 100 1 1 1
ciInstanceKlass org/apache/maven/model/Reporting 1 1 222 10 7 12 1 1 1 10 7 12 1 1 1 11 7 12 1 1 1 10 12 1 1 9 12 1 1 7 1 10 11 12 1 1 11 7 12 1 1 1 11 12 1 7 1 10 12 1 9 12 1 1 100 1 10 12 1 100 1 100 1 100 1 10 10 12 1 1 10 100 12 1 1 1 10 12 1 1 8 1 10 12 1 10 12 1 10 12 1 1 100 1 9 12 1 1 7 1 10 12 1 1 8 1 10 12 1 8 8 1 8 9 12 1 1 9 12 1 9 12 1 9 12 1 10 12 1 1 10 12 1 1 10 11 100 12 1 1 1 11 12 1 1 100 1 9 12 11 12 1 10 100 12 1 1 1 10 12 1 1 9 12 1 10 12 1 10 12 1 100 1 100 1 100 1 1 1 1 1 1 1 1 1 1 1 1 1 1 1 1 1 1 1 1 1 1 1 1 1 1 1 1 1 1 1 1 1 1 1 1 1 1 1 1 1 1 1 1 7 1 1 1
ciInstanceKlass org/apache/maven/model/Profile 1 1 126 10 7 12 1 1 1 8 1 9 7 12 1 1 1 8 1 9 12 1 10 12 1 1 9 12 1 1 10 7 12 1 1 9 12 1 1 10 7 12 1 1 100 1 100 1 100 1 10 10 100 12 1 1 1 10 100 12 1 1 1 10 12 1 1 8 1 10 12 1 10 12 1 10 12 1 1 100 1 8 1 10 12 1 8 1 10 12 1 8 1 10 12 1 100 1 100 1 1 1 1 8 1 1 1 1 1 1 1 1 1 1 1 1 1 1 1 1 1 1 1 1 100 1 1 1
ciInstanceKlass org/apache/maven/model/Activation 1 1 193 10 7 12 1 1 1 9 7 12 1 1 1 10 12 1 1 9 12 1 1 10 7 12 1 1 9 12 1 1 10 7 12 1 1 9 12 1 1 10 7 12 1 1 9 12 1 1 100 1 10 12 1 100 1 100 1 100 1 10 10 12 1 1 10 100 12 1 1 1 10 12 1 1 8 1 10 12 1 10 12 1 10 12 1 1 100 1 9 12 1 1 7 1 10 12 1 1 8 1 10 12 1 1 8 8 8 8 8 9 12 1 1 9 12 1 9 12 1 9 12 1 9 12 1 9 12 1 10 12 1 1 10 12 1 1 10 11 100 12 1 1 1 11 12 1 1 100 1 10 12 1 100 1 100 1 100 1 1 1 1 1 1 1 1 1 1 1 1 1 1 1 1 1 1 1 1 1 1 1 1 1 1 1 1 1 1 1 1 100 1 1 1
ciInstanceKlass org/apache/maven/model/interpolation/StringVisitorModelInterpolator$InnerInterpolator 1 0 13 100 1 100 1 1 1 1 1 1 100 1 1
ciInstanceKlass org/apache/maven/model/Relocation 0 0 160 10 100 12 1 1 1 10 12 1 1 100 1 9 12 1 1 100 1 10 12 1 100 1 100 1 100 1 10 10 12 1 1 10 100 12 1 1 1 10 12 1 1 8 1 10 12 1 10 12 1 10 12 1 1 100 1 9 12 1 1 9 12 1 100 1 10 12 1 1 8 1 10 12 1 1 8 8 8 1 8 1 9 12 1 1 9 12 1 9 12 1 9 12 1 9 12 1 10 12 1 1 9 12 10 12 1 1 10 11 100 12 1 1 1 11 12 1 1 100 1 9 12 10 12 1 100 1 100 1 100 1 1 1 1 1 1 1 1 1 1 1 1 1 1 1 1 1 1 1 1 1 1 1 1 1 100 1 1 1
instanceKlass org/apache/maven/model/Developer
ciInstanceKlass org/apache/maven/model/Contributor 1 1 241 10 7 12 1 1 1 10 7 12 1 1 1 10 7 12 1 1 1 10 12 1 1 11 7 12 1 1 1 10 12 1 1 9 12 1 1 7 1 10 11 12 1 1 9 12 1 1 10 9 12 1 1 7 1 10 12 1 100 1 100 1 100 1 10 10 12 1 1 10 100 12 1 1 1 10 12 1 1 8 1 10 12 1 10 12 1 10 12 1 1 100 1 9 12 1 1 7 1 10 12 1 1 8 1 10 12 1 8 1 8 8 1 8 1 8 1 8 8 1 8 9 12 1 1 9 12 1 9 12 1 9 12 1 9 12 1 9 12 1 9 12 1 9 12 1 9 12 1 10 12 1 1 9 12 9 12 9 12 10 12 1 1 10 11 7 1 11 12 1 1 100 1 10 9 12 9 12 11 12 1 8 1 8 1 8 1 10 12 1 100 1 100 1 100 1 1 1 1 1 1 1 1 1 1 1 1 1 1 1 1 1 1 1 1 1 1 1 1 1 1 1 1 1 1 1 1 1 1 1 1 1 1 1 1 1 1 100 1 1 1
ciInstanceKlass org/apache/maven/model/Developer 1 1 85 10 7 12 1 1 1 10 12 1 1 7 1 100 1 100 1 100 1 10 10 100 12 1 1 1 10 100 12 1 1 1 10 12 1 1 8 1 10 12 1 10 12 1 10 12 1 1 100 1 9 12 1 1 8 1 8 1 10 8 1 10 12 1 100 1 100 1 1 1 1 1 1 1 1 1 1 1 1 1 1 100 1 1 1
ciInstanceKlass org/apache/maven/model/License 1 1 165 10 7 12 1 1 1 10 12 1 1 7 1 9 12 1 1 100 1 10 12 1 100 1 100 1 100 1 10 10 12 1 1 10 100 12 1 1 1 10 12 1 1 8 1 10 12 1 10 12 1 10 12 1 1 100 1 9 12 1 1 9 12 1 7 1 10 12 1 1 8 1 10 12 1 1 8 1 8 1 8 8 9 12 1 1 9 12 1 9 12 1 9 12 1 9 12 1 10 12 1 1 9 12 10 12 1 1 10 11 100 12 1 1 1 11 12 1 1 100 1 9 12 8 1 8 1 8 1 10 12 1 100 1 100 1 100 1 1 1 1 1 1 1 1 1 1 1 1 1 1 1 1 1 1 1 1 1 1 1 1 100 1 1 1
ciInstanceKlass org/apache/maven/model/Scm 1 1 209 10 7 12 1 1 1 8 1 9 7 12 1 1 1 10 12 1 1 9 12 1 1 100 1 10 12 1 100 1 100 1 100 1 10 10 12 1 1 10 100 12 1 1 1 10 12 1 1 8 1 10 12 1 10 12 1 10 12 1 1 100 1 9 12 1 9 12 1 9 12 1 9 12 1 9 12 1 7 1 10 12 1 1 8 1 10 12 1 1 8 8 8 8 1 8 8 8 9 12 1 1 9 12 1 9 12 1 9 12 1 9 12 1 9 12 1 9 12 1 9 12 1 10 12 1 1 10 12 1 1 10 11 100 12 1 1 1 11 12 1 1 100 1 9 12 10 100 12 1 1 1 10 12 1 1 8 1 8 1 10 12 1 100 1 100 1 100 1 1 1 1 1 1 1 1 1 1 1 1 1 1 1 1 1 1 1 1 1 1 1 1 1 1 1 1 1 1 1 1 1 1 1 1 1 7 1 1 1
ciInstanceKlass org/apache/maven/model/DistributionManagement 1 1 199 10 7 12 1 1 1 10 12 1 1 7 1 9 12 1 1 10 7 12 1 1 9 12 1 9 12 1 1 10 7 12 1 1 9 12 1 1 10 100 12 1 1 9 12 1 1 100 1 10 12 1 100 1 100 1 100 1 10 10 12 1 1 10 100 12 1 1 1 10 12 1 1 8 1 10 12 1 10 12 1 10 12 1 1 100 1 9 12 1 1 7 1 10 12 1 1 8 1 10 12 1 1 8 8 8 8 8 8 1 9 12 1 1 9 12 1 9 12 1 9 12 1 9 12 1 9 12 1 9 12 1 10 12 1 1 10 12 1 1 10 11 100 12 1 1 1 11 12 1 1 100 1 9 12 10 12 1 100 1 100 1 100 1 1 1 1 1 1 1 1 1 1 1 1 1 1 1 1 1 1 1 1 1 1 1 1 1 1 1 1 1 1 1 1 100 1 1 1
ciInstanceKlass org/apache/maven/model/DependencyManagement 1 1 176 10 7 12 1 1 1 10 7 12 1 1 1 11 7 12 1 1 1 10 12 1 1 9 12 1 1 7 1 10 11 12 1 1 11 7 12 1 1 1 11 12 1 7 1 10 12 1 9 12 1 1 100 1 10 12 1 100 1 100 1 100 1 10 10 12 1 1 10 100 12 1 1 1 10 12 1 1 8 1 10 12 1 10 12 1 10 12 1 1 100 1 7 1 10 12 1 1 8 1 10 12 1 8 9 12 1 1 9 12 1 10 12 1 1 10 12 1 1 10 11 100 12 1 1 1 11 12 1 1 100 1 11 12 1 10 12 1 100 1 100 1 100 1 1 1 1 1 1 1 1 1 1 1 1 1 1 1 1 1 1 1 1 1 1 1 1 1 1 1 1 1 100 1 1 1
ciInstanceKlass org/apache/maven/model/Exclusion 1 1 142 10 7 12 1 1 1 10 12 1 1 7 1 9 12 1 1 100 1 10 12 1 100 1 100 1 100 1 10 10 12 1 1 10 100 12 1 1 1 10 12 1 1 8 1 10 12 1 10 12 1 10 12 1 1 100 1 9 12 1 1 9 12 1 7 1 10 12 1 1 8 1 10 12 1 1 8 8 9 12 1 1 9 12 1 9 12 1 10 12 1 1 10 12 1 1 10 11 100 12 1 1 1 11 12 1 1 100 1 10 12 1 100 1 100 1 100 1 1 1 1 1 1 1 1 1 1 1 1 1 1 1 1 1 1 1 1 1 100 1 1 1
ciInstanceKlass org/apache/maven/model/Organization 1 1 147 10 7 12 1 1 1 10 12 1 1 7 1 9 12 1 1 100 1 10 12 1 100 1 100 1 100 1 10 10 12 1 1 10 100 12 1 1 1 10 12 1 1 8 1 10 12 1 10 12 1 10 12 1 1 100 1 7 1 10 12 1 1 8 1 10 12 1 1 8 1 8 1 9 12 1 1 9 12 1 9 12 1 10 12 1 1 9 12 1 10 12 1 1 10 11 100 12 1 1 1 11 12 1 1 100 1 9 12 8 1 8 1 8 1 10 12 1 100 1 100 1 100 1 1 1 1 1 1 1 1 1 1 1 1 1 1 1 1 1 1 1 1 7 1 1 1
ciInstanceKlass org/apache/maven/model/IssueManagement 1 1 148 10 7 12 1 1 1 10 12 1 1 7 1 9 12 1 1 100 1 10 12 1 100 1 100 1 100 1 10 10 12 1 1 10 100 12 1 1 1 10 12 1 1 8 1 10 12 1 10 12 1 10 12 1 1 100 1 7 1 10 12 1 1 8 1 10 12 1 1 8 1 8 1 9 12 1 1 9 12 1 9 12 1 10 12 1 1 10 12 1 1 10 11 100 12 1 1 1 11 12 1 1 100 1 9 12 1 9 12 8 1 8 1 8 1 10 12 1 100 1 100 1 100 1 1 1 1 1 1 1 1 1 1 1 1 1 1 1 1 1 1 1 1 1 100 1 1 1
ciInstanceKlass org/apache/maven/model/interpolation/StringVisitorModelInterpolator$1 1 1 121 9 7 12 1 1 1 9 12 1 1 9 12 1 1 9 12 1 1 9 12 1 1 10 7 12 1 1 1 8 1 10 7 12 1 1 1 11 7 12 1 1 1 10 7 12 1 1 1 100 1 100 1 9 100 12 1 1 1 9 100 12 1 1 1 10 12 1 10 12 1 1 10 12 1 1 10 12 1 1 11 100 12 1 1 1 11 12 1 1 100 1 1 1 1 1 1 1 1 1 1 1 1 1 1 1 1 1 1 1 100 1 12 1 1 1 100 1 1 1 1
ciInstanceKlass org/apache/maven/model/interpolation/StringVisitorModelInterpolator$ModelVisitor 1 1 1068 10 7 12 1 1 1 9 7 12 1 1 1 10 12 1 1 10 7 12 1 1 1 10 12 1 1 10 12 1 1 10 12 1 1 10 12 1 10 12 1 10 12 1 10 12 1 10 12 1 10 12 1 10 12 1 10 12 1 10 12 1 10 12 1 10 12 1 10 12 1 10 12 1 10 12 1 10 12 1 10 12 1 10 12 1 10 12 1 10 12 1 10 12 1 1 10 12 1 10 12 1 1 11 7 12 1 1 1 11 7 12 1 1 1 11 12 1 1 7 1 10 12 1 10 12 1 7 1 10 12 1 10 12 1 7 1 10 12 1 10 12 1 7 1 10 12 1 10 12 1 1 10 12 1 10 12 1 1 10 12 1 10 12 1 1 10 12 1 10 12 1 1 10 12 1 10 12 1 1 10 12 1 10 12 1 7 1 10 12 1 10 7 1 10 10 10 10 10 10 12 1 10 12 1 10 7 1 10 10 10 10 10 10 10 10 12 1 10 12 1 10 12 1 10 12 1 10 12 1 10 12 1 10 10 10 12 1 10 12 1 10 10 10 12 10 12 1 10 12 1 10 12 1 10 12 1 10 12 1 10 10 10 12 1 10 12 1 10 12 1 10 12 1 10 12 1 10 12 1 10 12 1 10 12 1 10 7 12 1 1 10 12 1 10 7 12 1 1 10 12 1 10 12 1 10 12 1 10 12 1 10 12 1 10 10 10 12 1 10 12 1 10 12 1 10 12 1 10 12 1 10 12 1 10 7 12 1 1 10 12 1 10 10 10 7 1 10 10 10 10 12 1 7 1 10 12 1 10 12 1 10 12 1 10 12 1 1 10 12 1 10 7 12 1 1 7 1 10 12 1 10 12 1 1 10 12 1 10 12 1 10 12 1 10 12 1 7 1 10 12 1 10 12 1 10 12 1 10 12 1 10 12 1 10 12 1 10 12 1 10 7 1 10 12 1 10 7 12 1 1 10 12 1 10 12 1 10 12 1 10 12 1 10 12 1 10 12 1 10 12 1 10 12 1 10 12 1 10 12 1 7 1 10 12 1 10 12 1 10 12 1 10 10 10 12 1 10 12 1 10 12 1 10 12 1 10 12 1 10 12 1 10 12 7 1 10 12 1 10 10 10 10 10 10 10 12 10 12 1 10 12 1 7 1 10 12 1 10 12 1 7 1 10 12 1 10 10 10 10 10 10 12 1 10 12 1 10 12 1 10 12 1 10 12 1 10 12 1 1 10 12 1 10 12 1 1 10 12 1 1 10 12 1 1 10 10 10 10 10 10 10 10 10 12 1 1 10 12 1 10 12 1 10 7 12 1 1 10 12 1 10 12 1 1 10 12 1 10 12 1 1 10 12 1 10 12 1 1 10 12 1 10 7 1 10 10 12 1 10 12 1 10 12 1 10 12 1 10 10 10 7 1 10 10 10 10 7 12 1 1 10 12 1 10 12 1 10 12 1 10 7 12 1 1 10 12 1 1 10 12 1 10 12 1 10 12 1 1 10 12 1 10 10 12 1 7 1 10 12 1 10 12 1 10 12 1 1 10 12 1 10 7 12 1 1 1 10 12 1 10 12 1 1 10 12 1 10 12 1 10 12 1 10 12 1 1 10 12 1 10 7 1 10 10 10 10 10 10 12 1 10 12 1 10 100 1 10 10 10 10 10 10 12 1 10 12 1 10 7 1 10 12 1 10 12 1 1 10 12 1 10 12 1 10 7 1 10 10 10 10 10 10 12 1 10 12 1 10 7 12 1 1 10 12 1 10 12 1 10 12 1 10 12 1 10 12 1 10 10 10 12 1 10 10 10 10 10 10 10 12 1 10 12 1 10 12 1 10 12 1 10 12 1 10 12 1 10 12 1 7 1 10 12 1 10 12 1 10 12 1 10 10 10 10 10 7 12 1 1 10 12 1 10 10 10 7 1 10 12 1 10 10 10 10 10 10 10 10 10 10 12 1 7 1 10 12 1 10 10 10 10 10 10 12 1 10 7 12 1 1 1 11 7 1 7 1 11 12 7 1 11 12 1 11 12 1 1 11 7 1 11 11 12 1 1 11 7 1 1 1 1 1 1 1 1 1 1 1 1 1 1 1 1 1 1 1 1 1 1 1 1 1 1 1 1 1 1 1 1 1 1 1 1 1 1 1 1 1 1 1 1 1 1 1 1 1 1 1 1 1 1 1 1 1 1 1 1 1 1 1 1 1 1 1 1 1 1 1 1 1 1 1 1 1 1 1 100 1 1 1 1 1 1 1 1 1 1 1 1 1 1 1 1 1 1 1 1 1 1 1 1 1 1 1 1 1 1 1 1 1 1 1 1 1 1 1 1 1 1 1 1 1 1 1 1 1 1 1 1 1 1 1 1 1 1 1 1 1 1 1 100 1 1 1 100 1 1
ciInstanceKlass org/apache/maven/model/Parent 1 1 180 10 7 12 1 1 1 8 1 9 7 12 1 1 1 10 12 1 1 9 12 1 1 100 1 10 12 1 100 1 100 1 100 1 10 10 12 1 1 10 100 12 1 1 1 10 12 1 1 8 1 10 12 1 10 12 1 10 12 1 1 100 1 9 12 1 9 12 1 7 1 10 12 1 1 8 1 10 12 1 1 8 8 8 1 8 9 12 1 1 9 12 1 9 12 1 9 12 1 9 12 1 10 12 1 1 10 12 1 1 10 11 100 12 1 1 1 11 12 1 1 100 1 9 12 10 12 1 10 12 1 8 1 10 12 1 8 1 10 12 1 10 12 1 10 12 1 100 1 100 1 100 1 1 1 1 1 1 1 1 1 1 1 1 1 1 1 1 1 1 1 1 1 1 1 1 7 1 1 1
ciInstanceKlass org/apache/maven/model/MailingList 1 1 210 10 7 12 1 1 1 10 7 12 1 1 1 11 7 12 1 1 1 10 12 1 1 9 12 1 1 7 1 10 11 12 1 1 9 12 1 1 100 1 10 12 1 100 1 100 1 100 1 10 10 12 1 1 10 100 12 1 1 1 10 12 1 1 8 1 10 12 1 10 12 1 10 12 1 1 100 1 9 12 1 1 7 1 10 12 1 1 8 1 10 12 1 8 1 8 1 8 1 8 1 8 8 9 12 1 1 9 12 1 9 12 1 9 12 1 9 12 1 9 12 1 9 12 1 10 12 1 1 9 12 10 12 1 1 10 11 100 12 1 1 1 11 12 1 1 100 1 9 12 9 12 9 12 11 12 1 8 1 8 1 8 1 10 12 1 100 1 100 1 100 1 1 1 1 1 1 1 1 1 1 1 1 1 1 1 1 1 1 1 1 1 1 1 1 1 1 1 1 1 1 1 1 1 1 1 100 1 1 1
ciInstanceKlass org/apache/maven/model/Prerequisites 1 1 135 10 7 12 1 1 1 8 1 9 7 12 1 1 1 10 12 1 1 9 12 1 1 100 1 10 12 1 100 1 100 1 100 1 10 10 12 1 1 10 100 12 1 1 1 10 12 1 1 8 1 10 12 1 10 12 1 10 12 1 1 100 1 7 1 10 12 1 1 8 1 10 12 1 1 8 9 12 1 1 9 12 1 10 12 1 1 10 12 1 1 10 11 100 12 1 1 1 11 12 1 1 100 1 10 12 1 100 1 100 1 100 1 1 1 1 1 1 1 1 1 1 1 1 1 1 1 1 1 1 1 7 1 1 1
ciInstanceKlass org/apache/maven/model/CiManagement 1 1 195 10 7 12 1 1 1 10 7 12 1 1 1 11 7 12 1 1 1 10 12 1 1 9 12 1 1 7 1 10 11 12 1 1 11 7 12 1 1 1 11 12 1 7 1 10 12 1 9 12 1 1 100 1 10 12 1 100 1 100 1 100 1 10 10 12 1 1 10 100 12 1 1 1 10 12 1 1 8 1 10 12 1 10 12 1 10 12 1 1 100 1 7 1 10 12 1 1 8 1 10 12 1 8 1 8 1 8 9 12 1 1 9 12 1 9 12 1 9 12 1 10 12 1 1 10 12 1 1 10 11 100 12 1 1 1 11 12 1 1 100 1 9 12 1 9 12 11 12 1 10 12 1 100 1 100 1 100 1 1 1 1 1 1 1 1 1 1 1 1 1 1 1 1 1 1 1 1 1 1 1 1 1 1 1 1 1 1 1 1 1 100 1 1 1
ciInstanceKlass org/apache/maven/model/merge/ModelMerger$MergingList 1 1 176 10 7 12 1 1 1 7 1 10 12 1 9 7 12 1 1 1 9 12 1 1 100 1 10 12 1 11 7 12 1 1 1 11 7 12 1 1 1 9 12 1 1 11 100 1 11 12 1 1 11 11 7 12 1 1 1 11 12 1 1 11 7 12 1 1 1 11 12 1 1 11 12 1 1 11 7 1 7 1 11 12 1 11 12 1 11 12 1 11 7 12 1 1 10 12 1 1 11 12 1 11 12 1 10 12 1 1 11 12 1 1 11 12 1 11 12 11 100 1 1 1 1 1 1 1 1 1 1 1 1 1 1 1 1 1 1 100 1 1 1 1 1 1 1 1 1 1 1 1 1 1 1 1 1 1 1 100 1 1 1 1 1 1 1 1 1 1 1 1 100 1 1 1 1 1
ciInstanceKlass org/apache/maven/model/Extension 1 1 171 10 7 12 1 1 1 10 12 1 1 7 1 9 12 1 1 100 1 10 12 1 100 1 100 1 100 1 10 10 12 1 1 10 100 12 1 1 1 10 12 1 1 8 1 10 12 1 10 12 1 10 12 1 1 100 1 9 12 1 1 9 12 1 7 1 10 12 1 1 8 1 10 12 1 1 8 8 8 1 9 12 1 1 9 12 1 9 12 1 9 12 1 10 12 1 1 10 12 1 1 10 11 100 12 1 1 1 11 12 1 1 100 1 9 12 10 12 1 10 12 1 1 10 12 1 10 12 1 10 10 12 1 100 1 100 1 100 1 1 1 1 1 1 1 1 1 1 1 1 1 1 1 1 1 1 1 1 1 1 1 1 1 1 1 1 1 100 1 1 1
ciInstanceKlass org/eclipse/aether/internal/impl/collect/DataPool$ConstraintKey 1 1 117 10 7 12 1 1 1 10 7 12 1 1 1 9 7 12 1 1 1 10 12 1 1 9 12 1 1 11 7 12 1 1 1 9 12 1 11 12 1 1 10 12 1 11 7 12 1 1 11 12 1 1 11 7 12 1 1 1 11 12 1 1 7 1 10 12 1 10 12 1 10 12 1 1 10 7 1 10 12 1 1 10 7 12 1 1 1 1 1 1 1 1 1 1 1 1 1 1 1 1 1 1 1 1 1 1 1 1 1 1 1 1 1 1 100 1 1
ciInstanceKlass org/apache/maven/model/Site 1 1 173 10 7 12 1 1 1 10 12 1 1 7 1 9 12 1 1 100 1 10 12 1 100 1 100 1 100 1 10 10 12 1 1 10 100 12 1 1 1 10 12 1 1 8 1 10 12 1 10 12 1 10 12 1 1 100 1 9 12 1 1 9 12 1 7 1 10 12 1 1 8 1 10 12 1 1 8 8 1 8 1 8 9 12 1 1 9 12 1 9 12 1 9 12 1 9 12 1 10 12 1 1 9 12 10 12 1 1 10 11 100 12 1 1 1 11 12 1 1 100 1 9 12 10 100 12 1 1 1 10 12 1 1 10 12 1 100 1 100 1 100 1 1 1 1 1 1 1 1 1 1 1 1 1 1 1 1 1 1 1 1 1 1 1 1 1 1 1 1 100 1 1 1
ciInstanceKlass org/apache/maven/model/Notifier 1 1 205 10 7 12 1 1 1 8 1 9 7 12 1 1 1 9 12 1 1 9 12 1 9 12 1 9 12 1 10 12 1 1 10 7 12 1 1 1 10 12 1 1 9 12 1 1 10 9 12 1 1 100 1 10 12 1 100 1 100 1 100 1 10 10 12 1 1 10 100 12 1 1 1 10 12 1 1 8 1 10 12 1 10 12 1 10 12 1 1 100 1 9 12 1 10 100 1 10 12 1 1 8 1 10 12 1 1 8 8 8 8 8 8 8 9 12 1 1 9 12 1 9 12 1 9 12 1 9 12 1 9 12 1 9 12 1 9 12 1 10 12 1 1 10 12 1 1 10 11 100 1 11 12 1 1 100 1 10 12 1 100 1 100 1 100 1 1 1 1 1 1 1 1 1 1 1 1 1 1 1 1 1 1 1 1 1 1 1 1 1 1 1 1 1 1 1 1 1 1 1 1 100 1 1 1
ciMethodData java/lang/Object <init> ()V 2 13113872 orig 80 1 0 0 0 0 0 0 0 0 0 0 0 0 0 0 0 0 0 0 0 0 0 0 0 0 0 0 0 0 0 0 0 0 0 0 0 0 0 0 0 0 0 0 0 0 0 0 0 0 0 0 0 0 0 0 0 0 0 0 0 0 0 0 0 0 0 0 0 0 0 0 0 0 0 0 0 0 0 0 0 data 4 0x0 0x9 0x1 0x0 oops 0 methods 0
ciMethodData java/util/Objects requireNonNull (Ljava/lang/Object;)Ljava/lang/Object; 2 1414675 orig 80 0 0 0 0 0 0 0 0 0 0 0 0 88 2 0 0 0 0 0 0 0 0 0 0 0 0 0 0 0 0 0 0 0 0 0 0 0 0 0 0 0 0 0 0 0 0 0 0 0 0 0 0 0 0 0 0 0 0 0 0 0 0 0 0 0 0 0 0 0 0 0 0 0 0 0 0 0 0 0 0 data 15 0x10007 0x159510 0x30 0x0 0x80002 0x0 0x0 0x0 0x0 0x0 0x0 0x0 0x9 0x1 0x0 oops 0 methods 0
ciMethodData java/util/AbstractCollection <init> ()V 2 4676761 orig 80 0 0 0 0 0 0 0 0 0 0 0 0 88 2 0 0 0 0 0 0 0 0 0 0 0 0 0 0 0 0 0 0 0 0 0 0 0 0 0 0 0 0 0 0 0 0 0 0 0 0 0 0 0 0 0 0 0 0 0 0 0 0 0 0 0 0 0 0 0 0 0 0 0 0 0 0 0 0 0 0 data 7 0x10002 0x475b96 0x0 0x0 0x9 0x1 0x0 oops 0 methods 0
ciMethodData java/util/concurrent/ConcurrentHashMap tabAt ([Ljava/util/concurrent/ConcurrentHashMap$Node;I)Ljava/util/concurrent/ConcurrentHashMap$Node; 2 5727 orig 80 0 0 0 0 0 0 0 0 0 0 0 0 88 2 0 0 0 0 0 0 0 0 0 0 0 0 0 0 0 0 0 0 0 0 0 0 0 0 0 0 0 0 0 0 0 0 0 0 0 0 0 0 0 0 0 0 0 0 0 0 0 0 0 0 0 0 0 0 0 0 0 0 0 0 0 0 0 0 0 0 data 27 0xf000b 0x153d 0x0 0x0 0x0 0x0 0x0 0x2 0x1 0x2586f6a4ab0 0x120104 0x0 0x0 0x2586f69f1b0 0x8e3 0x2586c32c5d0 0x350 0x0 0x0 0x0 0x0 0x0 0x0 0x9 0x2 0x0 0x0 oops 3 9 [Ljava/util/concurrent/ConcurrentHashMap$Node; 13 java/util/concurrent/ConcurrentHashMap$Node 15 java/util/concurrent/ConcurrentHashMap$ForwardingNode methods 0
ciMethodData java/util/concurrent/ConcurrentHashMap putVal (Ljava/lang/Object;Ljava/lang/Object;Z)Ljava/lang/Object; 2 7573 orig 80 1 0 0 0 0 0 0 0 0 0 0 0 0 0 0 0 0 0 0 0 4 0 0 0 0 0 0 0 0 0 0 0 0 0 0 0 0 0 0 0 0 0 0 0 0 0 0 0 0 0 0 0 0 0 0 0 0 0 0 0 0 0 0 0 0 0 0 0 0 0 0 0 0 0 0 0 0 0 0 0 data 250 0x10007 0x0 0x40 0x1b96 0x50007 0x1b96 0x30 0x0 0xc0002 0x0 0x110005 0x94b 0x0 0x25826b69500 0x124a 0x2586d8f4990 0x1 0x140002 0x1b96 0x240007 0x5b 0x40 0x1b96 0x2d0007 0x1b96 0x70 0x0 0x310005 0x5b 0x0 0x0 0x0 0x0 0x0 0x360003 0x5b 0x5f8 0x450002 0x1b96 0x4b0007 0xbcc 0x78 0xfca 0x5b0002 0xfca 0x5e0002 0xfca 0x610007 0x0 0x590 0xfca 0x640003 0xfca 0x588 0x700007 0xbcc 0x70 0x0 0x780005 0x0 0x0 0x0 0x0 0x0 0x0 0x7d0003 0x0 0x500 0x810007 0xe4 0xf8 0xae8 0x880007 0x86f 0xd8 0x279 0x940007 0x11a 0x98 0x15f 0x990007 0x0 0x98 0x15f 0x9f0005 0x0 0x0 0x25826b69500 0x15f 0x0 0x0 0xa20007 0x0 0x40 0x15f 0xad0007 0x0 0x20 0x279 0xc00002 0x953 0xc50007 0x0 0x330 0x953 0xca0007 0x0 0x188 0x953 0xdb0007 0xbbc 0xf0 0x187 0xe70007 0xdd 0x98 0xaa 0xec0007 0x0 0xb0 0xaa 0x8000000400f20005 0x0 0x0 0x25826b69500 0xa9 0x2586d8f4a40 0x5 0xf50007 0x5 0x58 0xa9 0x1000007 0x16f 0x98 0x17 0x1090003 0x17 0x78 0x1180007 0x3f0 0x48 0x7d1 0x1250002 0x7d1 0x12b0003 0x7d1 0x30 0x1310003 0x3f0 0xfffffffffffffec8 0x1340003 0x957 0x1a0 0x1390004 0x0 0x0 0x0 0x0 0x0 0x0 0x13c0007 0x0 0xe8 0x0 0x1440004 0x0 0x0 0x0 0x0 0x0 0x0 0x14b0005 0x0 0x0 0x0 0x0 0x0 0x0 0x1510007 0x0 0x40 0x0 0x15c0007 0x0 0x20 0x0 0x1650003 0x0 0x80 0x16a0004 0x0 0x0 0x0 0x0 0x0 0x0 0x16d0007 0x0 0x30 0x0 0x1760002 0x0 0x17d0003 0x957 0x18 0x18a0007 0x0 0x98 0x957 0x1910007 0x957 0x58 0x0 0x1990005 0x0 0x0 0x0 0x0 0x0 0x0 0x19e0007 0x7d1 0x38 0x186 0x1a40003 0x5b 0xfffffffffffff990 0x1ab0005 0x179b 0x0 0x0 0x0 0x0 0x0 0x0 0x0 0x0 0x0 0x0 0x0 0x0 0x0 0x0 0x9 0x4 0x0 0x0 0x0 0x0 oops 5 13 java/lang/String 15 jdk/internal/loader/ClassLoaderValue 87 java/lang/String 124 java/lang/String 126 org/eclipse/aether/internal/impl/collect/DataPool$ConstraintKey methods 0
ciMethodData java/util/AbstractMap <init> ()V 2 436603 orig 80 0 0 0 0 0 0 0 0 0 0 0 0 88 2 0 0 0 0 0 0 0 0 0 0 0 0 0 0 0 0 0 0 0 0 0 0 0 0 0 0 0 0 0 0 0 0 0 0 0 0 0 0 0 0 0 0 0 0 0 0 0 0 0 0 0 0 0 0 0 0 0 0 0 0 0 0 0 0 0 0 data 7 0x10002 0x6a7fb 0x0 0x0 0x9 0x1 0x0 oops 0 methods 0
ciMethod java/util/LinkedHashMap$LinkedValues <init> (Ljava/util/LinkedHashMap;)V 512 0 25344 0 0
ciMethod java/util/LinkedHashMap$LinkedValues iterator ()Ljava/util/Iterator; 512 0 10835 0 416
ciMethod java/util/LinkedHashMap$LinkedValueIterator <init> (Ljava/util/LinkedHashMap;)V 512 0 10835 0 0
ciMethod java/util/LinkedHashMap$LinkedValueIterator next ()Ljava/lang/Object; 520 0 6602 0 576
ciMethodData java/util/concurrent/ConcurrentHashMap$Traverser advance ()Ljava/util/concurrent/ConcurrentHashMap$Node; 2 13128 orig 80 0 0 0 0 0 0 0 0 0 0 0 0 88 2 0 0 0 0 0 0 0 0 0 0 0 0 0 0 0 0 0 0 0 0 0 0 0 0 0 0 0 0 0 0 0 0 0 0 0 0 0 0 0 0 0 0 0 0 0 0 0 0 0 0 0 0 0 0 0 0 0 0 0 0 0 0 0 0 0 0 data 117 0x60007 0xc3 0x20 0xfc9 0xf0007 0x3132 0x20 0xfca 0x210007 0xc2 0x80 0x3070 0x2a0007 0x0 0x60 0x3070 0x380007 0x0 0x40 0x3070 0x3c0007 0x3070 0x20 0x0 0x480002 0x3070 0x4d0007 0x22e5 0x1c8 0xd8b 0x540007 0xd8b 0x1a8 0x0 0x580004 0x0 0x0 0x0 0x0 0x0 0x0 0x5b0007 0x0 0xa8 0x0 0x600004 0x0 0x0 0x0 0x0 0x0 0x0 0x700005 0x0 0x0 0x0 0x0 0x0 0x0 0x730003 0x0 0xfffffffffffffe48 0x770004 0x0 0x0 0x0 0x0 0x0 0x0 0x7a0007 0x0 0x70 0x0 0x7e0004 0x0 0x0 0x0 0x0 0x0 0x0 0x850003 0x0 0x18 0x8e0007 0x3070 0x70 0x0 0x940005 0x0 0x0 0x0 0x0 0x0 0x0 0x970003 0x0 0x38 0xa70007 0x0 0x20 0x3070 0xb90003 0x3070 0xfffffffffffffcf8 0x0 0x0 0x0 0x0 0x0 0x0 0x0 0x0 0x0 0x0 0x9 0x1 0x0 oops 0 methods 0
ciMethodData java/util/concurrent/ConcurrentHashMap$BaseIterator hasNext ()Z 2 5539 orig 80 0 0 0 0 0 0 0 0 0 0 0 0 88 2 0 0 0 0 0 0 0 0 0 0 0 0 0 0 0 0 0 0 0 0 0 0 0 0 0 0 0 0 0 0 0 0 0 0 0 0 0 0 0 0 0 0 0 0 0 0 0 0 0 0 0 0 0 0 0 0 0 0 0 0 0 0 0 0 0 0 data 16 0x40007 0xec 0x38 0x1316 0x80003 0x1316 0x18 0x0 0x0 0x0 0x0 0x0 0x0 0x9 0x1 0x0 oops 0 methods 0
ciMethodData java/util/AbstractList <init> ()V 2 2297598 orig 80 0 0 0 0 0 0 0 0 0 0 0 0 88 2 0 0 0 0 0 0 0 0 0 0 0 0 0 0 0 0 0 0 0 0 0 0 0 0 0 0 0 0 0 0 0 0 0 0 0 0 0 0 0 0 0 0 0 0 0 0 0 0 0 0 0 0 0 0 0 0 0 0 0 0 0 0 0 0 0 0 data 9 0x10002 0x230df6 0x0 0x0 0x0 0x0 0x9 0x1 0x6 oops 0 methods 0
ciMethod java/util/ArrayList$ListItr <init> (Ljava/util/ArrayList;I)V 518 0 26015 0 0
ciMethod java/util/ArrayList$ListItr set (Ljava/lang/Object;)V 774 0 954 0 0
ciMethodData java/util/concurrent/ConcurrentHashMap put (Ljava/lang/Object;Ljava/lang/Object;)Ljava/lang/Object; 2 24406 orig 80 0 0 0 0 0 0 0 0 0 0 0 0 88 2 0 0 0 0 0 0 0 0 0 0 0 0 0 0 0 0 0 0 0 0 0 0 0 0 0 0 0 0 0 0 0 0 0 0 0 0 0 0 0 0 0 0 0 0 0 0 0 0 0 0 0 0 0 0 0 0 0 0 0 0 0 0 0 0 0 0 data 18 0x40005 0x5e55 0x0 0x0 0x0 0x0 0x0 0x0 0x0 0x0 0x0 0x0 0x0 0x9 0x3 0xffffffffffffffff 0xffffffffffffffff 0xffffffffffffffff oops 0 methods 0
ciMethodData java/util/ArrayList <init> ()V 2 2222978 orig 80 0 0 0 0 0 0 0 0 0 0 0 0 0 0 0 0 0 0 0 0 0 0 0 0 0 0 0 0 0 0 0 0 0 0 0 0 0 0 0 0 0 0 0 0 0 0 0 0 0 0 0 0 0 0 0 0 0 0 0 0 0 0 0 0 0 0 0 0 0 0 0 0 0 0 0 0 0 0 0 0 data 9 0x10002 0x21ea8c 0x0 0x0 0x0 0x0 0x9 0x1 0xe oops 0 methods 0
ciMethodData java/util/concurrent/ConcurrentHashMap$EntryIterator next ()Ljava/lang/Object; 2 8291 orig 80 0 0 0 0 0 0 0 0 0 0 0 0 88 2 0 0 0 0 0 0 0 0 0 0 0 0 0 0 0 0 0 0 0 0 0 0 0 0 0 0 0 0 0 0 0 0 0 0 0 0 0 0 0 0 0 0 0 0 0 0 0 0 0 0 0 0 0 0 0 0 0 0 0 0 0 0 0 0 0 0 data 16 0x10005 0x1f5c 0x0 0x0 0x0 0x0 0x0 0x0 0x0 0x0 0x0 0x0 0x0 0x9 0x1 0x0 oops 0 methods 0
ciMethodData java/util/concurrent/ConcurrentHashMap$EntryIterator next ()Ljava/util/Map$Entry; 2 8291 orig 80 0 0 0 0 0 0 0 0 0 0 0 0 0 0 0 0 0 0 0 0 0 0 0 0 0 0 0 0 0 0 0 0 0 0 0 0 0 0 0 0 0 0 0 0 0 0 0 0 0 0 0 0 0 0 0 0 0 0 0 0 0 0 0 0 0 0 0 0 0 0 0 0 0 0 0 0 0 0 0 0 data 24 0x60007 0x1f5c 0x30 0x0 0xd0002 0x0 0x210005 0x1f5c 0x0 0x0 0x0 0x0 0x0 0x2f0002 0x1f5c 0x0 0x0 0x0 0x0 0x0 0x0 0x9 0x1 0x0 oops 0 methods 0
ciMethodData java/util/concurrent/ConcurrentHashMap$MapEntry <init> (Ljava/lang/Object;Ljava/lang/Object;Ljava/util/concurrent/ConcurrentHashMap;)V 2 8291 orig 80 0 0 0 0 0 0 0 0 0 0 0 0 0 0 0 0 0 0 0 0 0 0 0 0 0 0 0 0 0 0 0 0 0 0 0 0 0 0 0 0 0 0 0 0 0 0 0 0 0 0 0 0 0 0 0 0 0 0 0 0 0 0 0 0 0 0 0 0 0 0 0 0 0 0 0 0 0 0 0 0 data 12 0x10002 0x1f5c 0x0 0x0 0x0 0x0 0x9 0x4 0xe 0x0 0x0 0x0 oops 0 methods 0
ciMethodData java/util/ArrayList$Itr checkForComodification ()V 2 19360 orig 80 0 0 0 0 0 0 0 0 0 0 0 0 88 2 0 0 0 0 0 0 0 0 0 0 0 0 0 0 0 0 0 0 0 0 0 0 0 0 0 0 0 0 0 0 0 0 0 0 0 0 0 0 0 0 0 0 0 0 0 0 0 0 0 0 0 0 0 0 0 0 0 0 0 0 0 0 0 0 0 0 data 13 0xb0007 0x4a9f 0x30 0x0 0x120002 0x0 0x0 0x0 0x0 0x0 0x9 0x1 0x0 oops 0 methods 0
ciMethodData java/util/ArrayList$Itr hasNext ()Z 2 62609 orig 80 0 0 0 0 0 0 0 0 0 0 0 0 88 2 0 0 0 0 0 0 0 0 0 0 0 0 0 0 0 0 0 0 0 0 0 0 0 0 0 0 0 0 0 0 0 0 0 0 0 0 0 0 0 0 0 0 0 0 0 0 0 0 0 0 0 0 0 0 0 0 0 0 0 0 0 0 0 0 0 0 data 14 0xb0007 0x520e 0x38 0xa0d7 0xf0003 0xa0d7 0x18 0x0 0x0 0x0 0x0 0x9 0x1 0x0 oops 0 methods 0
ciMethodData java/util/ArrayList$Itr next ()Ljava/lang/Object; 2 6489 orig 80 0 0 0 0 0 0 0 0 0 0 0 0 88 2 0 0 0 0 0 0 0 0 0 0 0 0 0 0 0 0 0 0 0 0 0 0 0 0 0 0 0 0 0 0 0 0 0 0 0 0 0 0 0 0 0 0 0 0 0 0 0 0 0 0 0 0 0 0 0 0 0 0 0 0 0 0 0 0 0 0 data 28 0x10005 0x1831 0x0 0x0 0x0 0x0 0x0 0x110007 0x1831 0x30 0x0 0x180002 0x0 0x270007 0x1831 0x30 0x0 0x2e0002 0x0 0x0 0x0 0x0 0x0 0x0 0x0 0x9 0x1 0x6 oops 0 methods 0
ciMethodData java/util/LinkedHashMap$LinkedHashIterator nextNode ()Ljava/util/LinkedHashMap$Entry; 2 6657 orig 80 0 0 0 0 0 0 0 0 0 0 0 0 88 2 0 0 0 0 0 0 0 0 0 0 0 0 0 0 0 0 0 0 0 0 0 0 0 0 0 0 0 0 0 0 0 0 0 0 0 0 0 0 0 0 0 0 0 0 0 0 0 0 0 0 0 0 0 0 0 0 0 0 0 0 0 0 0 0 0 0 data 21 0x100007 0x18fe 0x30 0x0 0x170002 0x0 0x1c0007 0x18fe 0x30 0x0 0x230002 0x0 0x0 0x0 0x0 0x0 0x0 0x0 0x9 0x1 0xc oops 0 methods 0
ciMethodData java/util/LinkedHashMap$LinkedHashIterator hasNext ()Z 2 6750 orig 80 0 0 0 0 0 0 0 0 0 0 0 0 88 2 0 0 0 0 0 0 0 0 0 0 0 0 0 0 0 0 0 0 0 0 0 0 0 0 0 0 0 0 0 0 0 0 0 0 0 0 0 0 0 0 0 0 0 0 0 0 0 0 0 0 0 0 0 0 0 0 0 0 0 0 0 0 0 0 0 0 data 16 0x40007 0x64b 0x38 0x128e 0x80003 0x128e 0x18 0x0 0x0 0x0 0x0 0x0 0x0 0x9 0x1 0x0 oops 0 methods 0
ciMethodData java/util/ArrayList$Itr <init> (Ljava/util/ArrayList;)V 2 67954 orig 80 0 0 0 0 0 0 0 0 0 0 0 0 88 2 0 0 0 0 0 0 0 0 0 0 0 0 0 0 0 0 0 0 0 0 0 0 0 0 0 0 0 0 0 0 0 0 0 0 0 0 0 0 0 0 0 0 0 0 0 0 0 0 0 0 0 0 0 0 0 0 0 0 0 0 0 0 0 0 0 0 data 10 0x60002 0x107f2 0x0 0x0 0x0 0x0 0x9 0x2 0xc 0x0 oops 0 methods 0
ciMethodData java/util/ArrayList iterator ()Ljava/util/Iterator; 2 41939 orig 80 0 0 0 0 0 0 0 0 0 0 0 0 88 2 0 0 0 0 0 0 0 0 0 0 0 0 0 0 0 0 0 0 0 0 0 0 0 0 0 0 0 0 0 0 0 0 0 0 0 0 0 0 0 0 0 0 0 0 0 0 0 0 0 0 0 0 0 0 0 0 0 0 0 0 0 0 0 0 0 0 data 8 0x50002 0xa253 0x0 0x0 0x0 0x9 0x1 0x0 oops 0 methods 0
ciMethodData java/util/concurrent/ConcurrentHashMap$CollectionView <init> (Ljava/util/concurrent/ConcurrentHashMap;)V 2 3418 orig 80 0 0 0 0 0 0 0 0 0 0 0 0 0 0 0 0 0 0 0 0 0 0 0 0 0 0 0 0 0 0 0 0 0 0 0 0 0 0 0 0 0 0 0 0 0 0 0 0 0 0 0 0 0 0 0 0 0 0 0 0 0 0 0 0 0 0 0 0 0 0 0 0 0 0 0 0 0 0 0 0 data 10 0x10002 0xd4c 0x0 0x0 0x0 0x0 0x9 0x2 0x6 0x0 oops 0 methods 0
ciMethodData java/util/LinkedHashMap$LinkedValueIterator next ()Ljava/lang/Object; 2 6602 orig 80 0 0 0 0 0 0 0 0 0 0 0 0 88 2 0 0 0 0 0 0 0 0 0 0 0 0 0 0 0 0 0 0 0 0 0 0 0 0 0 0 0 0 0 0 0 0 0 0 0 0 0 0 0 0 0 0 0 0 0 0 0 0 0 0 0 0 0 0 0 0 0 0 0 0 0 0 0 0 0 0 data 16 0x10005 0x18c6 0x0 0x0 0x0 0x0 0x0 0x0 0x0 0x0 0x0 0x0 0x0 0x9 0x1 0x0 oops 0 methods 0
ciMethodData java/util/Collections emptyIterator ()Ljava/util/Iterator; 2 31472 orig 80 0 0 0 0 0 0 0 0 0 0 0 0 88 2 0 0 0 0 0 0 0 0 0 0 0 0 0 0 0 0 0 0 0 0 0 0 0 0 0 0 0 0 0 0 0 0 0 0 0 0 0 0 0 0 0 0 0 0 0 0 0 0 0 0 0 0 0 0 0 0 0 0 0 0 0 0 0 0 0 0 data 4 0x0 0x0 0x9 0x0 oops 0 methods 0
ciMethodData java/util/LinkedHashMap$LinkedValues <init> (Ljava/util/LinkedHashMap;)V 2 25344 orig 80 0 0 0 0 0 0 0 0 0 0 0 0 88 2 0 0 0 0 0 0 0 0 0 0 0 0 0 0 0 0 0 0 0 0 0 0 0 0 0 0 0 0 0 0 0 0 0 0 0 0 0 0 0 0 0 0 0 0 0 0 0 0 0 0 0 0 0 0 0 0 0 0 0 0 0 0 0 0 0 0 data 10 0x60002 0x6200 0x0 0x0 0x0 0x0 0x9 0x2 0x6 0x0 oops 0 methods 0
ciMethodData java/util/LinkedHashMap values ()Ljava/util/Collection; 2 27136 orig 80 0 0 0 0 0 0 0 0 0 0 0 0 0 0 0 0 0 0 0 0 0 0 0 0 0 0 0 0 0 0 0 0 0 0 0 0 0 0 0 0 0 0 0 0 0 0 0 0 0 0 0 0 0 0 0 0 0 0 0 0 0 0 0 0 0 0 0 0 0 0 0 0 0 0 0 0 0 0 0 0 data 15 0x60007 0x613 0x30 0x61ee 0xe0002 0x61ee 0x0 0x0 0x0 0x0 0x0 0x0 0x9 0x1 0x0 oops 0 methods 0
ciMethodData java/util/LinkedHashMap$LinkedHashIterator <init> (Ljava/util/LinkedHashMap;)V 2 46740 orig 80 0 0 0 0 0 0 0 0 0 0 0 0 88 2 0 0 0 0 0 0 0 0 0 0 0 0 0 0 0 0 0 0 0 0 0 0 0 0 0 0 0 0 0 0 0 0 0 0 0 0 0 0 0 0 0 0 0 0 0 0 0 0 0 0 0 0 0 0 0 0 0 0 0 0 0 0 0 0 0 0 data 10 0x60002 0xb591 0x0 0x0 0x0 0x0 0x9 0x2 0xe 0x0 oops 0 methods 0
ciMethodData java/util/concurrent/ConcurrentHashMap tableSizeFor (I)I 2 6255 orig 80 0 0 0 0 0 0 0 0 0 0 0 0 88 2 0 0 0 0 0 0 0 0 0 0 0 0 0 0 0 0 0 0 0 0 0 0 0 0 0 0 0 0 0 0 0 0 0 0 0 0 0 0 0 0 0 0 0 0 0 0 0 0 0 0 0 0 0 0 0 0 0 0 0 0 0 0 0 0 0 0 data 25 0x40002 0x176b 0xa0007 0x170a 0x38 0x61 0xe0003 0x61 0x50 0x140007 0x170a 0x38 0x0 0x190003 0x0 0x18 0x0 0x0 0x0 0x0 0x0 0x0 0x9 0x1 0x0 oops 0 methods 0
ciMethodData java/util/ArrayList$ListItr <init> (Ljava/util/ArrayList;I)V 2 26015 orig 80 0 0 0 0 0 0 0 0 0 0 0 0 88 2 0 0 0 0 0 0 0 0 0 0 0 0 0 0 0 0 0 0 0 0 0 0 0 0 0 0 0 0 0 0 0 0 0 0 0 0 0 0 0 0 0 0 0 0 0 0 0 0 0 0 0 0 0 0 0 0 0 0 0 0 0 0 0 0 0 0 data 11 0x70002 0x649c 0x0 0x0 0x0 0x0 0x9 0x3 0x1e 0x0 0x0 oops 0 methods 0
ciMethodData java/util/ArrayList listIterator ()Ljava/util/ListIterator; 2 19539 orig 80 0 0 0 0 0 0 0 0 0 0 0 0 88 2 0 0 0 0 0 0 0 0 0 0 0 0 0 0 0 0 0 0 0 0 0 0 0 0 0 0 0 0 0 0 0 0 0 0 0 0 0 0 0 0 0 0 0 0 0 0 0 0 0 0 0 0 0 0 0 0 0 0 0 0 0 0 0 0 0 0 data 8 0x60002 0x4b52 0x0 0x0 0x0 0x9 0x1 0x0 oops 0 methods 0
ciMethodData java/util/concurrent/ConcurrentHashMap entrySet ()Ljava/util/Set; 2 5394 orig 80 0 0 0 0 0 0 0 0 0 0 0 0 88 2 0 0 0 0 0 0 0 0 0 0 0 0 0 0 0 0 0 0 0 0 0 0 0 0 0 0 0 0 0 0 0 0 0 0 0 0 0 0 0 0 0 0 0 0 0 0 0 0 0 0 0 0 0 0 0 0 0 0 0 0 0 0 0 0 0 0 data 15 0x60007 0xc9d 0x20 0x774 0x110002 0xc9d 0x0 0x0 0x0 0x0 0x0 0x0 0x9 0x1 0x0 oops 0 methods 0
ciMethodData java/util/concurrent/ConcurrentHashMap$EntrySetView <init> (Ljava/util/concurrent/ConcurrentHashMap;)V 2 3363 orig 80 0 0 0 0 0 0 0 0 0 0 0 0 0 0 0 0 0 0 0 0 0 0 0 0 0 0 0 0 0 0 0 0 0 0 0 0 0 0 0 0 0 0 0 0 0 0 0 0 0 0 0 0 0 0 0 0 0 0 0 0 0 0 0 0 0 0 0 0 0 0 0 0 0 0 0 0 0 0 0 0 data 8 0x20002 0xc9d 0x0 0x0 0x9 0x2 0x0 0x0 oops 0 methods 0
ciMethodData java/util/concurrent/ConcurrentHashMap <init> (I)V 2 7458 orig 80 0 0 0 0 0 0 0 0 0 0 0 0 88 2 0 0 0 0 0 0 0 0 0 0 0 0 0 0 0 0 0 0 0 0 0 0 0 0 0 0 0 0 0 0 0 0 0 0 0 0 0 0 0 0 0 0 0 0 0 0 0 0 0 0 0 0 0 0 0 0 0 0 0 0 0 0 0 0 0 0 data 9 0x50002 0x1c22 0x0 0x0 0x0 0x9 0x2 0x0 0x0 oops 0 methods 0
ciMethodData java/util/concurrent/ConcurrentHashMap <init> (IFI)V 2 5387 orig 80 0 0 0 0 0 0 0 0 0 0 0 0 0 0 0 0 0 0 0 0 0 0 0 0 0 0 0 0 0 0 0 0 0 0 0 0 0 0 0 0 0 0 0 0 0 0 0 0 0 0 0 0 0 0 0 0 0 0 0 0 0 0 0 0 0 0 0 0 0 0 0 0 0 0 0 0 0 0 0 0 data 41 0x10002 0x1401 0x70007 0x0 0x60 0x1401 0xb0007 0x0 0x40 0x1401 0xf0007 0x1401 0x30 0x0 0x160002 0x0 0x1c0007 0x1401 0x20 0x0 0x320007 0x1401 0x38 0x0 0x370003 0x0 0x28 0x3d0002 0x1401 0x0 0x0 0x0 0x0 0x0 0x0 0x9 0x4 0x0 0x0 0x0 0x0 oops 0 methods 0
ciMethodData java/util/Properties <init> ()V 2 16693 orig 80 0 0 0 0 0 0 0 0 0 0 0 0 0 0 0 0 0 0 0 0 0 0 0 0 0 0 0 0 0 0 0 0 0 0 0 0 0 0 0 0 0 0 0 0 0 0 0 0 0 0 0 0 0 0 0 0 0 0 0 0 0 0 0 0 0 0 0 0 0 0 0 0 0 0 0 0 0 0 0 0 data 7 0x40002 0x4070 0x0 0x0 0x9 0x1 0x68 oops 0 methods 0
ciMethodData java/util/Properties <init> (Ljava/util/Properties;I)V 2 6566 orig 80 0 0 0 0 0 0 0 0 0 0 0 0 0 0 0 0 0 0 0 0 0 0 0 0 0 0 0 0 0 0 0 0 0 0 0 0 0 0 0 0 0 0 0 0 0 0 0 0 0 0 0 0 0 0 0 0 0 0 0 0 0 0 0 0 0 0 0 0 0 0 0 0 0 0 0 0 0 0 0 0 data 29 0x20104 0x0 0x0 0x0 0x0 0x0 0x0 0x50002 0x18e0 0xe0002 0x18e0 0x1c0005 0x18e0 0x0 0x0 0x0 0x0 0x0 0x0 0x0 0x0 0x0 0x0 0x0 0x9 0x3 0x68 0x0 0x0 oops 0 methods 0
ciMethodData java/util/Collections$SynchronizedCollection iterator ()Ljava/util/Iterator; 2 5377 orig 80 0 0 0 0 0 0 0 0 0 0 0 0 88 2 0 0 0 0 0 0 0 0 0 0 0 0 0 0 0 0 0 0 0 0 0 0 0 0 0 0 0 0 0 0 0 0 0 0 0 0 0 0 0 0 0 0 0 0 0 0 0 0 0 0 0 0 0 0 0 0 0 0 0 0 0 0 0 0 0 0 data 16 0x40005 0x571 0x0 0x25875c76720 0xe8e 0x25875c7d840 0x1 0x0 0x0 0x0 0x0 0x0 0x0 0x9 0x1 0x0 oops 2 3 java/util/Properties$EntrySet 5 java/util/concurrent/ConcurrentHashMap$KeySetView methods 0
ciMethodData java/util/Dictionary <init> ()V 2 11949 orig 80 0 0 0 0 0 0 0 0 0 0 0 0 88 2 0 0 0 0 0 0 0 0 0 0 0 0 0 0 0 0 0 0 0 0 0 0 0 0 0 0 0 0 0 0 0 0 0 0 0 0 0 0 0 0 0 0 0 0 0 0 0 0 0 0 0 0 0 0 0 0 0 0 0 0 0 0 0 0 0 0 data 7 0x10002 0x2dad 0x0 0x0 0x9 0x1 0x0 oops 0 methods 0
ciMethodData java/util/Collections$SynchronizedCollection <init> (Ljava/util/Collection;Ljava/lang/Object;)V 2 5518 orig 80 0 0 0 0 0 0 0 0 0 0 0 0 88 2 0 0 0 0 0 0 0 0 0 0 0 0 0 0 0 0 0 0 0 0 0 0 0 0 0 0 0 0 0 0 0 0 0 0 0 0 0 0 0 0 0 0 0 0 0 0 0 0 0 0 0 0 0 0 0 0 0 0 0 0 0 0 0 0 0 0 data 24 0x10002 0x140e 0x60002 0x140e 0x90004 0x0 0x0 0x25875c76720 0x6 0x25875c7d840 0x1 0x110002 0x140e 0x0 0x0 0x0 0x0 0x0 0x0 0x9 0x3 0x6 0x0 0x0 oops 2 7 java/util/Properties$EntrySet 9 java/util/concurrent/ConcurrentHashMap$KeySetView methods 0
ciMethodData java/util/Properties entrySet ()Ljava/util/Set; 2 5516 orig 80 0 0 0 0 0 0 0 0 0 0 0 0 88 2 0 0 0 0 0 0 0 0 0 0 0 0 0 0 0 0 0 0 0 0 0 0 0 0 0 0 0 0 0 0 0 0 0 0 0 0 0 0 0 0 0 0 0 0 0 0 0 0 0 0 0 0 0 0 0 0 0 0 0 0 0 0 0 0 0 0 data 20 0x80005 0x0 0x0 0x25826b6c6d0 0x1407 0x0 0x0 0xb0002 0x1407 0xf0002 0x1407 0x0 0x0 0x0 0x0 0x0 0x0 0x9 0x1 0x0 oops 1 3 java/util/concurrent/ConcurrentHashMap methods 0
ciMethodData java/util/Properties$EntrySet <init> (Ljava/util/Set;)V 2 5516 orig 80 0 0 0 0 0 0 0 0 0 0 0 0 0 0 0 0 0 0 0 0 0 0 0 0 0 0 0 0 0 0 0 0 0 0 0 0 0 0 0 0 0 0 0 0 0 0 0 0 0 0 0 0 0 0 0 0 0 0 0 0 0 0 0 0 0 0 0 0 0 0 0 0 0 0 0 0 0 0 0 0 data 10 0x10002 0x1407 0x0 0x0 0x0 0x0 0x9 0x2 0x0 0x0 oops 0 methods 0
ciMethodData java/util/Collections synchronizedSet (Ljava/util/Set;Ljava/lang/Object;)Ljava/util/Set; 2 5517 orig 80 0 0 0 0 0 0 0 0 0 0 0 0 0 0 0 0 0 0 0 0 0 0 0 0 0 0 0 0 0 0 0 0 0 0 0 0 0 0 0 0 0 0 0 0 0 0 0 0 0 0 0 0 0 0 0 0 0 0 0 0 0 0 0 0 0 0 0 0 0 0 0 0 0 0 0 0 0 0 0 0 data 9 0x60002 0x1408 0x0 0x0 0x0 0x9 0x2 0x0 0x0 oops 0 methods 0
ciMethodData java/util/Collections$SynchronizedSet <init> (Ljava/util/Set;Ljava/lang/Object;)V 2 5517 orig 80 0 0 0 0 0 0 0 0 0 0 0 0 0 0 0 0 0 0 0 0 0 0 0 0 0 0 0 0 0 0 0 0 0 0 0 0 0 0 0 0 0 0 0 0 0 0 0 0 0 0 0 0 0 0 0 0 0 0 0 0 0 0 0 0 0 0 0 0 0 0 0 0 0 0 0 0 0 0 0 0 data 9 0x30002 0x1408 0x0 0x0 0x9 0x3 0x0 0x0 0x0 oops 0 methods 0
ciMethodData java/util/LinkedHashMap$LinkedValues iterator ()Ljava/util/Iterator; 2 10835 orig 80 0 0 0 0 0 0 0 0 0 0 0 0 88 2 0 0 0 0 0 0 0 0 0 0 0 0 0 0 0 0 0 0 0 0 0 0 0 0 0 0 0 0 0 0 0 0 0 0 0 0 0 0 0 0 0 0 0 0 0 0 0 0 0 0 0 0 0 0 0 0 0 0 0 0 0 0 0 0 0 0 data 9 0x80002 0x2953 0x0 0x0 0x0 0x0 0x9 0x1 0x0 oops 0 methods 0
ciMethodData java/util/LinkedHashMap$LinkedValueIterator <init> (Ljava/util/LinkedHashMap;)V 2 10835 orig 80 0 0 0 0 0 0 0 0 0 0 0 0 0 0 0 0 0 0 0 0 0 0 0 0 0 0 0 0 0 0 0 0 0 0 0 0 0 0 0 0 0 0 0 0 0 0 0 0 0 0 0 0 0 0 0 0 0 0 0 0 0 0 0 0 0 0 0 0 0 0 0 0 0 0 0 0 0 0 0 0 data 10 0x70002 0x2953 0x0 0x0 0x0 0x0 0x9 0x2 0x1e 0x0 oops 0 methods 0
ciMethodData java/util/Hashtable <init> (Ljava/lang/Void;)V 2 6566 orig 80 0 0 0 0 0 0 0 0 0 0 0 0 0 0 0 0 0 0 0 0 0 0 0 0 0 0 0 0 0 0 0 0 0 0 0 0 0 0 0 0 0 0 0 0 0 0 0 0 0 0 0 0 0 0 0 0 0 0 0 0 0 0 0 0 0 0 0 0 0 0 0 0 0 0 0 0 0 0 0 0 data 10 0x10002 0x1860 0x0 0x0 0x0 0x0 0x9 0x2 0x8 0x0 oops 0 methods 0
ciMethodData java/util/Collections$EmptyList iterator ()Ljava/util/Iterator; 2 26096 orig 80 0 0 0 0 0 0 0 0 0 0 0 0 88 2 0 0 0 0 0 0 0 0 0 0 0 0 0 0 0 0 0 0 0 0 0 0 0 0 0 0 0 0 0 0 0 0 0 0 0 0 0 0 0 0 0 0 0 0 0 0 0 0 0 0 0 0 0 0 0 0 0 0 0 0 0 0 0 0 0 0 data 11 0x2 0x64f0 0x0 0x0 0x0 0x0 0x0 0x0 0x9 0x1 0x0 oops 0 methods 0
ciMethod org/codehaus/plexus/util/xml/Xpp3Dom getValue ()Ljava/lang/String; 302 0 151 0 -1
ciMethod org/codehaus/plexus/util/xml/Xpp3Dom setValue (Ljava/lang/String;)V 272 0 136 0 -1
ciMethod org/codehaus/plexus/util/xml/Xpp3Dom getAttributeNames ()[Ljava/lang/String; 1024 0 7051 0 -1
ciMethod org/codehaus/plexus/util/xml/Xpp3Dom getAttribute (Ljava/lang/String;)Ljava/lang/String; 0 0 14532 0 -1
ciMethod org/codehaus/plexus/util/xml/Xpp3Dom setAttribute (Ljava/lang/String;Ljava/lang/String;)V 0 0 6270 0 -1
ciMethod org/codehaus/plexus/util/xml/Xpp3Dom getChild (I)Lorg/codehaus/plexus/util/xml/Xpp3Dom; 760 0 12768 0 -1
ciMethod org/codehaus/plexus/util/xml/Xpp3Dom getChildCount ()I 1024 0 33269 0 -1
ciMethod org/apache/maven/model/ConfigurationContainer getConfiguration ()Ljava/lang/Object; 320 0 160 0 0
ciMethod org/apache/maven/model/ConfigurationContainer getInherited ()Ljava/lang/String; 308 0 154 0 0
ciMethod org/apache/maven/model/ConfigurationContainer setInherited (Ljava/lang/String;)V 76 0 38 0 0
ciMethod org/apache/maven/model/Model getArtifactId ()Ljava/lang/String; 266 0 133 0 0
ciMethod org/apache/maven/model/Model getBuild ()Lorg/apache/maven/model/Build; 260 0 130 0 0
ciMethod org/apache/maven/model/Model getChildProjectUrlInheritAppendPath ()Ljava/lang/String; 256 0 128 0 0
ciMethod org/apache/maven/model/Model getCiManagement ()Lorg/apache/maven/model/CiManagement; 256 0 128 0 0
ciMethod org/apache/maven/model/Model getContributors ()Ljava/util/List; 768 0 6798 0 0
ciMethod org/apache/maven/model/Model getDescription ()Ljava/lang/String; 260 0 130 0 0
ciMethod org/apache/maven/model/Model getDevelopers ()Ljava/util/List; 772 0 5950 0 0
ciMethod org/apache/maven/model/Model getGroupId ()Ljava/lang/String; 288 0 144 0 0
ciMethod org/apache/maven/model/Model getInceptionYear ()Ljava/lang/String; 256 0 128 0 0
ciMethod org/apache/maven/model/Model getIssueManagement ()Lorg/apache/maven/model/IssueManagement; 256 0 128 0 0
ciMethod org/apache/maven/model/Model getLicenses ()Ljava/util/List; 512 0 6373 0 0
ciMethod org/apache/maven/model/Model getMailingLists ()Ljava/util/List; 520 0 6138 0 0
ciMethod org/apache/maven/model/Model getModelVersion ()Ljava/lang/String; 256 0 128 0 0
ciMethod org/apache/maven/model/Model getName ()Ljava/lang/String; 256 0 128 0 0
ciMethod org/apache/maven/model/Model getOrganization ()Lorg/apache/maven/model/Organization; 256 0 128 0 0
ciMethod org/apache/maven/model/Model getPackaging ()Ljava/lang/String; 266 0 133 0 0
ciMethod org/apache/maven/model/Model getParent ()Lorg/apache/maven/model/Parent; 256 0 128 0 0
ciMethod org/apache/maven/model/Model getPrerequisites ()Lorg/apache/maven/model/Prerequisites; 256 0 128 0 0
ciMethod org/apache/maven/model/Model getProfiles ()Ljava/util/List; 522 0 13465 0 0
ciMethod org/apache/maven/model/Model getScm ()Lorg/apache/maven/model/Scm; 256 0 128 0 0
ciMethod org/apache/maven/model/Model getUrl ()Ljava/lang/String; 256 0 128 0 0
ciMethod org/apache/maven/model/Model getVersion ()Ljava/lang/String; 288 0 144 0 0
ciMethod org/apache/maven/model/Model setArtifactId (Ljava/lang/String;)V 256 0 128 0 -1
ciMethod org/apache/maven/model/Model setChildProjectUrlInheritAppendPath (Ljava/lang/String;)V 0 0 1 0 -1
ciMethod org/apache/maven/model/Model setDescription (Ljava/lang/String;)V 256 0 128 0 0
ciMethod org/apache/maven/model/Model setGroupId (Ljava/lang/String;)V 256 0 128 0 -1
ciMethod org/apache/maven/model/Model setInceptionYear (Ljava/lang/String;)V 262 0 131 0 -1
ciMethod org/apache/maven/model/Model setModelVersion (Ljava/lang/String;)V 256 0 128 0 -1
ciMethod org/apache/maven/model/Model setName (Ljava/lang/String;)V 256 0 128 0 0
ciMethod org/apache/maven/model/Model setPackaging (Ljava/lang/String;)V 256 0 128 0 -1
ciMethod org/apache/maven/model/Model setUrl (Ljava/lang/String;)V 256 0 128 0 0
ciMethod org/apache/maven/model/Model setVersion (Ljava/lang/String;)V 256 0 128 0 -1
ciMethod org/apache/maven/model/ModelBase getDependencies ()Ljava/util/List; 514 0 17694 0 0
ciMethod org/apache/maven/model/ModelBase getDependencyManagement ()Lorg/apache/maven/model/DependencyManagement; 258 0 129 0 0
ciMethod org/apache/maven/model/ModelBase getDistributionManagement ()Lorg/apache/maven/model/DistributionManagement; 256 0 128 0 0
ciMethod org/apache/maven/model/ModelBase getModules ()Ljava/util/List; 768 0 11302 0 0
ciMethod org/apache/maven/model/ModelBase getPluginRepositories ()Ljava/util/List; 514 0 9736 0 0
ciMethod org/apache/maven/model/ModelBase getProperties ()Ljava/util/Properties; 1024 0 34721 0 864
ciMethod org/apache/maven/model/ModelBase getReporting ()Lorg/apache/maven/model/Reporting; 258 0 129 0 0
ciMethod org/apache/maven/model/ModelBase getRepositories ()Ljava/util/List; 516 0 14477 0 0
ciMethod org/apache/maven/model/RepositoryPolicy getChecksumPolicy ()Ljava/lang/String; 260 0 130 0 0
ciMethod org/apache/maven/model/RepositoryPolicy getEnabled ()Ljava/lang/String; 128 0 64 0 0
ciMethod org/apache/maven/model/RepositoryPolicy getUpdatePolicy ()Ljava/lang/String; 260 0 130 0 0
ciMethod org/apache/maven/model/RepositoryPolicy setChecksumPolicy (Ljava/lang/String;)V 2 0 1 0 -1
ciMethod org/apache/maven/model/RepositoryPolicy setEnabled (Ljava/lang/String;)V 256 0 128 0 -1
ciMethod org/apache/maven/model/RepositoryPolicy setUpdatePolicy (Ljava/lang/String;)V 46 0 23 0 -1
ciMethod org/apache/maven/model/Dependency getArtifactId ()Ljava/lang/String; 266 0 133 0 -1
ciMethod org/apache/maven/model/Dependency getClassifier ()Ljava/lang/String; 268 0 134 0 -1
ciMethod org/apache/maven/model/Dependency getExclusions ()Ljava/util/List; 1024 0 66175 0 -1
ciMethod org/apache/maven/model/Dependency getGroupId ()Ljava/lang/String; 266 0 133 0 -1
ciMethod org/apache/maven/model/Dependency getOptional ()Ljava/lang/String; 266 0 133 0 -1
ciMethod org/apache/maven/model/Dependency getScope ()Ljava/lang/String; 530 0 265 0 -1
ciMethod org/apache/maven/model/Dependency getSystemPath ()Ljava/lang/String; 266 0 133 0 -1
ciMethod org/apache/maven/model/Dependency getType ()Ljava/lang/String; 268 0 134 0 -1
ciMethod org/apache/maven/model/Dependency getVersion ()Ljava/lang/String; 532 0 266 0 -1
ciMethod org/apache/maven/model/Dependency setArtifactId (Ljava/lang/String;)V 266 0 133 0 -1
ciMethod org/apache/maven/model/Dependency setClassifier (Ljava/lang/String;)V 1174 0 587 0 -1
ciMethod org/apache/maven/model/Dependency setGroupId (Ljava/lang/String;)V 266 0 133 0 -1
ciMethod org/apache/maven/model/Dependency setOptional (Ljava/lang/String;)V 258 0 129 0 -1
ciMethod org/apache/maven/model/Dependency setScope (Ljava/lang/String;)V 280 0 140 0 -1
ciMethod org/apache/maven/model/Dependency setSystemPath (Ljava/lang/String;)V 1280 0 640 0 -1
ciMethod org/apache/maven/model/Dependency setType (Ljava/lang/String;)V 30 0 15 0 -1
ciMethod org/apache/maven/model/Dependency setVersion (Ljava/lang/String;)V 266 0 133 0 -1
ciMethod org/apache/maven/model/Dependency clearManagementKey ()V 0 0 192 0 -1
ciMethod org/apache/maven/model/Repository getReleases ()Lorg/apache/maven/model/RepositoryPolicy; 260 0 130 0 0
ciMethod org/apache/maven/model/Repository getSnapshots ()Lorg/apache/maven/model/RepositoryPolicy; 260 0 130 0 0
ciMethod org/apache/maven/model/RepositoryBase getId ()Ljava/lang/String; 260 0 130 0 0
ciMethod org/apache/maven/model/RepositoryBase getLayout ()Ljava/lang/String; 256 0 128 0 0
ciMethod org/apache/maven/model/RepositoryBase getName ()Ljava/lang/String; 264 0 132 0 0
ciMethod org/apache/maven/model/RepositoryBase getUrl ()Ljava/lang/String; 270 0 135 0 0
ciMethod org/apache/maven/model/RepositoryBase setId (Ljava/lang/String;)V 256 0 128 0 0
ciMethod org/apache/maven/model/RepositoryBase setLayout (Ljava/lang/String;)V 70 0 35 0 -1
ciMethod org/apache/maven/model/RepositoryBase setName (Ljava/lang/String;)V 256 0 128 0 0
ciMethod org/apache/maven/model/RepositoryBase setUrl (Ljava/lang/String;)V 260 0 130 0 0
ciMethod org/apache/maven/model/Build getExtensions ()Ljava/util/List; 770 0 8054 0 -1
ciMethod org/apache/maven/model/Build getOutputDirectory ()Ljava/lang/String; 260 0 130 0 -1
ciMethod org/apache/maven/model/Build getScriptSourceDirectory ()Ljava/lang/String; 256 0 128 0 -1
ciMethod org/apache/maven/model/Build getSourceDirectory ()Ljava/lang/String; 258 0 129 0 -1
ciMethod org/apache/maven/model/Build getTestOutputDirectory ()Ljava/lang/String; 256 0 128 0 -1
ciMethod org/apache/maven/model/Build getTestSourceDirectory ()Ljava/lang/String; 256 0 128 0 -1
ciMethod org/apache/maven/model/Build setOutputDirectory (Ljava/lang/String;)V 258 0 129 0 -1
ciMethod org/apache/maven/model/Build setScriptSourceDirectory (Ljava/lang/String;)V 258 0 129 0 -1
ciMethod org/apache/maven/model/Build setSourceDirectory (Ljava/lang/String;)V 258 0 129 0 -1
ciMethod org/apache/maven/model/Build setTestOutputDirectory (Ljava/lang/String;)V 258 0 129 0 -1
ciMethod org/apache/maven/model/Build setTestSourceDirectory (Ljava/lang/String;)V 258 0 129 0 -1
ciMethod org/apache/maven/model/ReportSet getId ()Ljava/lang/String; 262 0 131 0 0
ciMethod org/apache/maven/model/ReportSet getReports ()Ljava/util/List; 488 0 641 0 0
ciMethod org/apache/maven/model/ReportSet setId (Ljava/lang/String;)V 202 0 101 0 0
ciMethod org/apache/maven/model/ReportPlugin getArtifactId ()Ljava/lang/String; 340 0 170 0 0
ciMethod org/apache/maven/model/ReportPlugin getGroupId ()Ljava/lang/String; 340 0 170 0 0
ciMethod org/apache/maven/model/ReportPlugin getReportSets ()Ljava/util/List; 538 0 4859 0 0
ciMethod org/apache/maven/model/ReportPlugin getVersion ()Ljava/lang/String; 328 0 164 0 0
ciMethod org/apache/maven/model/ReportPlugin setArtifactId (Ljava/lang/String;)V 258 0 129 0 -1
ciMethod org/apache/maven/model/ReportPlugin setGroupId (Ljava/lang/String;)V 300 0 150 0 -1
ciMethod org/apache/maven/model/ReportPlugin setVersion (Ljava/lang/String;)V 276 0 138 0 0
ciMethod org/apache/maven/model/Reporting getExcludeDefaults ()Ljava/lang/String; 256 0 128 0 0
ciMethod org/apache/maven/model/Reporting getOutputDirectory ()Ljava/lang/String; 256 0 128 0 0
ciMethod org/apache/maven/model/Reporting getPlugins ()Ljava/util/List; 1024 0 5940 0 0
ciMethod org/apache/maven/model/Reporting setExcludeDefaults (Ljava/lang/String;)V 0 0 1 0 -1
ciMethod org/apache/maven/model/Reporting setOutputDirectory (Ljava/lang/String;)V 258 0 129 0 0
ciMethod org/apache/maven/model/Profile getActivation ()Lorg/apache/maven/model/Activation; 264 0 132 0 -1
ciMethod org/apache/maven/model/Profile getBuild ()Lorg/apache/maven/model/BuildBase; 256 0 128 0 -1
ciMethod org/apache/maven/model/Profile getId ()Ljava/lang/String; 258 0 129 0 -1
ciMethod org/apache/maven/model/Profile setId (Ljava/lang/String;)V 256 0 128 0 -1
ciMethod org/apache/maven/model/interpolation/StringVisitorModelInterpolator$InnerInterpolator interpolate (Ljava/lang/String;)Ljava/lang/String; 0 0 1 0 -1
ciMethod org/apache/maven/model/Relocation getArtifactId ()Ljava/lang/String; 0 0 1 0 -1
ciMethod org/apache/maven/model/Relocation getGroupId ()Ljava/lang/String; 0 0 1 0 -1
ciMethod org/apache/maven/model/Relocation getMessage ()Ljava/lang/String; 0 0 1 0 -1
ciMethod org/apache/maven/model/Relocation getVersion ()Ljava/lang/String; 0 0 1 0 -1
ciMethod org/apache/maven/model/Relocation setArtifactId (Ljava/lang/String;)V 0 0 1 0 -1
ciMethod org/apache/maven/model/Relocation setGroupId (Ljava/lang/String;)V 0 0 1 0 -1
ciMethod org/apache/maven/model/Relocation setMessage (Ljava/lang/String;)V 0 0 1 0 -1
ciMethod org/apache/maven/model/Relocation setVersion (Ljava/lang/String;)V 0 0 1 0 -1
ciMethod org/apache/maven/model/Contributor getEmail ()Ljava/lang/String; 396 0 198 0 -1
ciMethod org/apache/maven/model/Contributor getName ()Ljava/lang/String; 396 0 198 0 -1
ciMethod org/apache/maven/model/Contributor getOrganization ()Ljava/lang/String; 396 0 198 0 -1
ciMethod org/apache/maven/model/Contributor getOrganizationUrl ()Ljava/lang/String; 396 0 198 0 -1
ciMethod org/apache/maven/model/Contributor getRoles ()Ljava/util/List; 852 0 8216 0 -1
ciMethod org/apache/maven/model/Contributor getUrl ()Ljava/lang/String; 396 0 198 0 -1
ciMethod org/apache/maven/model/Contributor setEmail (Ljava/lang/String;)V 288 0 144 0 -1
ciMethod org/apache/maven/model/Contributor setName (Ljava/lang/String;)V 330 0 165 0 -1
ciMethod org/apache/maven/model/Contributor setOrganization (Ljava/lang/String;)V 264 0 132 0 -1
ciMethod org/apache/maven/model/Contributor setOrganizationUrl (Ljava/lang/String;)V 92 0 46 0 -1
ciMethod org/apache/maven/model/Contributor setUrl (Ljava/lang/String;)V 80 0 40 0 -1
ciMethod org/apache/maven/model/Developer getId ()Ljava/lang/String; 376 0 188 0 -1
ciMethod org/apache/maven/model/Developer setId (Ljava/lang/String;)V 286 0 143 0 -1
ciMethod org/apache/maven/model/License getComments ()Ljava/lang/String; 256 0 128 0 -1
ciMethod org/apache/maven/model/License getDistribution ()Ljava/lang/String; 256 0 128 0 -1
ciMethod org/apache/maven/model/License getName ()Ljava/lang/String; 256 0 128 0 -1
ciMethod org/apache/maven/model/License getUrl ()Ljava/lang/String; 256 0 128 0 -1
ciMethod org/apache/maven/model/License setComments (Ljava/lang/String;)V 256 0 128 0 -1
ciMethod org/apache/maven/model/License setDistribution (Ljava/lang/String;)V 256 0 128 0 -1
ciMethod org/apache/maven/model/License setName (Ljava/lang/String;)V 256 0 128 0 -1
ciMethod org/apache/maven/model/License setUrl (Ljava/lang/String;)V 256 0 128 0 -1
ciMethod org/apache/maven/model/Scm getChildScmConnectionInheritAppendPath ()Ljava/lang/String; 256 0 128 0 -1
ciMethod org/apache/maven/model/Scm getChildScmDeveloperConnectionInheritAppendPath ()Ljava/lang/String; 256 0 128 0 -1
ciMethod org/apache/maven/model/Scm getChildScmUrlInheritAppendPath ()Ljava/lang/String; 256 0 128 0 -1
ciMethod org/apache/maven/model/Scm getConnection ()Ljava/lang/String; 260 0 130 0 -1
ciMethod org/apache/maven/model/Scm getDeveloperConnection ()Ljava/lang/String; 260 0 130 0 -1
ciMethod org/apache/maven/model/Scm getTag ()Ljava/lang/String; 260 0 130 0 -1
ciMethod org/apache/maven/model/Scm getUrl ()Ljava/lang/String; 260 0 130 0 -1
ciMethod org/apache/maven/model/Scm setChildScmConnectionInheritAppendPath (Ljava/lang/String;)V 0 0 1 0 -1
ciMethod org/apache/maven/model/Scm setChildScmDeveloperConnectionInheritAppendPath (Ljava/lang/String;)V 0 0 1 0 -1
ciMethod org/apache/maven/model/Scm setChildScmUrlInheritAppendPath (Ljava/lang/String;)V 0 0 1 0 -1
ciMethod org/apache/maven/model/Scm setConnection (Ljava/lang/String;)V 256 0 128 0 -1
ciMethod org/apache/maven/model/Scm setDeveloperConnection (Ljava/lang/String;)V 258 0 129 0 -1
ciMethod org/apache/maven/model/Scm setTag (Ljava/lang/String;)V 258 0 129 0 -1
ciMethod org/apache/maven/model/Scm setUrl (Ljava/lang/String;)V 256 0 128 0 -1
ciMethod org/apache/maven/model/DistributionManagement getDownloadUrl ()Ljava/lang/String; 264 0 132 0 0
ciMethod org/apache/maven/model/DistributionManagement getRelocation ()Lorg/apache/maven/model/Relocation; 256 0 128 0 0
ciMethod org/apache/maven/model/DistributionManagement getRepository ()Lorg/apache/maven/model/DeploymentRepository; 256 0 128 0 0
ciMethod org/apache/maven/model/DistributionManagement getSite ()Lorg/apache/maven/model/Site; 256 0 128 0 0
ciMethod org/apache/maven/model/DistributionManagement getSnapshotRepository ()Lorg/apache/maven/model/DeploymentRepository; 256 0 128 0 0
ciMethod org/apache/maven/model/DistributionManagement setDownloadUrl (Ljava/lang/String;)V 46 0 23 0 -1
ciMethod org/apache/maven/model/DependencyManagement getDependencies ()Ljava/util/List; 518 0 5757 0 384
ciMethod org/apache/maven/model/merge/ModelMerger$MergingList iterator ()Ljava/util/Iterator; 512 0 6400 0 832
ciMethod org/apache/maven/model/Parent getRelativePath ()Ljava/lang/String; 256 0 128 0 -1
ciMethod org/apache/maven/model/Parent getVersion ()Ljava/lang/String; 256 0 128 0 -1
ciMethod org/apache/maven/model/Parent setArtifactId (Ljava/lang/String;)V 256 0 128 0 -1
ciMethod org/apache/maven/model/Parent setGroupId (Ljava/lang/String;)V 256 0 128 0 -1
ciMethod org/apache/maven/model/Parent setRelativePath (Ljava/lang/String;)V 252 0 126 0 -1
ciMethod org/apache/maven/model/Parent setVersion (Ljava/lang/String;)V 256 0 128 0 -1
ciMethod org/apache/maven/model/Parent getArtifactId ()Ljava/lang/String; 258 0 129 0 -1
ciMethod org/apache/maven/model/Parent getGroupId ()Ljava/lang/String; 260 0 130 0 -1
ciMethod org/apache/maven/model/interpolation/StringVisitorModelInterpolator$ModelVisitor visit (Lorg/apache/maven/model/Model;)V 406 6156 1099 0 -1
ciMethod org/apache/maven/model/interpolation/StringVisitorModelInterpolator$ModelVisitor visit (Lorg/apache/maven/model/Parent;)V 406 0 1112 0 0
ciMethod org/apache/maven/model/interpolation/StringVisitorModelInterpolator$ModelVisitor visit (Lorg/apache/maven/model/Organization;)V 406 0 1112 0 0
ciMethod org/apache/maven/model/interpolation/StringVisitorModelInterpolator$ModelVisitor visit (Lorg/apache/maven/model/License;)V 420 0 1099 0 0
ciMethod org/apache/maven/model/interpolation/StringVisitorModelInterpolator$ModelVisitor visit (Lorg/apache/maven/model/Developer;)V 768 0 13671 0 0
ciMethod org/apache/maven/model/interpolation/StringVisitorModelInterpolator$ModelVisitor visit (Lorg/apache/maven/model/Contributor;)V 852 0 7925 0 1440
ciMethod org/apache/maven/model/interpolation/StringVisitorModelInterpolator$ModelVisitor visit (Lorg/apache/maven/model/MailingList;)V 512 0 1822 0 0
ciMethod org/apache/maven/model/interpolation/StringVisitorModelInterpolator$ModelVisitor visit (Lorg/apache/maven/model/Prerequisites;)V 406 0 1112 0 0
ciMethod org/apache/maven/model/interpolation/StringVisitorModelInterpolator$ModelVisitor visit (Lorg/apache/maven/model/Scm;)V 406 0 1112 0 0
ciMethod org/apache/maven/model/interpolation/StringVisitorModelInterpolator$ModelVisitor visit (Lorg/apache/maven/model/IssueManagement;)V 406 0 1112 0 0
ciMethod org/apache/maven/model/interpolation/StringVisitorModelInterpolator$ModelVisitor visit (Lorg/apache/maven/model/CiManagement;)V 406 16 1112 0 0
ciMethod org/apache/maven/model/interpolation/StringVisitorModelInterpolator$ModelVisitor visit (Lorg/apache/maven/model/Notifier;)V 128 0 162 0 -1
ciMethod org/apache/maven/model/interpolation/StringVisitorModelInterpolator$ModelVisitor visit (Lorg/apache/maven/model/BuildBase;)V 512 2694 1890 0 -1
ciMethod org/apache/maven/model/interpolation/StringVisitorModelInterpolator$ModelVisitor visit (Lorg/apache/maven/model/Build;)V 406 32 1112 0 0
ciMethod org/apache/maven/model/interpolation/StringVisitorModelInterpolator$ModelVisitor visit (Lorg/codehaus/plexus/util/xml/Xpp3Dom;)V 1024 516 5704 0 3776
ciMethod org/apache/maven/model/interpolation/StringVisitorModelInterpolator$ModelVisitor visit (Lorg/apache/maven/model/Extension;)V 56 0 161 0 -1
ciMethod org/apache/maven/model/interpolation/StringVisitorModelInterpolator$ModelVisitor visit (Lorg/apache/maven/model/Profile;)V 208 0 765 0 0
ciMethod org/apache/maven/model/interpolation/StringVisitorModelInterpolator$ModelVisitor visit (Lorg/apache/maven/model/Activation;)V 470 0 777 0 -1
ciMethod org/apache/maven/model/interpolation/StringVisitorModelInterpolator$ModelVisitor visit (Lorg/apache/maven/model/ModelBase;)V 464 2052 1864 0 0
ciMethod org/apache/maven/model/interpolation/StringVisitorModelInterpolator$ModelVisitor visit (Lorg/apache/maven/model/DistributionManagement;)V 464 0 1864 0 0
ciMethod org/apache/maven/model/interpolation/StringVisitorModelInterpolator$ModelVisitor visit (Lorg/apache/maven/model/Site;)V 384 0 922 0 0
ciMethod org/apache/maven/model/interpolation/StringVisitorModelInterpolator$ModelVisitor visit (Lorg/apache/maven/model/Relocation;)V 384 0 934 0 -1
ciMethod org/apache/maven/model/interpolation/StringVisitorModelInterpolator$ModelVisitor visit (Lorg/apache/maven/model/DependencyManagement;)V 1778 26262 1860 0 0
ciMethod org/apache/maven/model/interpolation/StringVisitorModelInterpolator$ModelVisitor visit (Lorg/apache/maven/model/Repository;)V 770 0 4963 0 0
ciMethod org/apache/maven/model/interpolation/StringVisitorModelInterpolator$ModelVisitor visit (Lorg/apache/maven/model/RepositoryBase;)V 520 0 4889 0 0
ciMethod org/apache/maven/model/interpolation/StringVisitorModelInterpolator$ModelVisitor visit (Lorg/apache/maven/model/RepositoryPolicy;)V 512 0 5426 0 288
ciMethod org/apache/maven/model/interpolation/StringVisitorModelInterpolator$ModelVisitor visit (Lorg/apache/maven/model/Dependency;)V 1024 338 16990 0 3296
ciMethod org/apache/maven/model/interpolation/StringVisitorModelInterpolator$ModelVisitor visit (Lorg/apache/maven/model/Exclusion;)V 382 0 6691 0 -1
ciMethod org/apache/maven/model/interpolation/StringVisitorModelInterpolator$ModelVisitor visit (Lorg/apache/maven/model/Reporting;)V 464 342 1868 0 0
ciMethod org/apache/maven/model/interpolation/StringVisitorModelInterpolator$ModelVisitor visit (Lorg/apache/maven/model/ReportPlugin;)V 514 162 1567 0 0
ciMethod org/apache/maven/model/interpolation/StringVisitorModelInterpolator$ModelVisitor visit (Lorg/apache/maven/model/ReportSet;)V 162 0 414 0 0
ciMethod org/apache/maven/model/interpolation/StringVisitorModelInterpolator$ModelVisitor visit (Ljava/util/Properties;)V 248 10266 1179 0 2112
ciMethod org/apache/maven/model/interpolation/StringVisitorModelInterpolator$ModelVisitor visit (Ljava/util/List;)V 778 548 7590 0 672
ciMethod org/apache/maven/model/interpolation/StringVisitorModelInterpolator$ModelVisitor interpolate (Ljava/lang/String;)Ljava/lang/String; 802 0 337878 0 2816
ciMethodData org/apache/maven/model/interpolation/StringVisitorModelInterpolator$ModelVisitor interpolate (Ljava/lang/String;)Ljava/lang/String; 2 338356 orig 80 0 0 0 0 0 0 0 0 0 0 0 0 88 2 0 0 0 0 0 0 0 0 0 0 0 0 0 0 0 0 0 0 0 0 0 0 0 0 0 0 0 0 0 0 0 0 0 0 0 0 0 0 0 0 0 0 0 0 0 0 0 0 0 0 0 0 0 0 0 0 0 0 0 0 0 0 0 0 0 0 data 17 0x50005 0x0 0x0 0x2586d8f32f0 0x52823 0x0 0x0 0x0 0x0 0x0 0x0 0x0 0x0 0x9 0x2 0x0 0xffffffffffffffff oops 1 3 org/apache/maven/model/interpolation/StringVisitorModelInterpolator$1 methods 0
ciMethod org/apache/maven/model/MailingList getArchive ()Ljava/lang/String; 258 0 129 0 -1
ciMethod org/apache/maven/model/MailingList getName ()Ljava/lang/String; 258 0 129 0 -1
ciMethod org/apache/maven/model/MailingList getPost ()Ljava/lang/String; 258 0 129 0 -1
ciMethod org/apache/maven/model/MailingList getSubscribe ()Ljava/lang/String; 258 0 129 0 -1
ciMethod org/apache/maven/model/MailingList getUnsubscribe ()Ljava/lang/String; 258 0 129 0 -1
ciMethod org/apache/maven/model/MailingList setArchive (Ljava/lang/String;)V 256 0 128 0 -1
ciMethod org/apache/maven/model/MailingList setName (Ljava/lang/String;)V 264 0 132 0 -1
ciMethod org/apache/maven/model/MailingList setPost (Ljava/lang/String;)V 256 0 128 0 -1
ciMethod org/apache/maven/model/MailingList setSubscribe (Ljava/lang/String;)V 256 0 128 0 -1
ciMethod org/apache/maven/model/MailingList setUnsubscribe (Ljava/lang/String;)V 256 0 128 0 -1
ciMethod org/apache/maven/model/Prerequisites getMaven ()Ljava/lang/String; 72 0 36 0 -1
ciMethod org/apache/maven/model/Prerequisites setMaven (Ljava/lang/String;)V 244 0 122 0 -1
ciMethod org/apache/maven/model/CiManagement getNotifiers ()Ljava/util/List; 512 0 1794 0 -1
ciMethod org/apache/maven/model/CiManagement getSystem ()Ljava/lang/String; 258 0 129 0 -1
ciMethod org/apache/maven/model/CiManagement getUrl ()Ljava/lang/String; 258 0 129 0 -1
ciMethod org/apache/maven/model/CiManagement setSystem (Ljava/lang/String;)V 256 0 128 0 -1
ciMethod org/apache/maven/model/CiManagement setUrl (Ljava/lang/String;)V 258 0 129 0 -1
ciMethod org/apache/maven/model/Organization getName ()Ljava/lang/String; 256 0 128 0 -1
ciMethod org/apache/maven/model/Organization getUrl ()Ljava/lang/String; 256 0 128 0 -1
ciMethod org/apache/maven/model/Organization setName (Ljava/lang/String;)V 256 0 128 0 -1
ciMethod org/apache/maven/model/Organization setUrl (Ljava/lang/String;)V 256 0 128 0 -1
ciMethod org/apache/maven/model/IssueManagement getSystem ()Ljava/lang/String; 258 0 129 0 -1
ciMethod org/apache/maven/model/IssueManagement getUrl ()Ljava/lang/String; 258 0 129 0 -1
ciMethod org/apache/maven/model/IssueManagement setSystem (Ljava/lang/String;)V 256 0 128 0 -1
ciMethod org/apache/maven/model/IssueManagement setUrl (Ljava/lang/String;)V 256 0 128 0 -1
ciMethodData org/codehaus/plexus/util/xml/Xpp3Dom getChildCount ()I 2 33269 orig 80 0 0 0 0 0 0 0 0 0 0 0 0 0 0 0 0 0 0 0 0 0 0 0 0 0 0 0 0 0 0 0 0 0 0 0 0 0 0 0 0 0 0 0 0 0 0 0 0 0 0 0 0 0 0 0 0 0 0 0 0 0 0 0 0 0 0 0 0 0 0 0 0 0 0 0 0 0 0 0 0 data 20 0x50007 0x7ff6 0x20 0x0 0xe0005 0x0 0x0 0x25826b6c810 0x7ff6 0x0 0x0 0x0 0x0 0x0 0x0 0x0 0x0 0x9 0x1 0x0 oops 1 7 java/util/ArrayList methods 0
ciMethodData org/codehaus/plexus/util/xml/Xpp3Dom getAttributeNames ()[Ljava/lang/String; 2 7051 orig 80 0 0 0 0 0 0 0 0 0 0 0 0 0 0 0 0 0 0 0 0 0 0 0 0 0 0 0 0 0 0 0 0 0 0 0 0 0 0 0 0 0 0 0 0 0 0 0 0 0 0 0 0 0 0 0 0 0 0 0 0 0 0 0 0 0 0 0 0 0 0 0 0 0 0 0 0 0 0 0 0 data 45 0x50007 0x1964 0x78 0x28 0xc0005 0x0 0x0 0x25871df5b00 0x28 0x0 0x0 0x110007 0x28 0x20 0x0 0x1c0005 0x0 0x0 0x25871df5b00 0x28 0x0 0x0 0x240005 0x0 0x0 0x2586d8f69b0 0x28 0x0 0x0 0x290004 0x0 0x0 0x25870e18ee0 0x28 0x0 0x0 0x0 0x0 0x0 0x0 0x0 0x0 0x9 0x1 0x0 oops 4 7 java/util/HashMap 18 java/util/HashMap 25 java/util/HashMap$KeySet 32 [Ljava/lang/String; methods 0
ciMethodData org/codehaus/plexus/util/xml/Xpp3Dom getAttribute (Ljava/lang/String;)Ljava/lang/String; 2 14532 orig 80 0 0 0 0 0 0 0 0 0 0 0 0 0 0 0 0 0 0 0 0 0 0 0 0 0 0 0 0 0 0 0 0 0 0 0 0 0 0 0 0 0 0 0 0 0 0 0 0 0 0 0 0 0 0 0 0 0 0 0 0 0 0 0 0 0 0 0 0 0 0 0 0 0 0 0 0 0 0 0 0 data 31 0x50007 0x1274 0xa8 0x2650 0xd0005 0x0 0x0 0x25871df5b00 0x2650 0x0 0x0 0x120104 0x0 0x0 0x25826b69500 0x132b 0x0 0x0 0x150003 0x2650 0x18 0x0 0x0 0x0 0x0 0x0 0x0 0x9 0x2 0x0 0xffffffffffffffff oops 2 7 java/util/HashMap 14 java/lang/String methods 0
ciMethodData org/codehaus/plexus/util/xml/Xpp3Dom setAttribute (Ljava/lang/String;Ljava/lang/String;)V 2 6270 orig 80 0 0 0 0 0 0 0 0 0 0 0 0 0 0 0 0 0 0 0 0 0 0 0 0 0 0 0 0 0 0 0 0 0 0 0 0 0 0 0 0 0 0 0 0 0 0 0 0 0 0 0 0 0 0 0 0 0 0 0 0 0 0 0 0 0 0 0 0 0 0 0 0 0 0 0 0 0 0 0 0 data 36 0x20007 0x187e 0x30 0x0 0xb0002 0x0 0x110007 0x187e 0x30 0x0 0x1a0002 0x0 0x230007 0x2d0 0x30 0x15ae 0x2b0002 0x15ae 0x370005 0x0 0x0 0x25871df5b00 0x187e 0x0 0x0 0x0 0x0 0x0 0x0 0x0 0x0 0x9 0x3 0xc 0xffffffffffffffff 0xffffffffffffffff oops 1 21 java/util/HashMap methods 0
ciMethodData org/codehaus/plexus/util/xml/Xpp3Dom getChild (I)Lorg/codehaus/plexus/util/xml/Xpp3Dom; 2 12768 orig 80 0 0 0 0 0 0 0 0 0 0 0 0 0 0 0 0 0 0 0 0 0 0 0 0 0 0 0 0 0 0 0 0 0 0 0 0 0 0 0 0 0 0 0 0 0 0 0 0 0 0 0 0 0 0 0 0 0 0 0 0 0 0 0 0 0 0 0 0 0 0 0 0 0 0 0 0 0 0 0 0 data 24 0x50005 0x0 0x0 0x25826b6c810 0x3064 0x0 0x0 0xa0004 0x0 0x0 0x2586d971dd0 0x3064 0x0 0x0 0x0 0x0 0x0 0x0 0x0 0x0 0x9 0x2 0x0 0x0 oops 2 3 java/util/ArrayList 10 org/codehaus/plexus/util/xml/Xpp3Dom methods 0
ciMethodData org/apache/maven/model/interpolation/StringVisitorModelInterpolator$ModelVisitor visit (Lorg/apache/maven/model/Dependency;)V 2 16990 orig 80 2 0 0 0 0 0 0 0 0 0 0 0 0 0 0 0 0 0 0 0 0 0 0 0 0 0 0 0 0 0 0 0 0 0 0 0 0 0 0 2 0 0 0 0 0 0 0 0 0 0 0 0 0 0 0 0 0 0 0 0 0 0 0 0 0 0 0 0 0 0 0 0 0 0 0 0 0 0 0 0 data 246 0x10007 0x0 0x760 0x405f 0x50005 0x0 0x0 0x2586e0ee0e0 0x405f 0x0 0x0 0xb0002 0x405f 0x8000000600110007 0x3feb 0x90 0x75 0x160005 0x0 0x0 0x2586e0ee0e0 0x75 0x0 0x0 0x1a0005 0x0 0x0 0x2586e0ee0e0 0x75 0x0 0x0 0x1e0005 0x0 0x0 0x2586e0ee0e0 0x4060 0x0 0x0 0x240002 0x4060 0x80000006002a0007 0x402c 0x90 0x35 0x2f0005 0x0 0x0 0x2586e0ee0e0 0x35 0x0 0x0 0x330005 0x0 0x0 0x2586e0ee0e0 0x35 0x0 0x0 0x370005 0x0 0x0 0x2586e0ee0e0 0x4061 0x0 0x0 0x3d0002 0x4061 0x430007 0x1e66 0x58 0x21fb 0x480005 0x0 0x0 0x2586e0ee0e0 0x21fb 0x0 0x0 0x4c0005 0x0 0x0 0x2586e0ee0e0 0x4061 0x0 0x0 0x520002 0x4061 0x580007 0x405b 0x90 0x6 0x5d0005 0x0 0x0 0x2586e0ee0e0 0x6 0x0 0x0 0x610005 0x0 0x0 0x2586e0ee0e0 0x6 0x0 0x0 0x650005 0x0 0x0 0x2586e0ee0e0 0x4061 0x0 0x0 0x6b0002 0x4061 0x710007 0x4051 0x90 0x10 0x760005 0x0 0x0 0x2586e0ee0e0 0x10 0x0 0x0 0x7a0005 0x0 0x0 0x2586e0ee0e0 0x10 0x0 0x0 0x7e0005 0x0 0x0 0x2586e0ee0e0 0x4061 0x0 0x0 0x840002 0x4061 0x8a0007 0x4061 0x58 0x0 0x8f0005 0x0 0x0 0x0 0x0 0x0 0x0 0x930005 0x0 0x0 0x2586e0ee0e0 0x4061 0x0 0x0 0x990002 0x4061 0x9f0007 0x405d 0x58 0x4 0xa40005 0x0 0x0 0x2586e0ee0e0 0x4 0x0 0x0 0xa80005 0x0 0x0 0x2586e0ee0e0 0x4061 0x0 0x0 0xab0005 0x0 0x0 0x25826b6c810 0x4061 0x0 0x0 0xb40005 0x0 0x0 0x2587450e080 0x5de0 0x0 0x0 0xb90007 0x4061 0xb8 0x1d7f 0xbe0005 0x0 0x0 0x2587450e080 0x1d7f 0x0 0x0 0xc30004 0x0 0x0 0x2586e0f4f70 0x1d7f 0x0 0x0 0xcb0002 0x1d7f 0xce0003 0x1d7f 0xffffffffffffff28 0xd20005 0x0 0x0 0x2586e0ee0e0 0x4061 0x0 0x0 0xd80002 0x4061 0xde0007 0x4061 0x58 0x0 0xe30005 0x0 0x0 0x0 0x0 0x0 0x0 0x0 0x0 0x0 0x0 0x0 0x0 0x9 0x2 0x0 0x0 oops 23 7 org/apache/maven/model/Dependency 20 org/apache/maven/model/Dependency 27 org/apache/maven/model/Dependency 34 org/apache/maven/model/Dependency 47 org/apache/maven/model/Dependency 54 org/apache/maven/model/Dependency 61 org/apache/maven/model/Dependency 74 org/apache/maven/model/Dependency 81 org/apache/maven/model/Dependency 94 org/apache/maven/model/Dependency 101 org/apache/maven/model/Dependency 108 org/apache/maven/model/Dependency 121 org/apache/maven/model/Dependency 128 org/apache/maven/model/Dependency 135 org/apache/maven/model/Dependency 155 org/apache/maven/model/Dependency 168 org/apache/maven/model/Dependency 175 org/apache/maven/model/Dependency 182 java/util/ArrayList 189 java/util/ArrayList$Itr 200 java/util/ArrayList$Itr 207 org/apache/maven/model/Exclusion 219 org/apache/maven/model/Dependency methods 0
ciMethodData org/apache/maven/model/interpolation/StringVisitorModelInterpolator$ModelVisitor visit (Lorg/codehaus/plexus/util/xml/Xpp3Dom;)V 2 5704 orig 80 0 0 0 0 0 0 0 0 0 0 0 0 0 0 0 0 0 0 0 0 0 0 0 0 0 0 0 0 0 0 0 0 0 0 0 0 0 0 0 0 0 0 0 0 0 0 0 0 0 0 0 0 0 0 0 0 0 0 0 0 0 0 0 0 0 0 0 0 0 0 0 0 0 0 0 0 0 0 0 0 data 91 0x10007 0x5ec 0x288 0xe5d 0x50005 0x0 0x0 0x2586d971dd0 0xe5d 0x0 0x0 0xb0002 0xe5d 0x110007 0xc8a 0x58 0x1d3 0x160005 0x0 0x0 0x2586d971dd0 0x1d3 0x0 0x0 0x1a0005 0x0 0x0 0x2586d971dd0 0xe5d 0x0 0x0 0x2b0007 0xe5d 0xd8 0x44 0x380005 0x0 0x0 0x2586d971dd0 0x44 0x0 0x0 0x3e0002 0x44 0x440007 0x38 0x58 0xc 0x4b0005 0x0 0x0 0x2586d971dd0 0xc 0x0 0x0 0x510003 0x44 0xffffffffffffff40 0x580005 0x0 0x0 0x2586d971dd0 0xe5d 0x0 0x0 0x610007 0xe5d 0x80 0xb6d 0x680005 0x0 0x0 0x2586d971dd0 0xb6d 0x0 0x0 0x6b0002 0xb6d 0x710003 0xb6d 0xffffffffffffff98 0x0 0x0 0x0 0x0 0x0 0x0 0x9 0x2 0x0 0x0 oops 7 7 org/codehaus/plexus/util/xml/Xpp3Dom 20 org/codehaus/plexus/util/xml/Xpp3Dom 27 org/codehaus/plexus/util/xml/Xpp3Dom 38 org/codehaus/plexus/util/xml/Xpp3Dom 51 org/codehaus/plexus/util/xml/Xpp3Dom 61 org/codehaus/plexus/util/xml/Xpp3Dom 72 org/codehaus/plexus/util/xml/Xpp3Dom methods 0
ciMethodData org/apache/maven/model/ModelBase getProperties ()Ljava/util/Properties; 2 34721 orig 80 0 0 0 0 0 0 0 0 0 0 0 0 0 0 0 0 0 0 0 0 0 0 0 0 0 0 0 0 0 0 0 0 0 0 0 0 0 0 0 0 0 0 0 0 0 0 0 0 0 0 0 0 0 0 0 0 0 0 0 0 0 0 0 0 0 0 0 0 0 0 0 0 0 0 0 0 0 0 0 0 data 15 0x40007 0x77a6 0x30 0xdfc 0xc0002 0xdfc 0x0 0x0 0x0 0x0 0x0 0x0 0x9 0x1 0xc oops 0 methods 0
ciMethodData org/apache/maven/model/ModelBase getRepositories ()Ljava/util/List; 2 14511 orig 80 0 0 0 0 0 0 0 0 0 0 0 0 88 2 0 0 0 0 0 0 0 0 0 0 0 0 0 0 0 0 0 0 0 0 0 0 0 0 0 0 0 0 0 0 0 0 0 0 0 0 0 0 0 0 0 0 0 0 0 0 0 0 0 0 0 0 0 0 0 0 0 0 0 0 0 0 0 0 0 0 data 15 0x40007 0x2ae0 0x30 0xccd 0xc0002 0xccd 0x0 0x0 0x0 0x0 0x0 0x0 0x9 0x1 0x0 oops 0 methods 0
ciMethodData org/apache/maven/model/interpolation/StringVisitorModelInterpolator$ModelVisitor visit (Ljava/util/List;)V 2 7590 orig 80 0 0 0 0 0 0 0 0 0 0 0 0 88 2 0 0 0 0 0 0 0 0 0 0 0 0 0 0 0 0 0 0 0 0 0 0 0 0 0 0 0 0 0 0 0 0 0 0 0 0 0 0 0 0 0 0 0 0 0 0 0 0 0 0 0 0 0 0 0 0 0 0 0 0 0 0 0 0 0 0 data 62 0x10007 0x0 0x1a0 0x1c21 0x50005 0x0 0x0 0x25826b6c810 0x1c21 0x0 0x0 0xc0005 0x0 0x0 0x258765b0c00 0x3370 0x0 0x0 0x110007 0x1c21 0x110 0x174f 0x150005 0x0 0x0 0x258765b0c00 0x174f 0x0 0x0 0x1a0004 0x0 0x0 0x25826b69500 0x174f 0x0 0x0 0x200002 0x174f 0x280007 0x174b 0x58 0x4 0x2e0005 0x0 0x0 0x258765b0c00 0x4 0x0 0x0 0x330003 0x174f 0xfffffffffffffed0 0x0 0x0 0x0 0x0 0x0 0x0 0x9 0x2 0x0 0xffffffffffffffff oops 5 7 java/util/ArrayList 14 java/util/ArrayList$ListItr 25 java/util/ArrayList$ListItr 32 java/lang/String 45 java/util/ArrayList$ListItr methods 0
ciMethodData org/apache/maven/model/ModelBase getDependencies ()Ljava/util/List; 2 17696 orig 80 0 0 0 0 0 0 0 0 0 0 0 0 88 2 0 0 0 0 0 0 0 0 0 0 0 0 0 0 0 0 0 0 0 0 0 0 0 0 0 0 0 0 0 0 0 0 0 0 0 0 0 0 0 0 0 0 0 0 0 0 0 0 0 0 0 0 0 0 0 0 0 0 0 0 0 0 0 0 0 0 data 15 0x40007 0x3473 0x30 0xfac 0xc0002 0xfac 0x0 0x0 0x0 0x0 0x0 0x0 0x9 0x1 0x0 oops 0 methods 0
ciMethodData org/apache/maven/model/Model getProfiles ()Ljava/util/List; 2 13510 orig 80 0 0 0 0 0 0 0 0 0 0 0 0 88 2 0 0 0 0 0 0 0 0 0 0 0 0 0 0 0 0 0 0 0 0 0 0 0 0 0 0 0 0 0 0 0 0 0 0 0 0 0 0 0 0 0 0 0 0 0 0 0 0 0 0 0 0 0 0 0 0 0 0 0 0 0 0 0 0 0 0 data 15 0x40007 0x3013 0x30 0x3ae 0xc0002 0x3ae 0x0 0x0 0x0 0x0 0x0 0x0 0x9 0x1 0x400000 oops 0 methods 0
ciMethodData org/apache/maven/model/interpolation/StringVisitorModelInterpolator$ModelVisitor visit (Lorg/apache/maven/model/RepositoryPolicy;)V 2 5426 orig 80 0 0 0 0 0 0 0 0 0 0 0 0 88 2 0 0 0 0 0 0 0 0 0 0 0 0 0 0 0 0 0 0 0 0 0 0 0 0 0 0 0 0 0 0 0 0 0 0 0 0 0 0 0 0 0 0 0 0 0 0 0 0 0 0 0 0 0 0 0 0 0 0 0 0 0 0 0 0 0 0 data 74 0x10007 0xd5c 0x200 0x6d6 0x50005 0x0 0x0 0x2586c9549b0 0x6d6 0x0 0x0 0xb0002 0x6d6 0x110007 0x6d6 0x58 0x0 0x160005 0x0 0x0 0x0 0x0 0x0 0x0 0x1a0005 0x0 0x0 0x2586c9549b0 0x6d6 0x0 0x0 0x220002 0x6d6 0x2b0007 0x6d6 0x58 0x0 0x310005 0x0 0x0 0x0 0x0 0x0 0x0 0x350005 0x0 0x0 0x2586c9549b0 0x6d6 0x0 0x0 0x3d0002 0x6d6 0x460007 0x6d6 0x58 0x0 0x4c0005 0x0 0x0 0x0 0x0 0x0 0x0 0x0 0x0 0x0 0x0 0x0 0x0 0x9 0x2 0x0 0x0 oops 3 7 org/apache/maven/model/RepositoryPolicy 27 org/apache/maven/model/RepositoryPolicy 47 org/apache/maven/model/RepositoryPolicy methods 0
ciMethodData org/apache/maven/model/ModelBase getPluginRepositories ()Ljava/util/List; 2 9768 orig 80 0 0 0 0 0 0 0 0 0 0 0 0 88 2 0 0 0 0 0 0 0 0 0 0 0 0 0 0 0 0 0 0 0 0 0 0 0 0 0 0 0 0 0 0 0 0 0 0 0 0 0 0 0 0 0 0 0 0 0 0 0 0 0 0 0 0 0 0 0 0 0 0 0 0 0 0 0 0 0 0 data 15 0x40007 0x162e 0x30 0xef9 0xc0002 0xef9 0x0 0x0 0x0 0x0 0x0 0x0 0x9 0x1 0x0 oops 0 methods 0
ciMethodData org/apache/maven/model/ModelBase getModules ()Ljava/util/List; 2 11302 orig 80 0 0 0 0 0 0 0 0 0 0 0 0 88 2 0 0 0 0 0 0 0 0 0 0 0 0 0 0 0 0 0 0 0 0 0 0 0 0 0 0 0 0 0 0 0 0 0 0 0 0 0 0 0 0 0 0 0 0 0 0 0 0 0 0 0 0 0 0 0 0 0 0 0 0 0 0 0 0 0 0 data 15 0x40007 0x1a7a 0x30 0x102c 0xc0002 0x102c 0x0 0x0 0x0 0x0 0x0 0x0 0x9 0x1 0x0 oops 0 methods 0
ciMethod org/apache/maven/model/Site getChildSiteUrlInheritAppendPath ()Ljava/lang/String; 256 0 128 0 0
ciMethod org/apache/maven/model/Site getId ()Ljava/lang/String; 256 0 128 0 0
ciMethod org/apache/maven/model/Site getName ()Ljava/lang/String; 256 0 128 0 0
ciMethod org/apache/maven/model/Site getUrl ()Ljava/lang/String; 262 0 131 0 0
ciMethod org/apache/maven/model/Site setChildSiteUrlInheritAppendPath (Ljava/lang/String;)V 0 0 1 0 0
ciMethod org/apache/maven/model/Site setId (Ljava/lang/String;)V 256 0 128 0 0
ciMethod org/apache/maven/model/Site setName (Ljava/lang/String;)V 160 0 80 0 0
ciMethod org/apache/maven/model/Site setUrl (Ljava/lang/String;)V 256 0 128 0 0
ciMethod org/apache/maven/model/Notifier getConfiguration ()Ljava/util/Properties; 210 0 225 0 -1
ciMethod org/apache/maven/model/Notifier getType ()Ljava/lang/String; 128 0 64 0 -1
ciMethod org/apache/maven/model/Notifier setType (Ljava/lang/String;)V 84 0 42 0 -1
ciMethodData org/apache/maven/model/DependencyManagement getDependencies ()Ljava/util/List; 2 5757 orig 80 0 0 0 0 0 0 0 0 0 0 0 0 88 2 0 0 0 0 0 0 0 0 0 0 0 0 0 0 0 0 0 0 0 0 0 0 0 0 0 0 0 0 0 0 0 0 0 0 0 0 0 0 0 0 0 0 0 0 0 0 0 0 0 0 0 0 0 0 0 0 0 0 0 0 0 0 0 0 0 0 data 15 0x40007 0x1316 0x30 0x264 0xc0002 0x264 0x0 0x0 0x0 0x0 0x0 0x0 0x9 0x1 0x0 oops 0 methods 0
ciMethodData org/apache/maven/model/Model getMailingLists ()Ljava/util/List; 2 6150 orig 80 0 0 0 0 0 0 0 0 0 0 0 0 88 2 0 0 0 0 0 0 0 0 0 0 0 0 0 0 0 0 0 0 0 0 0 0 0 0 0 0 0 0 0 0 0 0 0 0 0 0 0 0 0 0 0 0 0 0 0 0 0 0 0 0 0 0 0 0 0 0 0 0 0 0 0 0 0 0 0 0 data 15 0x40007 0xcaa 0x30 0xa58 0xc0002 0xa58 0x0 0x0 0x0 0x0 0x0 0x0 0x9 0x1 0x80000 oops 0 methods 0
ciMethodData org/apache/maven/model/interpolation/StringVisitorModelInterpolator$ModelVisitor visit (Lorg/apache/maven/model/Contributor;)V 2 7925 orig 80 0 0 0 0 0 0 0 0 0 0 0 0 88 2 0 0 0 0 0 0 0 0 0 0 0 0 0 0 0 0 0 0 0 0 0 0 0 0 0 0 0 0 0 0 0 0 0 0 0 0 0 0 0 0 0 0 0 0 0 0 0 0 0 0 0 0 0 0 0 0 0 0 0 0 0 0 0 0 0 0 data 123 0x10007 0x0 0x388 0x1d4b 0x50005 0x0 0x0 0x2587450e1e0 0x1989 0x2587450e290 0x3c2 0xb0002 0x1d4b 0x110007 0x1d4b 0x58 0x0 0x160005 0x0 0x0 0x0 0x0 0x0 0x0 0x1a0005 0x0 0x0 0x2587450e1e0 0x1989 0x2587450e290 0x3c2 0x200002 0x1d4b 0x260007 0x1d4b 0x58 0x0 0x2b0005 0x0 0x0 0x0 0x0 0x0 0x0 0x2f0005 0x0 0x0 0x2587450e1e0 0x1989 0x2587450e290 0x3c2 0x350002 0x1d4b 0x3b0007 0x1d4b 0x58 0x0 0x400005 0x0 0x0 0x0 0x0 0x0 0x0 0x440005 0x0 0x0 0x2587450e1e0 0x1989 0x2587450e290 0x3c2 0x4a0002 0x1d4b 0x500007 0x1d4b 0x58 0x0 0x550005 0x0 0x0 0x0 0x0 0x0 0x0 0x590005 0x0 0x0 0x2587450e1e0 0x1989 0x2587450e290 0x3c2 0x5f0002 0x1d4b 0x650007 0x1d4b 0x58 0x0 0x6a0005 0x0 0x0 0x0 0x0 0x0 0x0 0x6f0005 0x0 0x0 0x2587450e1e0 0x1989 0x2587450e290 0x3c2 0x720002 0x1d4b 0x0 0x0 0x0 0x0 0x0 0x0 0x9 0x2 0x0 0x0 oops 12 7 org/apache/maven/model/Developer 9 org/apache/maven/model/Contributor 27 org/apache/maven/model/Developer 29 org/apache/maven/model/Contributor 47 org/apache/maven/model/Developer 49 org/apache/maven/model/Contributor 67 org/apache/maven/model/Developer 69 org/apache/maven/model/Contributor 87 org/apache/maven/model/Developer 89 org/apache/maven/model/Contributor 107 org/apache/maven/model/Developer 109 org/apache/maven/model/Contributor methods 0
ciMethodData org/apache/maven/model/Contributor getRoles ()Ljava/util/List; 2 8216 orig 80 0 0 0 0 0 0 0 0 0 0 0 0 88 2 0 0 0 0 0 0 0 0 0 0 0 0 0 0 0 0 0 0 0 0 0 0 0 0 0 0 0 0 0 0 0 0 0 0 0 0 0 0 0 0 0 0 0 0 0 0 0 0 0 0 0 0 0 0 0 0 0 0 0 0 0 0 0 0 0 0 data 15 0x40007 0x1921 0x30 0x54d 0xc0002 0x54d 0x0 0x0 0x0 0x0 0x0 0x0 0x9 0x1 0x10 oops 0 methods 0
ciMethodData org/apache/maven/model/interpolation/StringVisitorModelInterpolator$ModelVisitor visit (Lorg/apache/maven/model/Developer;)V 2 13703 orig 80 0 0 0 0 0 0 0 0 0 0 0 0 88 2 0 0 0 0 0 0 0 0 0 0 0 0 0 0 0 0 0 0 0 0 0 0 0 0 0 0 0 0 0 0 0 0 0 0 0 0 0 0 0 0 0 0 0 0 0 0 0 0 0 0 0 0 0 0 0 0 0 0 0 0 0 0 0 0 0 0 data 36 0x10007 0x0 0xd0 0x3407 0x60002 0x3407 0xa0005 0x0 0x0 0x2587450e1e0 0x3407 0x0 0x0 0x100002 0x3407 0x160007 0x3407 0x58 0x0 0x1b0005 0x0 0x0 0x0 0x0 0x0 0x0 0x0 0x0 0x0 0x0 0x0 0x0 0x9 0x2 0x0 0x0 oops 1 9 org/apache/maven/model/Developer methods 0
ciMethodData org/apache/maven/model/merge/ModelMerger$MergingList iterator ()Ljava/util/Iterator; 2 6400 orig 80 0 0 0 0 0 0 0 0 0 0 0 0 88 2 0 0 0 0 0 0 0 0 0 0 0 0 0 0 0 0 0 0 0 0 0 0 0 0 0 0 0 0 0 0 0 0 0 0 0 0 0 0 0 0 0 0 0 0 0 0 0 0 0 0 0 0 0 0 0 0 0 0 0 0 0 0 0 0 0 0 data 34 0x40007 0x0 0x90 0x1800 0xb0005 0x0 0x0 0x25871df3fe0 0x1800 0x0 0x0 0x100005 0x0 0x0 0x25871df4090 0x1800 0x0 0x0 0x1a0005 0x0 0x0 0x0 0x0 0x0 0x0 0x0 0x0 0x0 0x0 0x0 0x0 0x9 0x1 0x0 oops 2 7 java/util/LinkedHashMap 14 java/util/LinkedHashMap$LinkedValues methods 0
ciMethodData org/apache/maven/model/interpolation/StringVisitorModelInterpolator$ModelVisitor visit (Lorg/apache/maven/model/RepositoryBase;)V 2 4889 orig 80 0 0 0 0 0 0 0 0 0 0 0 0 88 2 0 0 0 0 0 0 0 0 0 0 0 0 0 0 0 0 0 0 0 0 0 0 0 0 0 0 0 0 0 0 0 0 0 0 0 0 0 0 0 0 0 0 0 0 0 0 0 0 0 0 0 0 0 0 0 0 0 0 0 0 0 0 0 0 0 0 data 94 0x10007 0x0 0x2a0 0x1215 0x50005 0x0 0x0 0x2586c94fb80 0x672 0x2586e0edcb0 0xba3 0xb0002 0x1215 0x110007 0x1143 0x58 0xd2 0x160005 0x0 0x0 0x2586c94fb80 0xd2 0x0 0x0 0x1a0005 0x0 0x0 0x2586c94fb80 0x672 0x2586e0edcb0 0xba3 0x220002 0x1215 0x2b0007 0x1125 0x58 0xf0 0x310005 0x0 0x0 0x2586c94fb80 0xf0 0x0 0x0 0x350005 0x0 0x0 0x2586c94fb80 0x672 0x2586e0edcb0 0xba3 0x3d0002 0x1215 0x460007 0xf6f 0x58 0x2a6 0x4c0005 0x0 0x0 0x2586c94fb80 0x2a6 0x0 0x0 0x500005 0x0 0x0 0x2586c94fb80 0x672 0x2586e0edcb0 0xba3 0x580002 0x1215 0x610007 0x1215 0x58 0x0 0x670005 0x0 0x0 0x0 0x0 0x0 0x0 0x0 0x0 0x0 0x0 0x0 0x0 0x9 0x2 0x0 0x0 oops 11 7 org/apache/maven/model/DeploymentRepository 9 org/apache/maven/model/Repository 20 org/apache/maven/model/DeploymentRepository 27 org/apache/maven/model/DeploymentRepository 29 org/apache/maven/model/Repository 40 org/apache/maven/model/DeploymentRepository 47 org/apache/maven/model/DeploymentRepository 49 org/apache/maven/model/Repository 60 org/apache/maven/model/DeploymentRepository 67 org/apache/maven/model/DeploymentRepository 69 org/apache/maven/model/Repository methods 0
ciMethodData org/apache/maven/model/Model getLicenses ()Ljava/util/List; 2 6385 orig 80 0 0 0 0 0 0 0 0 0 0 0 0 88 2 0 0 0 0 0 0 0 0 0 0 0 0 0 0 0 0 0 0 0 0 0 0 0 0 0 0 0 0 0 0 0 0 0 0 0 0 0 0 0 0 0 0 0 0 0 0 0 0 0 0 0 0 0 0 0 0 0 0 0 0 0 0 0 0 0 0 data 15 0x40007 0x1141 0x30 0x6b0 0xc0002 0x6b0 0x0 0x0 0x0 0x0 0x0 0x0 0x9 0x1 0x60000 oops 0 methods 0
ciMethodData org/apache/maven/model/Model getContributors ()Ljava/util/List; 2 6814 orig 80 0 0 0 0 0 0 0 0 0 0 0 0 88 2 0 0 0 0 0 0 0 0 0 0 0 0 0 0 0 0 0 0 0 0 0 0 0 0 0 0 0 0 0 0 0 0 0 0 0 0 0 0 0 0 0 0 0 0 0 0 0 0 0 0 0 0 0 0 0 0 0 0 0 0 0 0 0 0 0 0 data 15 0x40007 0xb0b 0x30 0xe13 0xc0002 0xe13 0x0 0x0 0x0 0x0 0x0 0x0 0x9 0x1 0xc0000 oops 0 methods 0
ciMethodData java/util/concurrent/ConcurrentHashMap$MapEntry setValue (Ljava/lang/Object;)Ljava/lang/Object; 2 1262 orig 80 0 0 0 0 0 0 0 0 0 0 0 0 88 2 0 0 0 0 0 0 0 0 0 0 0 0 0 0 0 0 0 0 0 0 0 0 0 0 0 0 0 0 0 0 0 0 0 0 0 0 0 0 0 0 0 0 0 0 0 0 0 0 0 0 0 0 0 0 0 0 0 0 0 0 0 0 0 0 0 0 data 23 0x10007 0x3eb 0x30 0x0 0x80002 0x0 0x1f0005 0x0 0x0 0x25826b6c6d0 0x3eb 0x0 0x0 0x0 0x0 0x0 0x0 0x0 0x0 0x9 0x2 0x0 0x0 oops 1 9 java/util/concurrent/ConcurrentHashMap methods 0
ciMethodData org/apache/maven/model/Reporting getPlugins ()Ljava/util/List; 2 5940 orig 80 0 0 0 0 0 0 0 0 0 0 0 0 0 0 0 0 0 0 0 0 0 0 0 0 0 0 0 0 0 0 0 0 0 0 0 0 0 0 0 0 0 0 0 0 0 0 0 0 0 0 0 0 0 0 0 0 0 0 0 0 0 0 0 0 0 0 0 0 0 0 0 0 0 0 0 0 0 0 0 0 data 15 0x40007 0x8e2 0x30 0xc53 0xc0002 0xc53 0x0 0x0 0x0 0x0 0x0 0x0 0x9 0x1 0x0 oops 0 methods 0
ciMethodData org/apache/maven/model/ReportPlugin getReportSets ()Ljava/util/List; 2 4859 orig 80 0 0 0 0 0 0 0 0 0 0 0 0 88 2 0 0 0 0 0 0 0 0 0 0 0 0 0 0 0 0 0 0 0 0 0 0 0 0 0 0 0 0 0 0 0 0 0 0 0 0 0 0 0 0 0 0 0 0 0 0 0 0 0 0 0 0 0 0 0 0 0 0 0 0 0 0 0 0 0 0 data 15 0x40007 0x599 0x30 0xc55 0xc0002 0xc55 0x0 0x0 0x0 0x0 0x0 0x0 0x9 0x1 0x0 oops 0 methods 0
ciMethodData org/apache/maven/model/interpolation/StringVisitorModelInterpolator$ModelVisitor visit (Ljava/util/Properties;)V 2 21104 orig 80 0 0 0 0 0 0 0 0 0 0 0 0 88 2 0 0 0 0 0 0 0 0 0 0 0 0 0 0 0 0 0 0 0 0 0 0 0 0 0 0 0 0 0 0 0 0 0 0 0 0 0 0 0 0 0 0 0 0 0 0 0 0 0 0 0 0 0 0 0 0 0 0 0 0 0 0 0 0 0 0 data 98 0x10007 0x0 0x2c0 0x41f 0x50005 0x0 0x0 0x25826b6a960 0x41f 0x0 0x0 0x80005 0x0 0x0 0x2586c8b0080 0x41f 0x0 0x0 0xf0005 0x0 0x0 0x2586c8b0130 0x4282 0x0 0x0 0x140007 0x41f 0x1f8 0x3e63 0x180005 0x0 0x0 0x2586c8b0130 0x3e63 0x0 0x0 0x1d0004 0x0 0x0 0x2586c8b01e0 0x3e63 0x0 0x0 0x220005 0x0 0x0 0x2586c8b01e0 0x3e63 0x0 0x0 0x2b0004 0x0 0x0 0x25826b69500 0x3e63 0x0 0x0 0x2e0007 0x0 0xe0 0x3e63 0x330004 0x0 0x0 0x25826b69500 0x3e63 0x0 0x0 0x3b0002 0x3e63 0x440007 0x39d4 0x78 0x48f 0x490007 0x0 0x58 0x48f 0x4f0005 0x0 0x0 0x2586c8b01e0 0x48f 0x0 0x0 0x550003 0x3e63 0xfffffffffffffde8 0x0 0x0 0x0 0x0 0x0 0x0 0x9 0x2 0x0 0xffffffffffffffff oops 9 7 java/util/Properties 14 java/util/Collections$SynchronizedSet 21 java/util/concurrent/ConcurrentHashMap$EntryIterator 32 java/util/concurrent/ConcurrentHashMap$EntryIterator 39 java/util/concurrent/ConcurrentHashMap$MapEntry 46 java/util/concurrent/ConcurrentHashMap$MapEntry 53 java/lang/String 64 java/lang/String 81 java/util/concurrent/ConcurrentHashMap$MapEntry methods 0
ciMethodData org/apache/maven/model/interpolation/StringVisitorModelInterpolator$ModelVisitor visit (Lorg/apache/maven/model/DependencyManagement;)V 2 28313 orig 80 1 0 0 0 0 0 0 0 0 0 0 0 88 2 0 0 0 0 0 0 0 0 0 0 4 0 0 0 0 0 0 0 0 0 0 0 0 0 0 0 0 0 0 0 0 0 0 0 0 0 0 0 0 0 0 0 0 0 0 0 0 0 0 0 0 0 0 0 0 0 0 0 0 0 0 0 0 0 0 0 data 58 0x10007 0x263 0x180 0x1da 0x50005 0x0 0x0 0x2586e0eb190 0x1da 0x0 0x0 0x80005 0x0 0x0 0x2586e0ef4e0 0x197 0x25826b6c810 0x43 0xf0005 0x0 0x0 0x2586e0ef590 0x3c3e 0x2587450e080 0x5e5 0x8000000800140007 0x1de 0xb8 0x4049 0x180005 0x0 0x0 0x2586e0ef590 0x3aa7 0x2587450e080 0x5a2 0x1d0004 0x0 0x0 0x2586e0ee0e0 0x4049 0x0 0x0 0x230002 0x4049 0x260003 0x4049 0xffffffffffffff28 0x0 0x0 0x0 0x0 0x0 0x0 0x9 0x2 0x0 0x0 oops 8 7 org/apache/maven/model/DependencyManagement 14 org/apache/maven/model/merge/ModelMerger$MergingList 16 java/util/ArrayList 21 java/util/LinkedHashMap$LinkedValueIterator 23 java/util/ArrayList$Itr 32 java/util/LinkedHashMap$LinkedValueIterator 34 java/util/ArrayList$Itr 39 org/apache/maven/model/Dependency methods 0
ciMethodData org/apache/maven/model/Model getDevelopers ()Ljava/util/List; 2 5962 orig 80 0 0 0 0 0 0 0 0 0 0 0 0 88 2 0 0 0 0 0 0 0 0 0 0 0 0 0 0 0 0 0 0 0 0 0 0 0 0 0 0 0 0 0 0 0 0 0 0 0 0 0 0 0 0 0 0 0 0 0 0 0 0 0 0 0 0 0 0 0 0 0 0 0 0 0 0 0 0 0 0 data 15 0x40007 0xd05 0x30 0x8c3 0xc0002 0x8c3 0x0 0x0 0x0 0x0 0x0 0x0 0x9 0x1 0x40000 oops 0 methods 0
ciMethodData org/apache/maven/model/interpolation/StringVisitorModelInterpolator$ModelVisitor visit (Lorg/apache/maven/model/Repository;)V 2 4963 orig 80 0 0 0 0 0 0 0 0 0 0 0 0 88 2 0 0 0 0 0 0 0 0 0 0 0 0 0 0 0 0 0 0 0 0 0 0 0 0 0 0 0 0 0 0 0 0 0 0 0 0 0 0 0 0 0 0 0 0 0 0 0 0 0 0 0 0 0 0 0 0 0 0 0 0 0 0 0 0 0 0 data 34 0x10007 0x47 0xc0 0x119b 0x60002 0x119b 0xb0005 0x0 0x0 0x2586c94fb80 0x645 0x2586e0edcb0 0xb56 0xe0002 0x119b 0x130005 0x0 0x0 0x2586c94fb80 0x645 0x2586e0edcb0 0xb56 0x160002 0x119b 0x0 0x0 0x0 0x0 0x0 0x0 0x9 0x2 0x0 0x0 oops 4 9 org/apache/maven/model/DeploymentRepository 11 org/apache/maven/model/Repository 18 org/apache/maven/model/DeploymentRepository 20 org/apache/maven/model/Repository methods 0
ciMethodData org/apache/maven/model/interpolation/StringVisitorModelInterpolator$ModelVisitor visit (Lorg/apache/maven/model/ModelBase;)V 2 7548 orig 80 0 0 0 0 0 0 0 0 0 0 0 0 88 2 0 0 0 0 0 0 0 0 0 0 4 0 0 0 0 0 0 0 0 0 0 0 0 0 0 0 0 0 0 0 0 0 0 0 0 0 0 0 0 0 0 0 0 0 0 0 0 0 0 0 0 0 0 0 0 0 0 0 0 0 0 0 0 0 0 0 data 191 0x10007 0x0 0x5a8 0x660 0x60005 0x0 0x0 0x2587450c770 0x3b2 0x2587450e550 0x2ae 0x90002 0x660 0xe0005 0x0 0x0 0x2587450c770 0x3b2 0x2587450e550 0x2ae 0x110002 0x660 0x160005 0x0 0x0 0x2587450c770 0x3b2 0x2587450e550 0x2ae 0x190002 0x660 0x1e0005 0x0 0x0 0x2587450c770 0x3b2 0x2587450e550 0x2ae 0x210002 0x660 0x250005 0x0 0x0 0x2587450c770 0x3b2 0x2587450e550 0x2ae 0x280005 0x0 0x0 0x25826b6c810 0x537 0x2586e0ef4e0 0x129 0x2f0005 0x0 0x0 0x2587450e080 0xd08 0x2586e0ef590 0x81b 0x8000000800340007 0x664 0xb8 0xec3 0x380005 0x0 0x0 0x2587450e080 0x7d1 0x2586e0ef590 0x6f2 0x3d0004 0x0 0x0 0x2586e0ee0e0 0xec3 0x0 0x0 0x430002 0xec3 0x460003 0xec3 0xffffffffffffff28 0x4a0005 0x0 0x0 0x2587450c770 0x3b6 0x2587450e550 0x2ae 0x4d0005 0x0 0x0 0x25826b6c810 0x664 0x0 0x0 0x540005 0x0 0x0 0x2587450e080 0xc8a 0x0 0x0 0x590007 0x664 0xb8 0x626 0x5d0005 0x0 0x0 0x2587450e080 0x626 0x0 0x0 0x620004 0x0 0x0 0x2586e0edcb0 0x626 0x0 0x0 0x680002 0x626 0x6b0003 0x626 0xffffffffffffff28 0x6f0005 0x0 0x0 0x2587450c770 0x3b6 0x2587450e550 0x2ae 0x720005 0x0 0x0 0x25826b6c810 0x664 0x0 0x0 0x790005 0x0 0x0 0x2587450e080 0xaf5 0x0 0x0 0x7e0007 0x664 0xb8 0x491 0x820005 0x0 0x0 0x2587450e080 0x491 0x0 0x0 0x870004 0x0 0x0 0x2586e0edcb0 0x491 0x0 0x0 0x8d0002 0x491 0x900003 0x491 0xffffffffffffff28 0x950005 0x0 0x0 0x2587450c770 0x3b6 0x2587450e550 0x2ae 0x980002 0x664 0x0 0x0 0x0 0x0 0x0 0x0 0x9 0x2 0x0 0x0 oops 31 7 org/apache/maven/model/Model 9 org/apache/maven/model/Profile 16 org/apache/maven/model/Model 18 org/apache/maven/model/Profile 25 org/apache/maven/model/Model 27 org/apache/maven/model/Profile 34 org/apache/maven/model/Model 36 org/apache/maven/model/Profile 43 org/apache/maven/model/Model 45 org/apache/maven/model/Profile 50 java/util/ArrayList 52 org/apache/maven/model/merge/ModelMerger$MergingList 57 java/util/ArrayList$Itr 59 java/util/LinkedHashMap$LinkedValueIterator 68 java/util/ArrayList$Itr 70 java/util/LinkedHashMap$LinkedValueIterator 75 org/apache/maven/model/Dependency 87 org/apache/maven/model/Model 89 org/apache/maven/model/Profile 94 java/util/ArrayList 101 java/util/ArrayList$Itr 112 java/util/ArrayList$Itr 119 org/apache/maven/model/Repository 131 org/apache/maven/model/Model 133 org/apache/maven/model/Profile 138 java/util/ArrayList 145 java/util/ArrayList$Itr 156 java/util/ArrayList$Itr 163 org/apache/maven/model/Repository 175 org/apache/maven/model/Model 177 org/apache/maven/model/Profile methods 0
ciMethodData org/apache/maven/model/interpolation/StringVisitorModelInterpolator$ModelVisitor visit (Lorg/apache/maven/model/DistributionManagement;)V 2 1864 orig 80 0 0 0 0 0 0 0 0 0 0 0 0 0 0 0 0 0 0 0 0 0 0 0 0 0 0 0 0 0 0 0 0 0 0 0 0 0 0 0 0 0 0 0 0 0 0 0 0 0 0 0 0 0 0 0 0 0 0 0 0 0 0 0 0 0 0 0 0 0 0 0 0 0 0 0 0 0 0 0 0 data 70 0x10007 0x340 0x1e0 0x320 0x60005 0x0 0x0 0x2586e0eaaa0 0x320 0x0 0x0 0x90002 0x320 0xe0005 0x0 0x0 0x2586e0eaaa0 0x320 0x0 0x0 0x110002 0x320 0x160005 0x0 0x0 0x2586e0eaaa0 0x320 0x0 0x0 0x190002 0x320 0x1d0005 0x0 0x0 0x2586e0eaaa0 0x320 0x0 0x0 0x230002 0x320 0x290007 0x320 0x58 0x0 0x2e0005 0x0 0x0 0x0 0x0 0x0 0x0 0x330005 0x0 0x0 0x2586e0eaaa0 0x320 0x0 0x0 0x360002 0x320 0x0 0x0 0x0 0x0 0x0 0x0 0x9 0x2 0x0 0x0 oops 5 7 org/apache/maven/model/DistributionManagement 16 org/apache/maven/model/DistributionManagement 25 org/apache/maven/model/DistributionManagement 34 org/apache/maven/model/DistributionManagement 54 org/apache/maven/model/DistributionManagement methods 0
ciMethodData org/apache/maven/model/interpolation/StringVisitorModelInterpolator$ModelVisitor visit (Lorg/apache/maven/model/Reporting;)V 2 1881 orig 80 0 0 0 0 0 0 0 0 0 0 0 0 0 0 0 0 0 0 0 0 0 0 0 0 0 0 0 0 0 0 0 0 0 0 0 0 0 0 0 0 0 0 0 0 0 0 0 0 0 0 0 0 0 0 0 0 0 0 0 0 0 0 0 0 0 0 0 0 0 0 0 0 0 0 0 0 0 0 0 0 data 98 0x10007 0x290 0x2c0 0x3e1 0x50005 0x0 0x0 0x2586e0ed9c0 0x3e1 0x0 0x0 0xb0002 0x3e1 0x110007 0x3e1 0x58 0x0 0x160005 0x0 0x0 0x0 0x0 0x0 0x0 0x1a0005 0x0 0x0 0x2586e0ed9c0 0x3e1 0x0 0x0 0x200002 0x3e1 0x260007 0x30 0x58 0x3b1 0x2b0005 0x0 0x0 0x2586e0ed9c0 0x3b1 0x0 0x0 0x2f0005 0x0 0x0 0x2586e0ed9c0 0x3e1 0x0 0x0 0x320005 0x0 0x0 0x25826b6c810 0x3e1 0x0 0x0 0x3b0005 0x0 0x0 0x2587450e080 0x955 0x0 0x0 0x400007 0x3e1 0xb8 0x574 0x450005 0x0 0x0 0x2587450e080 0x574 0x0 0x0 0x4a0004 0x0 0x0 0x2586d96ad70 0x574 0x0 0x0 0x520002 0x574 0x550003 0x574 0xffffffffffffff28 0x0 0x0 0x0 0x0 0x0 0x0 0x9 0x2 0x0 0x0 oops 8 7 org/apache/maven/model/Reporting 27 org/apache/maven/model/Reporting 40 org/apache/maven/model/Reporting 47 org/apache/maven/model/Reporting 54 java/util/ArrayList 61 java/util/ArrayList$Itr 72 java/util/ArrayList$Itr 79 org/apache/maven/model/ReportPlugin methods 0
ciMethodData org/apache/maven/model/interpolation/StringVisitorModelInterpolator$ModelVisitor visit (Lorg/apache/maven/model/MailingList;)V 2 1838 orig 80 0 0 0 0 0 0 0 0 0 0 0 0 88 2 0 0 0 0 0 0 0 0 0 0 0 0 0 0 0 0 0 0 0 0 0 0 0 0 0 0 0 0 0 0 0 0 0 0 0 0 0 0 0 0 0 0 0 0 0 0 0 0 0 0 0 0 0 0 0 0 0 0 0 0 0 0 0 0 0 0 data 114 0x10007 0x0 0x340 0x62e 0x50005 0x0 0x0 0x2587450e340 0x62e 0x0 0x0 0xb0002 0x62e 0x110007 0x62a 0x58 0x4 0x160005 0x0 0x0 0x2587450e340 0x4 0x0 0x0 0x1a0005 0x0 0x0 0x2587450e340 0x62e 0x0 0x0 0x200002 0x62e 0x260007 0x62a 0x58 0x4 0x2b0005 0x0 0x0 0x2587450e340 0x4 0x0 0x0 0x2f0005 0x0 0x0 0x2587450e340 0x62e 0x0 0x0 0x350002 0x62e 0x3b0007 0x62e 0x58 0x0 0x400005 0x0 0x0 0x0 0x0 0x0 0x0 0x440005 0x0 0x0 0x2587450e340 0x62e 0x0 0x0 0x4a0002 0x62e 0x500007 0x62a 0x58 0x4 0x550005 0x0 0x0 0x2587450e340 0x4 0x0 0x0 0x590005 0x0 0x0 0x2587450e340 0x62e 0x0 0x0 0x5f0002 0x62e 0x650007 0x62e 0x58 0x0 0x6a0005 0x0 0x0 0x0 0x0 0x0 0x0 0x0 0x0 0x0 0x0 0x0 0x0 0x9 0x2 0x0 0x0 oops 8 7 org/apache/maven/model/MailingList 20 org/apache/maven/model/MailingList 27 org/apache/maven/model/MailingList 40 org/apache/maven/model/MailingList 47 org/apache/maven/model/MailingList 67 org/apache/maven/model/MailingList 80 org/apache/maven/model/MailingList 87 org/apache/maven/model/MailingList methods 0
ciMethodData org/apache/maven/model/interpolation/StringVisitorModelInterpolator$ModelVisitor visit (Lorg/apache/maven/model/Model;)V 2 19882 orig 80 1 0 0 0 0 0 0 0 0 0 0 0 88 2 0 0 0 0 0 0 0 0 0 0 0 0 0 0 0 0 0 0 0 0 0 0 0 0 0 0 0 0 0 0 0 0 0 0 0 0 0 0 0 0 0 0 0 0 0 0 0 0 0 0 0 0 0 0 0 0 0 0 0 0 0 0 0 0 0 0 data 500 0x10007 0x0 0xf48 0x380 0x60002 0x380 0xa0005 0x0 0x0 0x2587450c770 0x383 0x0 0x0 0x100002 0x383 0x160007 0x383 0x58 0x0 0x1b0005 0x0 0x0 0x0 0x0 0x0 0x0 0x200005 0x0 0x0 0x2587450c770 0x383 0x0 0x0 0x230002 0x383 0x270005 0x0 0x0 0x2587450c770 0x383 0x0 0x0 0x2f0002 0x383 0x380007 0x383 0x58 0x0 0x3e0005 0x0 0x0 0x0 0x0 0x0 0x0 0x420005 0x0 0x0 0x2587450c770 0x383 0x0 0x0 0x4a0002 0x383 0x530007 0x383 0x58 0x0 0x590005 0x0 0x0 0x0 0x0 0x0 0x0 0x5d0005 0x0 0x0 0x2587450c770 0x383 0x0 0x0 0x650002 0x383 0x6e0007 0x383 0x58 0x0 0x740005 0x0 0x0 0x0 0x0 0x0 0x0 0x780005 0x0 0x0 0x2587450c770 0x383 0x0 0x0 0x800002 0x383 0x890007 0x383 0x58 0x0 0x8f0005 0x0 0x0 0x0 0x0 0x0 0x0 0x930005 0x0 0x0 0x2587450c770 0x383 0x0 0x0 0x9b0002 0x383 0xa40007 0x339 0x58 0x4a 0xaa0005 0x0 0x0 0x2587450c770 0x4a 0x0 0x0 0xae0005 0x0 0x0 0x2587450c770 0x383 0x0 0x0 0xb60002 0x383 0xbf0007 0x33a 0x58 0x49 0xc50005 0x0 0x0 0x2587450c770 0x49 0x0 0x0 0xc90005 0x0 0x0 0x2587450c770 0x383 0x0 0x0 0xd10002 0x383 0xda0007 0x35d 0x58 0x26 0xe00005 0x0 0x0 0x2587450c770 0x26 0x0 0x0 0xe40005 0x0 0x0 0x2587450c770 0x383 0x0 0x0 0xec0002 0x383 0xf50007 0x383 0x58 0x0 0xfb0005 0x0 0x0 0x0 0x0 0x0 0x0 0xff0005 0x0 0x0 0x2587450c770 0x383 0x0 0x0 0x1070002 0x383 0x1100007 0x383 0x58 0x0 0x1160005 0x0 0x0 0x0 0x0 0x0 0x0 0x11b0005 0x0 0x0 0x2587450c770 0x383 0x0 0x0 0x11e0002 0x383 0x1220005 0x0 0x0 0x2587450c770 0x383 0x0 0x0 0x1250005 0x0 0x0 0x25826b6c810 0x383 0x0 0x0 0x12e0005 0x0 0x0 0x2587450e080 0x6f5 0x0 0x0 0x1330007 0x383 0xb8 0x372 0x1380005 0x0 0x0 0x2587450e080 0x372 0x0 0x0 0x13d0004 0x0 0x0 0x2587450e130 0x372 0x0 0x0 0x1450002 0x372 0x1480003 0x372 0xffffffffffffff28 0x14c0005 0x0 0x0 0x2587450c770 0x383 0x0 0x0 0x14f0005 0x0 0x0 0x25826b6c810 0x383 0x0 0x0 0x1580005 0x0 0x0 0x2587450e080 0x3063 0x0 0x0 0x15d0007 0x383 0xb8 0x2ce0 0x1620005 0x0 0x0 0x2587450e080 0x2ce0 0x0 0x0 0x1670004 0x0 0x0 0x2587450e1e0 0x2ce0 0x0 0x0 0x16f0002 0x2ce0 0x1720003 0x2ce0 0xffffffffffffff28 0x1760005 0x0 0x0 0x2587450c770 0x383 0x0 0x0 0x1790005 0x0 0x0 0x25826b6c810 0x383 0x0 0x0 0x1820005 0x0 0x0 0x2587450e080 0xc2e 0x0 0x0 0x1870007 0x383 0xb8 0x8ab 0x18c0005 0x0 0x0 0x2587450e080 0x8ab 0x0 0x0 0x1910004 0x0 0x0 0x2587450e290 0x8ab 0x0 0x0 0x1990002 0x8ab 0x19c0003 0x8ab 0xffffffffffffff28 0x1a00005 0x0 0x0 0x2587450c770 0x383 0x0 0x0 0x1a30005 0x0 0x0 0x25826b6c810 0x383 0x0 0x0 0x1ac0005 0x0 0x0 0x2587450e080 0x993 0x0 0x0 0x1b10007 0x383 0xb8 0x610 0x1b60005 0x0 0x0 0x2587450e080 0x610 0x0 0x0 0x1bb0004 0x0 0x0 0x2587450e340 0x610 0x0 0x0 0x1c30002 0x610 0x1c60003 0x610 0xffffffffffffff28 0x1cb0005 0x0 0x0 0x2587450c770 0x383 0x0 0x0 0x1ce0002 0x383 0x1d30005 0x0 0x0 0x2587450c770 0x383 0x0 0x0 0x1d60002 0x383 0x1db0005 0x0 0x0 0x2587450c770 0x383 0x0 0x0 0x1de0002 0x383 0x1e30005 0x0 0x0 0x2587450c770 0x383 0x0 0x0 0x1e60002 0x383 0x1eb0005 0x0 0x0 0x2587450c770 0x383 0x0 0x0 0x1ee0002 0x383 0x1f20005 0x0 0x0 0x2587450c770 0x383 0x0 0x0 0x1f50005 0x0 0x0 0x2587450e3f0 0x297 0x25826b6c810 0xec 0x1fe0005 0x0 0x0 0x2587450e4a0 0x297 0x2587450e080 0x37c 0x2030007 0x383 0xb8 0x290 0x2080005 0x0 0x0 0x2587450e080 0x290 0x0 0x0 0x20d0004 0x0 0x0 0x2587450e550 0x290 0x0 0x0 0x2150002 0x290 0x2180003 0x290 0xffffffffffffff28 0x0 0x0 0x0 0x0 0x0 0x0 0x0 0x9 0x2 0x0 0x0 oops 47 9 org/apache/maven/model/Model 29 org/apache/maven/model/Model 38 org/apache/maven/model/Model 58 org/apache/maven/model/Model 78 org/apache/maven/model/Model 98 org/apache/maven/model/Model 118 org/apache/maven/model/Model 131 org/apache/maven/model/Model 138 org/apache/maven/model/Model 151 org/apache/maven/model/Model 158 org/apache/maven/model/Model 171 org/apache/maven/model/Model 178 org/apache/maven/model/Model 198 org/apache/maven/model/Model 218 org/apache/maven/model/Model 227 org/apache/maven/model/Model 234 java/util/ArrayList 241 java/util/ArrayList$Itr 252 java/util/ArrayList$Itr 259 org/apache/maven/model/License 271 org/apache/maven/model/Model 278 java/util/ArrayList 285 java/util/ArrayList$Itr 296 java/util/ArrayList$Itr 303 org/apache/maven/model/Developer 315 org/apache/maven/model/Model 322 java/util/ArrayList 329 java/util/ArrayList$Itr 340 java/util/ArrayList$Itr 347 org/apache/maven/model/Contributor 359 org/apache/maven/model/Model 366 java/util/ArrayList 373 java/util/ArrayList$Itr 384 java/util/ArrayList$Itr 391 org/apache/maven/model/MailingList 403 org/apache/maven/model/Model 412 org/apache/maven/model/Model 421 org/apache/maven/model/Model 430 org/apache/maven/model/Model 439 org/apache/maven/model/Model 448 org/apache/maven/model/Model 455 java/util/Collections$EmptyList 457 java/util/ArrayList 462 java/util/Collections$EmptyIterator 464 java/util/ArrayList$Itr 473 java/util/ArrayList$Itr 480 org/apache/maven/model/Profile methods 0
ciMethodData org/apache/maven/model/interpolation/StringVisitorModelInterpolator$ModelVisitor visit (Lorg/apache/maven/model/Prerequisites;)V 1 1116 orig 80 0 0 0 0 0 0 0 0 0 0 0 0 0 0 0 0 0 0 0 0 0 0 0 0 0 0 0 0 0 0 0 0 0 0 0 0 0 0 0 0 0 0 0 0 0 0 0 0 0 0 0 0 0 0 0 0 0 0 0 0 0 0 0 0 0 0 0 0 0 0 0 0 0 0 0 0 0 0 0 0 data 34 0x10007 0x36d 0xc0 0x24 0x50005 0x0 0x0 0x258742bacc0 0x24 0x0 0x0 0xb0002 0x24 0x110007 0x12 0x58 0x12 0x160005 0x0 0x0 0x258742bacc0 0x12 0x0 0x0 0x0 0x0 0x0 0x0 0x0 0x0 0x9 0x2 0x0 0x0 oops 2 7 org/apache/maven/model/Prerequisites 20 org/apache/maven/model/Prerequisites methods 0
ciMethodData org/apache/maven/model/interpolation/StringVisitorModelInterpolator$ModelVisitor visit (Lorg/apache/maven/model/Parent;)V 1 1116 orig 80 0 0 0 0 0 0 0 0 0 0 0 0 0 0 0 0 0 0 0 0 0 0 0 0 0 0 0 0 0 0 0 0 0 0 0 0 0 0 0 0 0 0 0 0 0 0 0 0 0 0 0 0 0 0 0 0 0 0 0 0 0 0 0 0 0 0 0 0 0 0 0 0 0 0 0 0 0 0 0 0 data 94 0x10007 0x103 0x2a0 0x28e 0x50005 0x0 0x0 0x25874512520 0x28e 0x0 0x0 0xb0002 0x28e 0x110007 0x28e 0x58 0x0 0x160005 0x0 0x0 0x0 0x0 0x0 0x0 0x1a0005 0x0 0x0 0x25874512520 0x28e 0x0 0x0 0x200002 0x28e 0x260007 0x28e 0x58 0x0 0x2b0005 0x0 0x0 0x0 0x0 0x0 0x0 0x2f0005 0x0 0x0 0x25874512520 0x28e 0x0 0x0 0x350002 0x28e 0x3b0007 0x28e 0x58 0x0 0x400005 0x0 0x0 0x0 0x0 0x0 0x0 0x440005 0x0 0x0 0x25874512520 0x28e 0x0 0x0 0x4a0002 0x28e 0x500007 0x28e 0x58 0x0 0x550005 0x0 0x0 0x0 0x0 0x0 0x0 0x0 0x0 0x0 0x0 0x0 0x0 0x9 0x2 0x0 0x0 oops 4 7 org/apache/maven/model/Parent 27 org/apache/maven/model/Parent 47 org/apache/maven/model/Parent 67 org/apache/maven/model/Parent methods 0
ciMethodData org/apache/maven/model/interpolation/StringVisitorModelInterpolator$ModelVisitor visit (Lorg/apache/maven/model/Organization;)V 1 1116 orig 80 0 0 0 0 0 0 0 0 0 0 0 0 0 0 0 0 0 0 0 0 0 0 0 0 0 0 0 0 0 0 0 0 0 0 0 0 0 0 0 0 0 0 0 0 0 0 0 0 0 0 0 0 0 0 0 0 0 0 0 0 0 0 0 0 0 0 0 0 0 0 0 0 0 0 0 0 0 0 0 0 data 54 0x10007 0x11c 0x160 0x275 0x50005 0x0 0x0 0x258742b8300 0x275 0x0 0x0 0xb0002 0x275 0x110007 0x275 0x58 0x0 0x160005 0x0 0x0 0x0 0x0 0x0 0x0 0x1a0005 0x0 0x0 0x258742b8300 0x275 0x0 0x0 0x200002 0x275 0x260007 0x275 0x58 0x0 0x2b0005 0x0 0x0 0x0 0x0 0x0 0x0 0x0 0x0 0x0 0x0 0x0 0x0 0x9 0x2 0x0 0x0 oops 2 7 org/apache/maven/model/Organization 27 org/apache/maven/model/Organization methods 0
ciMethodData org/apache/maven/model/interpolation/StringVisitorModelInterpolator$ModelVisitor visit (Lorg/apache/maven/model/License;)V 1 1107 orig 80 0 0 0 0 0 0 0 0 0 0 0 0 0 0 0 0 0 0 0 0 0 0 0 0 0 0 0 0 0 0 0 0 0 0 0 0 0 0 0 0 0 0 0 0 0 0 0 0 0 0 0 0 0 0 0 0 0 0 0 0 0 0 0 0 0 0 0 0 0 0 0 0 0 0 0 0 0 0 0 0 data 94 0x10007 0x0 0x2a0 0x381 0x50005 0x0 0x0 0x2587450e130 0x381 0x0 0x0 0xb0002 0x381 0x110007 0x381 0x58 0x0 0x160005 0x0 0x0 0x0 0x0 0x0 0x0 0x1a0005 0x0 0x0 0x2587450e130 0x381 0x0 0x0 0x200002 0x381 0x260007 0x381 0x58 0x0 0x2b0005 0x0 0x0 0x0 0x0 0x0 0x0 0x2f0005 0x0 0x0 0x2587450e130 0x381 0x0 0x0 0x350002 0x381 0x3b0007 0x381 0x58 0x0 0x400005 0x0 0x0 0x0 0x0 0x0 0x0 0x440005 0x0 0x0 0x2587450e130 0x381 0x0 0x0 0x4a0002 0x381 0x500007 0x381 0x58 0x0 0x550005 0x0 0x0 0x0 0x0 0x0 0x0 0x0 0x0 0x0 0x0 0x0 0x0 0x9 0x2 0x0 0x0 oops 4 7 org/apache/maven/model/License 27 org/apache/maven/model/License 47 org/apache/maven/model/License 67 org/apache/maven/model/License methods 0
ciMethodData org/apache/maven/model/interpolation/StringVisitorModelInterpolator$ModelVisitor visit (Lorg/apache/maven/model/Scm;)V 1 1116 orig 80 0 0 0 0 0 0 0 0 0 0 0 0 0 0 0 0 0 0 0 0 0 0 0 0 0 0 0 0 0 0 0 0 0 0 0 0 0 0 0 0 0 0 0 0 0 0 0 0 0 0 0 0 0 0 0 0 0 0 0 0 0 0 0 0 0 0 0 0 0 0 0 0 0 0 0 0 0 0 0 0 data 154 0x10007 0x14 0x480 0x37d 0x50005 0x0 0x0 0x258742bb4b0 0x37d 0x0 0x0 0xb0002 0x37d 0x110007 0x368 0x58 0x15 0x160005 0x0 0x0 0x258742bb4b0 0x15 0x0 0x0 0x1a0005 0x0 0x0 0x258742bb4b0 0x37d 0x0 0x0 0x200002 0x37d 0x260007 0x369 0x58 0x14 0x2b0005 0x0 0x0 0x258742bb4b0 0x14 0x0 0x0 0x2f0005 0x0 0x0 0x258742bb4b0 0x37d 0x0 0x0 0x350002 0x37d 0x3b0007 0x37d 0x58 0x0 0x400005 0x0 0x0 0x0 0x0 0x0 0x0 0x440005 0x0 0x0 0x258742bb4b0 0x37d 0x0 0x0 0x4a0002 0x37d 0x500007 0x326 0x58 0x57 0x550005 0x0 0x0 0x258742bb4b0 0x57 0x0 0x0 0x590005 0x0 0x0 0x258742bb4b0 0x37d 0x0 0x0 0x5f0002 0x37d 0x650007 0x37d 0x58 0x0 0x6a0005 0x0 0x0 0x0 0x0 0x0 0x0 0x6e0005 0x0 0x0 0x258742bb4b0 0x37d 0x0 0x0 0x740002 0x37d 0x7a0007 0x37d 0x58 0x0 0x7f0005 0x0 0x0 0x0 0x0 0x0 0x0 0x830005 0x0 0x0 0x258742bb4b0 0x37d 0x0 0x0 0x890002 0x37d 0x8f0007 0x37d 0x58 0x0 0x940005 0x0 0x0 0x0 0x0 0x0 0x0 0x0 0x0 0x0 0x0 0x0 0x0 0x9 0x2 0x0 0x0 oops 10 7 org/apache/maven/model/Scm 20 org/apache/maven/model/Scm 27 org/apache/maven/model/Scm 40 org/apache/maven/model/Scm 47 org/apache/maven/model/Scm 67 org/apache/maven/model/Scm 80 org/apache/maven/model/Scm 87 org/apache/maven/model/Scm 107 org/apache/maven/model/Scm 127 org/apache/maven/model/Scm methods 0
ciMethodData org/apache/maven/model/interpolation/StringVisitorModelInterpolator$ModelVisitor visit (Lorg/apache/maven/model/IssueManagement;)V 1 1116 orig 80 0 0 0 0 0 0 0 0 0 0 0 0 0 0 0 0 0 0 0 0 0 0 0 0 0 0 0 0 0 0 0 0 0 0 0 0 0 0 0 0 0 0 0 0 0 0 0 0 0 0 0 0 0 0 0 0 0 0 0 0 0 0 0 0 0 0 0 0 0 0 0 0 0 0 0 0 0 0 0 0 data 54 0x10007 0x179 0x160 0x218 0x50005 0x0 0x0 0x258742bb8a0 0x218 0x0 0x0 0xb0002 0x218 0x110007 0x218 0x58 0x0 0x160005 0x0 0x0 0x0 0x0 0x0 0x0 0x1a0005 0x0 0x0 0x258742bb8a0 0x218 0x0 0x0 0x200002 0x218 0x260007 0x202 0x58 0x16 0x2b0005 0x0 0x0 0x258742bb8a0 0x16 0x0 0x0 0x0 0x0 0x0 0x0 0x0 0x0 0x9 0x2 0x0 0x0 oops 3 7 org/apache/maven/model/IssueManagement 27 org/apache/maven/model/IssueManagement 40 org/apache/maven/model/IssueManagement methods 0
ciMethodData org/apache/maven/model/interpolation/StringVisitorModelInterpolator$ModelVisitor visit (Lorg/apache/maven/model/CiManagement;)V 1 1116 orig 80 0 0 0 0 0 0 0 0 0 0 0 0 0 0 0 0 0 0 0 0 0 0 0 0 0 0 0 0 0 0 0 0 0 0 0 0 0 0 0 0 0 0 0 0 0 0 0 0 0 0 0 0 0 0 0 0 0 0 0 0 0 0 0 0 0 0 0 0 0 0 0 0 0 0 0 0 0 0 0 0 data 98 0x10007 0x20b 0x2c0 0x186 0x50005 0x0 0x0 0x258742bbc90 0x186 0x0 0x0 0xb0002 0x186 0x110007 0x186 0x58 0x0 0x160005 0x0 0x0 0x0 0x0 0x0 0x0 0x1a0005 0x0 0x0 0x258742bbc90 0x186 0x0 0x0 0x200002 0x186 0x260007 0x186 0x58 0x0 0x2b0005 0x0 0x0 0x0 0x0 0x0 0x0 0x2f0005 0x0 0x0 0x258742bbc90 0x186 0x0 0x0 0x320005 0x0 0x0 0x25826b6c810 0x105 0x2586e0ef4e0 0x81 0x3b0005 0x0 0x0 0x2587450e080 0x111 0x2586e0ef590 0x10f 0x400007 0x186 0xb8 0x9a 0x450005 0x0 0x0 0x2586e0ef590 0x8e 0x2587450e080 0xc 0x4a0004 0x0 0x0 0x258765b7040 0x9a 0x0 0x0 0x520002 0x9a 0x550003 0x9a 0xffffffffffffff28 0x0 0x0 0x0 0x0 0x0 0x0 0x9 0x2 0x0 0x0 oops 10 7 org/apache/maven/model/CiManagement 27 org/apache/maven/model/CiManagement 47 org/apache/maven/model/CiManagement 54 java/util/ArrayList 56 org/apache/maven/model/merge/ModelMerger$MergingList 61 java/util/ArrayList$Itr 63 java/util/LinkedHashMap$LinkedValueIterator 72 java/util/LinkedHashMap$LinkedValueIterator 74 java/util/ArrayList$Itr 79 org/apache/maven/model/Notifier methods 0
ciMethodData org/apache/maven/model/interpolation/StringVisitorModelInterpolator$ModelVisitor visit (Lorg/apache/maven/model/Build;)V 1 1116 orig 80 0 0 0 0 0 0 0 0 0 0 0 0 0 0 0 0 0 0 0 0 0 0 0 0 0 0 0 0 0 0 0 0 0 0 0 0 0 0 0 0 0 0 0 0 0 0 0 0 0 0 0 0 0 0 0 0 0 0 0 0 0 0 0 0 0 0 0 0 0 0 0 0 0 0 0 0 0 0 0 0 data 160 0x10007 0x0 0x4b0 0x391 0x60002 0x391 0xa0005 0x0 0x0 0x258742bc880 0x391 0x0 0x0 0x100002 0x391 0x160007 0x20 0x58 0x371 0x1b0005 0x0 0x0 0x258742bc880 0x371 0x0 0x0 0x1f0005 0x0 0x0 0x258742bc880 0x391 0x0 0x0 0x250002 0x391 0x2b0007 0x2 0x58 0x38f 0x300005 0x0 0x0 0x258742bc880 0x38f 0x0 0x0 0x340005 0x0 0x0 0x258742bc880 0x391 0x0 0x0 0x3a0002 0x391 0x400007 0x18 0x58 0x379 0x450005 0x0 0x0 0x258742bc880 0x379 0x0 0x0 0x490005 0x0 0x0 0x258742bc880 0x391 0x0 0x0 0x4f0002 0x391 0x550007 0x2 0x58 0x38f 0x5a0005 0x0 0x0 0x258742bc880 0x38f 0x0 0x0 0x5e0005 0x0 0x0 0x258742bc880 0x391 0x0 0x0 0x640002 0x391 0x6a0007 0x2 0x58 0x38f 0x6f0005 0x0 0x0 0x258742bc880 0x38f 0x0 0x0 0x730005 0x0 0x0 0x258742bc880 0x391 0x0 0x0 0x760005 0x0 0x0 0x25826b6c810 0x33f 0x2586e0ef4e0 0x52 0x7f0005 0x0 0x0 0x2587450e080 0x35b 0x2586e0ef590 0xc7 0x840007 0x391 0xb8 0x91 0x890005 0x0 0x0 0x2586e0ef590 0x75 0x2587450e080 0x1c 0x8e0004 0x0 0x0 0x258765bb790 0x91 0x0 0x0 0x960002 0x91 0x990003 0x91 0xffffffffffffff28 0x0 0x0 0x0 0x0 0x0 0x0 0x9 0x2 0x0 0x0 oops 18 9 org/apache/maven/model/Build 22 org/apache/maven/model/Build 29 org/apache/maven/model/Build 42 org/apache/maven/model/Build 49 org/apache/maven/model/Build 62 org/apache/maven/model/Build 69 org/apache/maven/model/Build 82 org/apache/maven/model/Build 89 org/apache/maven/model/Build 102 org/apache/maven/model/Build 109 org/apache/maven/model/Build 116 java/util/ArrayList 118 org/apache/maven/model/merge/ModelMerger$MergingList 123 java/util/ArrayList$Itr 125 java/util/LinkedHashMap$LinkedValueIterator 134 java/util/LinkedHashMap$LinkedValueIterator 136 java/util/ArrayList$Itr 141 org/apache/maven/model/Extension methods 0
ciMethodData org/apache/maven/model/interpolation/StringVisitorModelInterpolator$ModelVisitor visit (Lorg/apache/maven/model/Profile;)V 1 790 orig 80 0 0 0 0 0 0 0 0 0 0 0 0 0 0 0 0 0 0 0 0 0 0 0 0 0 0 0 0 0 0 0 0 0 0 0 0 0 0 0 0 0 0 0 0 0 0 0 0 0 0 0 0 0 0 0 0 0 0 0 0 0 0 0 0 0 0 0 0 0 0 0 0 0 0 0 0 0 0 0 0 data 54 0x10007 0x0 0x160 0x2ae 0x60002 0x2ae 0xa0005 0x0 0x0 0x2587450e550 0x2ae 0x0 0x0 0x100002 0x2ae 0x160007 0x2ae 0x58 0x0 0x1b0005 0x0 0x0 0x0 0x0 0x0 0x0 0x200005 0x0 0x0 0x2587450e550 0x2ae 0x0 0x0 0x230002 0x2ae 0x280005 0x0 0x0 0x2587450e550 0x2ae 0x0 0x0 0x2b0002 0x2ae 0x0 0x0 0x0 0x0 0x0 0x0 0x9 0x2 0xffffffffffffffff 0xffffffffffffffff oops 3 9 org/apache/maven/model/Profile 29 org/apache/maven/model/Profile 38 org/apache/maven/model/Profile methods 0
ciMethodData org/apache/maven/model/interpolation/StringVisitorModelInterpolator$ModelVisitor visit (Lorg/apache/maven/model/ReportSet;)V 1 414 orig 80 0 0 0 0 0 0 0 0 0 0 0 0 0 0 0 0 0 0 0 0 0 0 0 0 0 0 0 0 0 0 0 0 0 0 0 0 0 0 0 0 0 0 0 0 0 0 0 0 0 0 0 0 0 0 0 0 0 0 0 0 0 0 0 0 0 0 0 0 0 0 0 0 0 0 0 0 0 0 0 0 data 79 0x10007 0x0 0x228 0x14d 0x50005 0x0 0x0 0x25870e13100 0x14d 0x0 0x0 0xb0002 0x14d 0x110007 0x14d 0x58 0x0 0x160005 0x0 0x0 0x0 0x0 0x0 0x0 0x1b0005 0x0 0x0 0x25870e13100 0x14d 0x0 0x0 0x1e0104 0x0 0x0 0x0 0x0 0x0 0x0 0x210002 0x14d 0x250005 0x0 0x0 0x25870e13100 0x14d 0x0 0x0 0x2b0002 0x14d 0x310007 0x14d 0x58 0x0 0x360005 0x0 0x0 0x0 0x0 0x0 0x0 0x3b0005 0x0 0x0 0x25870e13100 0x14d 0x0 0x0 0x3e0002 0x14d 0x0 0x0 0x0 0x0 0x0 0x0 0x9 0x2 0x0 0x0 oops 4 7 org/apache/maven/model/ReportSet 27 org/apache/maven/model/ReportSet 43 org/apache/maven/model/ReportSet 63 org/apache/maven/model/ReportSet methods 0
ciMethodData org/apache/maven/model/interpolation/StringVisitorModelInterpolator$ModelVisitor visit (Lorg/apache/maven/model/ReportPlugin;)V 2 1567 orig 80 0 0 0 0 0 0 0 0 0 0 0 0 88 2 0 0 0 0 0 0 0 0 0 0 0 0 0 0 0 0 0 0 0 0 0 0 0 0 0 0 0 0 0 0 0 0 0 0 0 0 0 0 0 0 0 0 0 0 0 0 0 0 0 0 0 0 0 0 0 0 0 0 0 0 0 0 0 0 0 0 data 154 0x10007 0x0 0x480 0x51e 0x50005 0x0 0x0 0x2586d96ad70 0x51e 0x0 0x0 0xb0002 0x51e 0x110007 0x51e 0x58 0x0 0x160005 0x0 0x0 0x0 0x0 0x0 0x0 0x1b0005 0x0 0x0 0x2586d96ad70 0x51e 0x0 0x0 0x1e0104 0x0 0x0 0x2586d971dd0 0x26b 0x0 0x0 0x210002 0x51e 0x250005 0x0 0x0 0x2586d96ad70 0x51e 0x0 0x0 0x2b0002 0x51e 0x310007 0x51e 0x58 0x0 0x360005 0x0 0x0 0x0 0x0 0x0 0x0 0x3a0005 0x0 0x0 0x2586d96ad70 0x51e 0x0 0x0 0x400002 0x51e 0x460007 0x51e 0x58 0x0 0x4b0005 0x0 0x0 0x0 0x0 0x0 0x0 0x4f0005 0x0 0x0 0x2586d96ad70 0x51e 0x0 0x0 0x550002 0x51e 0x5b0007 0x3a1 0x58 0x17d 0x600005 0x0 0x0 0x2586d96ad70 0x17d 0x0 0x0 0x640005 0x0 0x0 0x2586d96ad70 0x51e 0x0 0x0 0x670005 0x0 0x0 0x25826b6c810 0x51e 0x0 0x0 0x700005 0x0 0x0 0x2587450e080 0x66b 0x0 0x0 0x750007 0x51e 0xb8 0x14d 0x7a0005 0x0 0x0 0x2587450e080 0x14d 0x0 0x0 0x7f0004 0x0 0x0 0x25870e13100 0x14d 0x0 0x0 0x870002 0x14d 0x8a0003 0x14d 0xffffffffffffff28 0x0 0x0 0x0 0x0 0x0 0x0 0x9 0x2 0x0 0x0 oops 12 7 org/apache/maven/model/ReportPlugin 27 org/apache/maven/model/ReportPlugin 34 org/codehaus/plexus/util/xml/Xpp3Dom 43 org/apache/maven/model/ReportPlugin 63 org/apache/maven/model/ReportPlugin 83 org/apache/maven/model/ReportPlugin 96 org/apache/maven/model/ReportPlugin 103 org/apache/maven/model/ReportPlugin 110 java/util/ArrayList 117 java/util/ArrayList$Itr 128 java/util/ArrayList$Itr 135 org/apache/maven/model/ReportSet methods 0
ciMethodData org/apache/maven/model/interpolation/StringVisitorModelInterpolator$ModelVisitor visit (Lorg/apache/maven/model/Site;)V 1 922 orig 80 0 0 0 0 0 0 0 0 0 0 0 0 0 0 0 0 0 0 0 0 0 0 0 0 0 0 0 0 0 0 0 0 0 0 0 0 0 0 0 0 0 0 0 0 0 0 0 0 0 0 0 0 0 0 0 0 0 0 0 0 0 0 0 0 0 0 0 0 0 0 0 0 0 0 0 0 0 0 0 0 data 94 0x10007 0x193 0x2a0 0x147 0x50005 0x0 0x0 0x2586c950fb0 0x147 0x0 0x0 0xb0002 0x147 0x110007 0x147 0x58 0x0 0x160005 0x0 0x0 0x0 0x0 0x0 0x0 0x1a0005 0x0 0x0 0x2586c950fb0 0x147 0x0 0x0 0x200002 0x147 0x260007 0x147 0x58 0x0 0x2b0005 0x0 0x0 0x0 0x0 0x0 0x0 0x2f0005 0x0 0x0 0x2586c950fb0 0x147 0x0 0x0 0x350002 0x147 0x3b0007 0x77 0x58 0xd0 0x400005 0x0 0x0 0x2586c950fb0 0xd0 0x0 0x0 0x440005 0x0 0x0 0x2586c950fb0 0x147 0x0 0x0 0x4a0002 0x147 0x500007 0x147 0x58 0x0 0x550005 0x0 0x0 0x0 0x0 0x0 0x0 0x0 0x0 0x0 0x0 0x0 0x0 0x9 0x2 0x0 0x0 oops 5 7 org/apache/maven/model/Site 27 org/apache/maven/model/Site 47 org/apache/maven/model/Site 60 org/apache/maven/model/Site 67 org/apache/maven/model/Site methods 0
ciMethodData org/apache/maven/model/interpolation/StringVisitorModelInterpolator$ModelVisitor visit (Lorg/apache/maven/model/Relocation;)V 1 938 orig 80 0 0 0 0 0 0 0 0 0 0 0 0 0 0 0 0 0 0 0 0 0 0 0 0 0 0 0 0 0 0 0 0 0 0 0 0 0 0 0 0 0 0 0 0 0 0 0 0 0 0 0 0 0 0 0 0 0 0 0 0 0 0 0 0 0 0 0 0 0 0 0 0 0 0 0 0 0 0 0 0 data 94 0x10007 0x2ea 0x2a0 0x0 0x50005 0x0 0x0 0x0 0x0 0x0 0x0 0xb0002 0x0 0x110007 0x0 0x58 0x0 0x160005 0x0 0x0 0x0 0x0 0x0 0x0 0x1a0005 0x0 0x0 0x0 0x0 0x0 0x0 0x200002 0x0 0x260007 0x0 0x58 0x0 0x2b0005 0x0 0x0 0x0 0x0 0x0 0x0 0x2f0005 0x0 0x0 0x0 0x0 0x0 0x0 0x350002 0x0 0x3b0007 0x0 0x58 0x0 0x400005 0x0 0x0 0x0 0x0 0x0 0x0 0x440005 0x0 0x0 0x0 0x0 0x0 0x0 0x4a0002 0x0 0x500007 0x0 0x58 0x0 0x550005 0x0 0x0 0x0 0x0 0x0 0x0 0x0 0x0 0x0 0x0 0x0 0x0 0x9 0x2 0x0 0xffffffffffffffff oops 0 methods 0
ciMethodData org/apache/maven/model/CiManagement getNotifiers ()Ljava/util/List; 2 1794 orig 80 0 0 0 0 0 0 0 0 0 0 0 0 88 2 0 0 0 0 0 0 0 0 0 0 0 0 0 0 0 0 0 0 0 0 0 0 0 0 0 0 0 0 0 0 0 0 0 0 0 0 0 0 0 0 0 0 0 0 0 0 0 0 0 0 0 0 0 0 0 0 0 0 0 0 0 0 0 0 0 0 data 15 0x40007 0x280 0x30 0x382 0xc0002 0x382 0x0 0x0 0x0 0x0 0x0 0x0 0x9 0x1 0xc oops 0 methods 0
ciMethodData java/util/ArrayList$ListItr set (Ljava/lang/Object;)V 1 954 orig 80 0 0 0 0 0 0 0 0 0 0 0 0 88 2 0 0 0 0 0 0 0 0 0 0 0 0 0 0 0 0 0 0 0 0 0 0 0 0 0 0 0 0 0 0 0 0 0 0 0 0 0 0 0 0 0 0 0 0 0 0 0 0 0 0 0 0 0 0 0 0 0 0 0 0 0 0 0 0 0 0 data 35 0x40007 0x237 0x30 0x0 0xb0002 0x0 0x100005 0x237 0x0 0x0 0x0 0x0 0x0 0x1c0005 0x0 0x0 0x25826b6c810 0x237 0x0 0x0 0x200003 0x237 0x28 0x280002 0x0 0x0 0x0 0x0 0x0 0x0 0x0 0x9 0x2 0x0 0x0 oops 1 16 java/util/ArrayList methods 0
ciMethodData org/apache/maven/model/interpolation/StringVisitorModelInterpolator$ModelVisitor visit (Lorg/apache/maven/model/Notifier;)V 1 162 orig 80 0 0 0 0 0 0 0 0 0 0 0 0 0 0 0 0 0 0 0 0 0 0 0 0 0 0 0 0 0 0 0 0 0 0 0 0 0 0 0 0 0 0 0 0 0 0 0 0 0 0 0 0 0 0 0 0 0 0 0 0 0 0 0 0 0 0 0 0 0 0 0 0 0 0 0 0 0 0 0 0 data 43 0x10007 0x0 0x108 0x62 0x50005 0x0 0x0 0x258765b7040 0x62 0x0 0x0 0xb0002 0x62 0x110007 0x62 0x58 0x0 0x160005 0x0 0x0 0x0 0x0 0x0 0x0 0x1b0005 0x0 0x0 0x258765b7040 0x62 0x0 0x0 0x1e0002 0x62 0x0 0x0 0x0 0x0 0x0 0x0 0x9 0x2 0x0 0x0 oops 2 7 org/apache/maven/model/Notifier 27 org/apache/maven/model/Notifier methods 0
ciMethodData org/apache/maven/model/Notifier getConfiguration ()Ljava/util/Properties; 1 225 orig 80 0 0 0 0 0 0 0 0 0 0 0 0 0 0 0 0 0 0 0 0 0 0 0 0 0 0 0 0 0 0 0 0 0 0 0 0 0 0 0 0 0 0 0 0 0 0 0 0 0 0 0 0 0 0 0 0 0 0 0 0 0 0 0 0 0 0 0 0 0 0 0 0 0 0 0 0 0 0 0 0 data 15 0x40007 0x64 0x30 0x14 0xc0002 0x14 0x0 0x0 0x0 0x0 0x0 0x0 0x9 0x1 0x8 oops 0 methods 0
ciMethodData org/apache/maven/model/ReportSet getReports ()Ljava/util/List; 1 641 orig 80 0 0 0 0 0 0 0 0 0 0 0 0 0 0 0 0 0 0 0 0 0 0 0 0 0 0 0 0 0 0 0 0 0 0 0 0 0 0 0 0 0 0 0 0 0 0 0 0 0 0 0 0 0 0 0 0 0 0 0 0 0 0 0 0 0 0 0 0 0 0 0 0 0 0 0 0 0 0 0 0 data 15 0x40007 0x18d 0x30 0x0 0xc0002 0x0 0x0 0x0 0x0 0x0 0x0 0x0 0x9 0x1 0x60 oops 0 methods 0
compile org/apache/maven/model/interpolation/StringVisitorModelInterpolator$ModelVisitor visit (Lorg/apache/maven/model/Model;)V -1 4 inline 276 0 -1 org/apache/maven/model/interpolation/StringVisitorModelInterpolator$ModelVisitor visit (Lorg/apache/maven/model/Model;)V 1 6 org/apache/maven/model/interpolation/StringVisitorModelInterpolator$ModelVisitor visit (Lorg/apache/maven/model/ModelBase;)V 2 6 org/apache/maven/model/ModelBase getModules ()Ljava/util/List; 3 12 java/util/ArrayList <init> ()V 4 1 java/util/AbstractList <init> ()V 5 1 java/util/AbstractCollection <init> ()V 6 1 java/lang/Object <init> ()V 2 9 org/apache/maven/model/interpolation/StringVisitorModelInterpolator$ModelVisitor visit (Ljava/util/List;)V 3 5 java/util/ArrayList listIterator ()Ljava/util/ListIterator; 4 6 java/util/ArrayList$ListItr <init> (Ljava/util/ArrayList;I)V 5 7 java/util/ArrayList$Itr <init> (Ljava/util/ArrayList;)V 6 6 java/lang/Object <init> ()V 3 12 java/util/ArrayList$Itr hasNext ()Z 3 21 java/util/ArrayList$Itr next ()Ljava/lang/Object; 4 1 java/util/ArrayList$Itr checkForComodification ()V 2 14 org/apache/maven/model/ModelBase getDistributionManagement ()Lorg/apache/maven/model/DistributionManagement; 2 17 org/apache/maven/model/interpolation/StringVisitorModelInterpolator$ModelVisitor visit (Lorg/apache/maven/model/DistributionManagement;)V 3 6 org/apache/maven/model/DistributionManagement getRepository ()Lorg/apache/maven/model/DeploymentRepository; 3 9 org/apache/maven/model/interpolation/StringVisitorModelInterpolator$ModelVisitor visit (Lorg/apache/maven/model/Repository;)V 4 6 org/apache/maven/model/interpolation/StringVisitorModelInterpolator$ModelVisitor visit (Lorg/apache/maven/model/RepositoryBase;)V 5 5 org/apache/maven/model/RepositoryBase getId ()Ljava/lang/String; 5 22 org/apache/maven/model/RepositoryBase setId (Ljava/lang/String;)V 5 26 org/apache/maven/model/RepositoryBase getName ()Ljava/lang/String; 5 49 org/apache/maven/model/RepositoryBase setName (Ljava/lang/String;)V 5 53 org/apache/maven/model/RepositoryBase getUrl ()Ljava/lang/String; 5 76 org/apache/maven/model/RepositoryBase setUrl (Ljava/lang/String;)V 5 80 org/apache/maven/model/RepositoryBase getLayout ()Ljava/lang/String; 4 11 org/apache/maven/model/Repository getReleases ()Lorg/apache/maven/model/RepositoryPolicy; 4 14 org/apache/maven/model/interpolation/StringVisitorModelInterpolator$ModelVisitor visit (Lorg/apache/maven/model/RepositoryPolicy;)V 5 5 org/apache/maven/model/RepositoryPolicy getEnabled ()Ljava/lang/String; 5 26 org/apache/maven/model/RepositoryPolicy getUpdatePolicy ()Ljava/lang/String; 5 53 org/apache/maven/model/RepositoryPolicy getChecksumPolicy ()Ljava/lang/String; 4 19 org/apache/maven/model/Repository getSnapshots ()Lorg/apache/maven/model/RepositoryPolicy; 4 22 org/apache/maven/model/interpolation/StringVisitorModelInterpolator$ModelVisitor visit (Lorg/apache/maven/model/RepositoryPolicy;)V 5 5 org/apache/maven/model/RepositoryPolicy getEnabled ()Ljava/lang/String; 5 26 org/apache/maven/model/RepositoryPolicy getUpdatePolicy ()Ljava/lang/String; 5 53 org/apache/maven/model/RepositoryPolicy getChecksumPolicy ()Ljava/lang/String; 3 14 org/apache/maven/model/DistributionManagement getSnapshotRepository ()Lorg/apache/maven/model/DeploymentRepository; 3 17 org/apache/maven/model/interpolation/StringVisitorModelInterpolator$ModelVisitor visit (Lorg/apache/maven/model/Repository;)V 4 6 org/apache/maven/model/interpolation/StringVisitorModelInterpolator$ModelVisitor visit (Lorg/apache/maven/model/RepositoryBase;)V 5 5 org/apache/maven/model/RepositoryBase getId ()Ljava/lang/String; 5 22 org/apache/maven/model/RepositoryBase setId (Ljava/lang/String;)V 5 26 org/apache/maven/model/RepositoryBase getName ()Ljava/lang/String; 5 49 org/apache/maven/model/RepositoryBase setName (Ljava/lang/String;)V 5 53 org/apache/maven/model/RepositoryBase getUrl ()Ljava/lang/String; 5 76 org/apache/maven/model/RepositoryBase setUrl (Ljava/lang/String;)V 5 80 org/apache/maven/model/RepositoryBase getLayout ()Ljava/lang/String; 4 11 org/apache/maven/model/Repository getReleases ()Lorg/apache/maven/model/RepositoryPolicy; 4 14 org/apache/maven/model/interpolation/StringVisitorModelInterpolator$ModelVisitor visit (Lorg/apache/maven/model/RepositoryPolicy;)V 5 5 org/apache/maven/model/RepositoryPolicy getEnabled ()Ljava/lang/String; 5 26 org/apache/maven/model/RepositoryPolicy getUpdatePolicy ()Ljava/lang/String; 5 53 org/apache/maven/model/RepositoryPolicy getChecksumPolicy ()Ljava/lang/String; 4 19 org/apache/maven/model/Repository getSnapshots ()Lorg/apache/maven/model/RepositoryPolicy; 4 22 org/apache/maven/model/interpolation/StringVisitorModelInterpolator$ModelVisitor visit (Lorg/apache/maven/model/RepositoryPolicy;)V 5 5 org/apache/maven/model/RepositoryPolicy getEnabled ()Ljava/lang/String; 5 26 org/apache/maven/model/RepositoryPolicy getUpdatePolicy ()Ljava/lang/String; 5 53 org/apache/maven/model/RepositoryPolicy getChecksumPolicy ()Ljava/lang/String; 3 22 org/apache/maven/model/DistributionManagement getSite ()Lorg/apache/maven/model/Site; 3 25 org/apache/maven/model/interpolation/StringVisitorModelInterpolator$ModelVisitor visit (Lorg/apache/maven/model/Site;)V 4 5 org/apache/maven/model/Site getId ()Ljava/lang/String; 4 22 org/apache/maven/model/Site setId (Ljava/lang/String;)V 4 26 org/apache/maven/model/Site getName ()Ljava/lang/String; 4 43 org/apache/maven/model/Site setName (Ljava/lang/String;)V 4 47 org/apache/maven/model/Site getUrl ()Ljava/lang/String; 4 64 org/apache/maven/model/Site setUrl (Ljava/lang/String;)V 4 68 org/apache/maven/model/Site getChildSiteUrlInheritAppendPath ()Ljava/lang/String; 4 85 org/apache/maven/model/Site setChildSiteUrlInheritAppendPath (Ljava/lang/String;)V 3 29 org/apache/maven/model/DistributionManagement getDownloadUrl ()Ljava/lang/String; 3 51 org/apache/maven/model/DistributionManagement getRelocation ()Lorg/apache/maven/model/Relocation; 2 22 org/apache/maven/model/ModelBase getProperties ()Ljava/util/Properties; 3 12 java/util/Properties <init> ()V 4 4 java/util/Properties <init> (Ljava/util/Properties;I)V 5 5 java/util/Hashtable <init> (Ljava/lang/Void;)V 6 1 java/util/Dictionary <init> ()V 7 1 java/lang/Object <init> ()V 5 14 java/util/concurrent/ConcurrentHashMap <init> (I)V 6 5 java/util/concurrent/ConcurrentHashMap <init> (IFI)V 7 1 java/util/AbstractMap <init> ()V 8 1 java/lang/Object <init> ()V 7 61 java/util/concurrent/ConcurrentHashMap tableSizeFor (I)I 2 25 org/apache/maven/model/interpolation/StringVisitorModelInterpolator$ModelVisitor visit (Ljava/util/Properties;)V 3 5 java/util/Properties entrySet ()Ljava/util/Set; 4 8 java/util/concurrent/ConcurrentHashMap entrySet ()Ljava/util/Set; 5 17 java/util/concurrent/ConcurrentHashMap$EntrySetView <init> (Ljava/util/concurrent/ConcurrentHashMap;)V 6 2 java/util/concurrent/ConcurrentHashMap$CollectionView <init> (Ljava/util/concurrent/ConcurrentHashMap;)V 7 1 java/lang/Object <init> ()V 4 11 java/util/Properties$EntrySet <init> (Ljava/util/Set;)V 5 1 java/lang/Object <init> ()V 4 15 java/util/Collections synchronizedSet (Ljava/util/Set;Ljava/lang/Object;)Ljava/util/Set; 5 6 java/util/Collections$SynchronizedSet <init> (Ljava/util/Set;Ljava/lang/Object;)V 6 3 java/util/Collections$SynchronizedCollection <init> (Ljava/util/Collection;Ljava/lang/Object;)V 7 1 java/lang/Object <init> ()V 7 6 java/util/Objects requireNonNull (Ljava/lang/Object;)Ljava/lang/Object; 7 17 java/util/Objects requireNonNull (Ljava/lang/Object;)Ljava/lang/Object; 3 8 java/util/Collections$SynchronizedCollection iterator ()Ljava/util/Iterator; 3 15 java/util/concurrent/ConcurrentHashMap$BaseIterator hasNext ()Z 3 24 java/util/concurrent/ConcurrentHashMap$EntryIterator next ()Ljava/lang/Object; 4 1 java/util/concurrent/ConcurrentHashMap$EntryIterator next ()Ljava/util/Map$Entry; 5 33 java/util/concurrent/ConcurrentHashMap$Traverser advance ()Ljava/util/concurrent/ConcurrentHashMap$Node; 6 72 java/util/concurrent/ConcurrentHashMap tabAt ([Ljava/util/concurrent/ConcurrentHashMap$Node;I)Ljava/util/concurrent/ConcurrentHashMap$Node; 5 47 java/util/concurrent/ConcurrentHashMap$MapEntry <init> (Ljava/lang/Object;Ljava/lang/Object;Ljava/util/concurrent/ConcurrentHashMap;)V 6 1 java/lang/Object <init> ()V 3 34 java/util/concurrent/ConcurrentHashMap$MapEntry getValue ()Ljava/lang/Object; 3 79 java/util/concurrent/ConcurrentHashMap$MapEntry setValue (Ljava/lang/Object;)Ljava/lang/Object; 4 31 java/util/concurrent/ConcurrentHashMap put (Ljava/lang/Object;Ljava/lang/Object;)Ljava/lang/Object; 2 30 org/apache/maven/model/ModelBase getDependencyManagement ()Lorg/apache/maven/model/DependencyManagement; 2 33 org/apache/maven/model/interpolation/StringVisitorModelInterpolator$ModelVisitor visit (Lorg/apache/maven/model/DependencyManagement;)V 3 5 org/apache/maven/model/DependencyManagement getDependencies ()Ljava/util/List; 4 12 java/util/ArrayList <init> ()V 5 1 java/util/AbstractList <init> ()V 6 1 java/util/AbstractCollection <init> ()V 7 1 java/lang/Object <init> ()V 3 8 org/apache/maven/model/merge/ModelMerger$MergingList iterator ()Ljava/util/Iterator; 4 11 java/util/LinkedHashMap values ()Ljava/util/Collection; 5 14 java/util/LinkedHashMap$LinkedValues <init> (Ljava/util/LinkedHashMap;)V 6 6 java/util/AbstractCollection <init> ()V 7 1 java/lang/Object <init> ()V 4 16 java/util/LinkedHashMap$LinkedValues iterator ()Ljava/util/Iterator; 5 8 java/util/LinkedHashMap$LinkedValueIterator <init> (Ljava/util/LinkedHashMap;)V 6 7 java/util/LinkedHashMap$LinkedHashIterator <init> (Ljava/util/LinkedHashMap;)V 7 6 java/lang/Object <init> ()V 3 8 java/util/ArrayList iterator ()Ljava/util/Iterator; 4 5 java/util/ArrayList$Itr <init> (Ljava/util/ArrayList;)V 5 6 java/lang/Object <init> ()V 3 15 java/util/LinkedHashMap$LinkedHashIterator hasNext ()Z 3 15 java/util/ArrayList$Itr hasNext ()Z 3 24 java/util/LinkedHashMap$LinkedValueIterator next ()Ljava/lang/Object; 4 1 java/util/LinkedHashMap$LinkedHashIterator nextNode ()Ljava/util/LinkedHashMap$Entry; 3 24 java/util/ArrayList$Itr next ()Ljava/lang/Object; 4 1 java/util/ArrayList$Itr checkForComodification ()V 2 37 org/apache/maven/model/ModelBase getDependencies ()Ljava/util/List; 3 12 java/util/ArrayList <init> ()V 4 1 java/util/AbstractList <init> ()V 5 1 java/util/AbstractCollection <init> ()V 6 1 java/lang/Object <init> ()V 2 40 java/util/ArrayList iterator ()Ljava/util/Iterator; 3 5 java/util/ArrayList$Itr <init> (Ljava/util/ArrayList;)V 4 6 java/lang/Object <init> ()V 2 40 org/apache/maven/model/merge/ModelMerger$MergingList iterator ()Ljava/util/Iterator; 3 11 java/util/LinkedHashMap values ()Ljava/util/Collection; 4 14 java/util/LinkedHashMap$LinkedValues <init> (Ljava/util/LinkedHashMap;)V 5 6 java/util/AbstractCollection <init> ()V 6 1 java/lang/Object <init> ()V 3 16 java/util/LinkedHashMap$LinkedValues iterator ()Ljava/util/Iterator; 4 8 java/util/LinkedHashMap$LinkedValueIterator <init> (Ljava/util/LinkedHashMap;)V 5 7 java/util/LinkedHashMap$LinkedHashIterator <init> (Ljava/util/LinkedHashMap;)V 6 6 java/lang/Object <init> ()V 2 47 java/util/ArrayList$Itr hasNext ()Z 2 47 java/util/LinkedHashMap$LinkedHashIterator hasNext ()Z 2 56 java/util/ArrayList$Itr next ()Ljava/lang/Object; 3 1 java/util/ArrayList$Itr checkForComodification ()V 2 56 java/util/LinkedHashMap$LinkedValueIterator next ()Ljava/lang/Object; 3 1 java/util/LinkedHashMap$LinkedHashIterator nextNode ()Ljava/util/LinkedHashMap$Entry; 2 74 org/apache/maven/model/ModelBase getRepositories ()Ljava/util/List; 3 12 java/util/ArrayList <init> ()V 4 1 java/util/AbstractList <init> ()V 5 1 java/util/AbstractCollection <init> ()V 6 1 java/lang/Object <init> ()V 2 77 java/util/ArrayList iterator ()Ljava/util/Iterator; 3 5 java/util/ArrayList$Itr <init> (Ljava/util/ArrayList;)V 4 6 java/lang/Object <init> ()V 2 84 java/util/ArrayList$Itr hasNext ()Z 2 93 java/util/ArrayList$Itr next ()Ljava/lang/Object; 3 1 java/util/ArrayList$Itr checkForComodification ()V 2 104 org/apache/maven/model/interpolation/StringVisitorModelInterpolator$ModelVisitor visit (Lorg/apache/maven/model/Repository;)V 3 6 org/apache/maven/model/interpolation/StringVisitorModelInterpolator$ModelVisitor visit (Lorg/apache/maven/model/RepositoryBase;)V 4 5 org/apache/maven/model/RepositoryBase getId ()Ljava/lang/String; 4 22 org/apache/maven/model/RepositoryBase setId (Ljava/lang/String;)V 4 26 org/apache/maven/model/RepositoryBase getName ()Ljava/lang/String; 4 49 org/apache/maven/model/RepositoryBase setName (Ljava/lang/String;)V 4 53 org/apache/maven/model/RepositoryBase getUrl ()Ljava/lang/String; 4 76 org/apache/maven/model/RepositoryBase setUrl (Ljava/lang/String;)V 4 80 org/apache/maven/model/RepositoryBase getLayout ()Ljava/lang/String; 3 11 org/apache/maven/model/Repository getReleases ()Lorg/apache/maven/model/RepositoryPolicy; 3 14 org/apache/maven/model/interpolation/StringVisitorModelInterpolator$ModelVisitor visit (Lorg/apache/maven/model/RepositoryPolicy;)V 4 5 org/apache/maven/model/RepositoryPolicy getEnabled ()Ljava/lang/String; 4 26 org/apache/maven/model/RepositoryPolicy getUpdatePolicy ()Ljava/lang/String; 4 53 org/apache/maven/model/RepositoryPolicy getChecksumPolicy ()Ljava/lang/String; 3 19 org/apache/maven/model/Repository getSnapshots ()Lorg/apache/maven/model/RepositoryPolicy; 3 22 org/apache/maven/model/interpolation/StringVisitorModelInterpolator$ModelVisitor visit (Lorg/apache/maven/model/RepositoryPolicy;)V 4 5 org/apache/maven/model/RepositoryPolicy getEnabled ()Ljava/lang/String; 4 26 org/apache/maven/model/RepositoryPolicy getUpdatePolicy ()Ljava/lang/String; 4 53 org/apache/maven/model/RepositoryPolicy getChecksumPolicy ()Ljava/lang/String; 2 111 org/apache/maven/model/ModelBase getPluginRepositories ()Ljava/util/List; 3 12 java/util/ArrayList <init> ()V 4 1 java/util/AbstractList <init> ()V 5 1 java/util/AbstractCollection <init> ()V 6 1 java/lang/Object <init> ()V 2 114 java/util/ArrayList iterator ()Ljava/util/Iterator; 3 5 java/util/ArrayList$Itr <init> (Ljava/util/ArrayList;)V 4 6 java/lang/Object <init> ()V 2 121 java/util/ArrayList$Itr hasNext ()Z 2 130 java/util/ArrayList$Itr next ()Ljava/lang/Object; 3 1 java/util/ArrayList$Itr checkForComodification ()V 2 141 org/apache/maven/model/interpolation/StringVisitorModelInterpolator$ModelVisitor visit (Lorg/apache/maven/model/Repository;)V 3 6 org/apache/maven/model/interpolation/StringVisitorModelInterpolator$ModelVisitor visit (Lorg/apache/maven/model/RepositoryBase;)V 4 5 org/apache/maven/model/RepositoryBase getId ()Ljava/lang/String; 4 22 org/apache/maven/model/RepositoryBase setId (Ljava/lang/String;)V 4 26 org/apache/maven/model/RepositoryBase getName ()Ljava/lang/String; 4 49 org/apache/maven/model/RepositoryBase setName (Ljava/lang/String;)V 4 53 org/apache/maven/model/RepositoryBase getUrl ()Ljava/lang/String; 4 76 org/apache/maven/model/RepositoryBase setUrl (Ljava/lang/String;)V 4 80 org/apache/maven/model/RepositoryBase getLayout ()Ljava/lang/String; 3 11 org/apache/maven/model/Repository getReleases ()Lorg/apache/maven/model/RepositoryPolicy; 3 14 org/apache/maven/model/interpolation/StringVisitorModelInterpolator$ModelVisitor visit (Lorg/apache/maven/model/RepositoryPolicy;)V 4 5 org/apache/maven/model/RepositoryPolicy getEnabled ()Ljava/lang/String; 4 26 org/apache/maven/model/RepositoryPolicy getUpdatePolicy ()Ljava/lang/String; 4 53 org/apache/maven/model/RepositoryPolicy getChecksumPolicy ()Ljava/lang/String; 3 19 org/apache/maven/model/Repository getSnapshots ()Lorg/apache/maven/model/RepositoryPolicy; 3 22 org/apache/maven/model/interpolation/StringVisitorModelInterpolator$ModelVisitor visit (Lorg/apache/maven/model/RepositoryPolicy;)V 4 5 org/apache/maven/model/RepositoryPolicy getEnabled ()Ljava/lang/String; 4 26 org/apache/maven/model/RepositoryPolicy getUpdatePolicy ()Ljava/lang/String; 4 53 org/apache/maven/model/RepositoryPolicy getChecksumPolicy ()Ljava/lang/String; 2 149 org/apache/maven/model/ModelBase getReporting ()Lorg/apache/maven/model/Reporting; 2 152 org/apache/maven/model/interpolation/StringVisitorModelInterpolator$ModelVisitor visit (Lorg/apache/maven/model/Reporting;)V 3 5 org/apache/maven/model/Reporting getExcludeDefaults ()Ljava/lang/String; 3 26 org/apache/maven/model/Reporting getOutputDirectory ()Ljava/lang/String; 3 43 org/apache/maven/model/Reporting setOutputDirectory (Ljava/lang/String;)V 3 47 org/apache/maven/model/Reporting getPlugins ()Ljava/util/List; 4 12 java/util/ArrayList <init> ()V 5 1 java/util/AbstractList <init> ()V 6 1 java/util/AbstractCollection <init> ()V 7 1 java/lang/Object <init> ()V 3 50 java/util/ArrayList iterator ()Ljava/util/Iterator; 4 5 java/util/ArrayList$Itr <init> (Ljava/util/ArrayList;)V 5 6 java/lang/Object <init> ()V 3 59 java/util/ArrayList$Itr hasNext ()Z 3 69 java/util/ArrayList$Itr next ()Ljava/lang/Object; 4 1 java/util/ArrayList$Itr checkForComodification ()V 3 82 org/apache/maven/model/interpolation/StringVisitorModelInterpolator$ModelVisitor visit (Lorg/apache/maven/model/ReportPlugin;)V 4 5 org/apache/maven/model/ConfigurationContainer getInherited ()Ljava/lang/String; 4 27 org/apache/maven/model/ConfigurationContainer getConfiguration ()Ljava/lang/Object; 4 37 org/apache/maven/model/ReportPlugin getGroupId ()Ljava/lang/String; 4 58 org/apache/maven/model/ReportPlugin getArtifactId ()Ljava/lang/String; 4 79 org/apache/maven/model/ReportPlugin getVersion ()Ljava/lang/String; 4 96 org/apache/maven/model/ReportPlugin setVersion (Ljava/lang/String;)V 4 100 org/apache/maven/model/ReportPlugin getReportSets ()Ljava/util/List; 5 12 java/util/ArrayList <init> ()V 6 1 java/util/AbstractList <init> ()V 7 1 java/util/AbstractCollection <init> ()V 8 1 java/lang/Object <init> ()V 4 103 java/util/ArrayList iterator ()Ljava/util/Iterator; 5 5 java/util/ArrayList$Itr <init> (Ljava/util/ArrayList;)V 6 6 java/lang/Object <init> ()V 4 112 java/util/ArrayList$Itr hasNext ()Z 4 122 java/util/ArrayList$Itr next ()Ljava/lang/Object; 5 1 java/util/ArrayList$Itr checkForComodification ()V 4 135 org/apache/maven/model/interpolation/StringVisitorModelInterpolator$ModelVisitor visit (Lorg/apache/maven/model/ReportSet;)V 5 5 org/apache/maven/model/ConfigurationContainer getInherited ()Ljava/lang/String; 5 22 org/apache/maven/model/ConfigurationContainer setInherited (Ljava/lang/String;)V 5 27 org/apache/maven/model/ConfigurationContainer getConfiguration ()Ljava/lang/Object; 5 37 org/apache/maven/model/ReportSet getId ()Ljava/lang/String; 5 54 org/apache/maven/model/ReportSet setId (Ljava/lang/String;)V 1 10 org/apache/maven/model/Model getModelVersion ()Ljava/lang/String; 1 32 org/apache/maven/model/Model getParent ()Lorg/apache/maven/model/Parent; 1 39 org/apache/maven/model/Model getGroupId ()Ljava/lang/String; 1 66 org/apache/maven/model/Model getArtifactId ()Ljava/lang/String; 1 93 org/apache/maven/model/Model getVersion ()Ljava/lang/String; 1 120 org/apache/maven/model/Model getPackaging ()Ljava/lang/String; 1 147 org/apache/maven/model/Model getName ()Ljava/lang/String; 1 170 org/apache/maven/model/Model setName (Ljava/lang/String;)V 1 174 org/apache/maven/model/Model getDescription ()Ljava/lang/String; 1 197 org/apache/maven/model/Model setDescription (Ljava/lang/String;)V 1 201 org/apache/maven/model/Model getUrl ()Ljava/lang/String; 1 224 org/apache/maven/model/Model setUrl (Ljava/lang/String;)V 1 228 org/apache/maven/model/Model getChildProjectUrlInheritAppendPath ()Ljava/lang/String; 1 255 org/apache/maven/model/Model getInceptionYear ()Ljava/lang/String; 1 283 org/apache/maven/model/Model getOrganization ()Lorg/apache/maven/model/Organization; 1 459 org/apache/maven/model/Model getPrerequisites ()Lorg/apache/maven/model/Prerequisites; 1 467 org/apache/maven/model/Model getScm ()Lorg/apache/maven/model/Scm; 1 475 org/apache/maven/model/Model getIssueManagement ()Lorg/apache/maven/model/IssueManagement; 1 483 org/apache/maven/model/Model getCiManagement ()Lorg/apache/maven/model/CiManagement; 1 491 org/apache/maven/model/Model getBuild ()Lorg/apache/maven/model/Build; 1 501 java/util/Collections$EmptyList iterator ()Ljava/util/Iterator; 2 0 java/util/Collections emptyIterator ()Ljava/util/Iterator; 1 510 java/util/Collections$EmptyIterator hasNext ()Z
